1,1,スピード,1,サイレンススズカSSR,1,【完凸評価】8.5/10点,【無凸評価】7.5/10点,【完凸評価】8.5/10点,【無凸評価】7.5/10点,Bランク,ランク,・逃げ用金スキル『逃亡者』を取得可能@@@・所持スキルが多く、逃げ用スキルに特化@@@・1凸でスキルPtボーナスを取得@@@・逃げウマ娘育成で汎用的に使える@@@・無凸でも得意率と友情ボーナスが高く、スピード練習性能が高い@@@,輝く景色の、その先に,Lv30~,やる気効果アップとヒント発生率アップ
2,1,スピード,2,トウカイテイオー(SSRサポート),1,【完凸評価】8.5/10点,【無凸評価】7.0/10点,【完凸評価】9.5/10点,【無凸評価】8.0/10点,Aランク,ランク,・マイル用金回復スキル『慧眼』を取得可能@@@・スキルは少なく、マイル/差し用回復スキル中心@@@・固有でスピード、1凸でパワーボーナスを取得@@@・高いヒントLv/発生率が優秀@@@・レース/ファンボーナス追加の3凸で評価up@@@・得意率がない点は注意@@@・マイル/差し育成で回復が欲しい時に,夢は掲げるものなのだっ！,Lv30~,友情ボーナスと初期スピードアップ
3,1,スピード,3,ゴールドシチー(SSRサポート),1,【完凸評価】8.0/10点,【無凸評価】6.5/10点,【完凸評価】8.5/10点,【無凸評価】7.5/10点,ランク,ランク,・マイル用金回復スキル『慧眼』を取得可能@@@・スキルは少なく、マイル/差し用回復スキル中心@@@・固有でスピード、1凸でパワーボーナスを取得@@@・高いヒントLv/発生率が優秀@@@・レース/ファンボーナス追加の3凸で評価up@@@・得意率がない点は注意@@@・マイル/差し育成で回復が欲しい時に,Run(my)way,Lv30~,スピードボーナスと初期スピードアップ
4,1,スピード,4,サクラバクシンオー(SSRスピード),1,【完凸評価】9.5/10点,【無凸評価】8.0/10点,【完凸評価】9.5/10点,【無凸評価】8.0/10点,ランク,ランク,・短距離用金スキル『スプリントターボ』を取得@@@・短距離用のスキルが多い@@@・レース/ファン数ボーナスが高い@@@・短距離ウマ娘育成で汎用的に使える@@@・スピードボナ追加の1凸、トレ効果up追加の3凸で評価up,はやい！うまい！はやい！,Lv30~,友情ボーナスと初期絆ゲージアップ
5,1,スピード,5,ニシノフラワー(SSRスピード),1,【完凸評価】8.0/10点,【無凸評価】6.5/10点,【完凸評価】8.5/10点,【無凸評価】7.5/10点,Bランク,ランク,・汎用金スキル『ハヤテ一文字』を取得可能@@@・イベントで『愛嬌◯』を取得可能@@@・初期絆ゲージが非常に高く、友情発生が早い@@@・無凸でも主要なサポート効果が揃う@@@・得意率が無く、スピードを重点的に伸ばすことは不向き,まだ小さな蕾でも,Lv30~,やる気効果アップと初期絆ゲージアップ
6,1,スピード,6,ビコーペガサス(SSR),1,【完凸評価】9.5/10点,【無凸評価】8.0/10点,【完凸評価】9.5/10点,【無凸評価】8.0/10点,Sランク,ランク,・短距離用金スキル『プランX』を取得可能@@@・短距離用のスキルが多い@@@・トレ効果アップが非常に高く、全ての練習で貢献@@@・レース/ファン数ボーナスが高い@@@・スキルは短距離用だが、汎用的に使えるスピード枠@@@・初期絆が急上昇する3凸で評価が大幅upる@@@・無凸でもトレーニング効果アップ10％が優秀,必殺！Wキャロットパンチ！,Lv30~,トレーニング効果アップと得意率アップ
7,1,スピード,7,スペシャルウィーク(イベント配布報酬),1,【完凸評価】8.0/10点,【無凸評価】6.5/10点,【完凸評価】9.0/10点,【無凸評価】7.5/10点,ランク,ランク,・期間限定イベントで入手@@@・先行用金回復スキル『食いしん坊』を取得可能@@@・雨の日◯と道悪◯持ち@@@・長距離/先行で『食いしん坊』が役立つ@@@・得意率を取得する3凸から評価が上がる@@@・友情ボーナスが高い@@@・初期絆が低く、友情発生は遅れがち,夕焼けはあこがれの色,Lv40~,トレーニング効果アップとレースボーナス
8,1,スピード,8,ツインターボ(SSRサポート),1,【完凸評価】9.0/10点,【無凸評価】8.0/10点,【完凸評価】9.5/10点,【無凸評価】8.0/10点,Sランク,ランク,・逃げ用金スキル『先手必勝』を取得可能@@@・序盤に発動する逃げ用のスキルが多い@@@・やる気効果アップが非常に高い@@@・好調以上での練習性能が高い@@@・トレ効果アップを取得する3凸から評価up@@@・『先手必勝』取得イベント完走は難しい@@@・逃げ育成なら最優先レベルで採用したい,ターボエンジン全開宣言！,Lv30~,やる気効果アップとレースボーナス
9,1,スピード,9,キタサンブラック(SSRサポート),1,【完凸評価】10.0/10点,【無凸評価】8.5/10点,【完凸評価】10.0/10点,【無凸評価】8.5/10点,S+ランク,ランク,・汎用金スキル『弧線のプロフェッサー』を取得可能@@@・汎用的なスキルを複数所持@@@・1凸でパワーボーナスを取得@@@・イベントで『練習上手◯』を取得可能@@@・やる気アップできるイベントが多い@@@・汎用的かつ非常に優秀なスピード枠@@@・得意率が急上昇する3凸から評価が大きくUP,迫る熱に押されて,Lv30~,トレーニング効果アップと得意率アップ
10,1,スピード,10,カワカミプリンセス(SSRサポート),1,【完凸評価】8.5/10点,【無凸評価】7.0/10点,【完凸評価】9.0/10点,【無凸評価】7.5/10点,Aランク,ランク,・汎用金スキル『注目の踊り子』を取得可能@@@・中距離/先行用のスキルが多い@@@・1凸でパワーボーナスを取得@@@・初期絆を取得する3凸で評価up@@@・サポ効果のバランスが良く、汎用的に使える,花嫁たるもの！！,Lv30~,スピードボーナスと初期スピードアップ
11,1,スピード,11,ゴールドシップ(イベント配布報酬),1,【完凸評価】7.5/10点,【無凸評価】6.5/10点,【完凸評価】8.0/10点,【無凸評価】6.0/10点,ランク,ランク,・イベントで完凸可能な限定SSR@@@・金スキルは逃げ以外だと発動がやや狙いづらい@@@・所持スキルは長距離/追込向け@@@・スキル数が多いため狙ったスキルは取りづらい@@@・練習性能はやや控えめ,ウマ王伝説・最強になった件,Lv40~,パワーボーナスとヒント発生率アップ
12,1,スピード,12,ナリタブライアン(ストーリー報酬),1,【完凸評価】7.5/10点,【無凸評価】6.5/10点,【完凸評価】7.0/10点,【無凸評価】5.0/10点,ランク,ランク,・ストーリー4章+サークルPt交換で入手@@@・中距離先行向けのスキル構成@@@・レアスキルは先行での発動が難しい@@@・トレーニングの上昇値は報酬系として高め@@@・スピードの所持状況次第では選択肢に,Two Pieces,Lv40~,スピードボーナスと初期スピードアップ
13,1,スピード,13,スイープトウショウ(SSRスピード),1,【完凸評価】8.0/10点,【無凸評価】6.5/10点,【完凸評価】8.5/10点,【無凸評価】7.5/10点,Bランク,ランク,・金スキルが安価なのでスキル数稼ぎに適する@@@・チャンミの条件次第で強力な直線一気を所持@@@・イベントで愛嬌◯を取得可能@@@・友情トレーニング時の効率が非常に高い@@@・ただし初期絆がなく友情成立までが遠い@@@・トレ効がないため他練習での性能も微妙,ツメたいヒトリジメ？,Lv30~,友情ボーナスとスピードボーナス
14,1,スピード,14,ゼンノロブロイ(SSRハロウィン),1,【完凸評価】9.0/10点,【無凸評価】8.0/10点,【完凸評価】9.0/10点,【無凸評価】8.0/10点,Bランク,ランク,・貴重な差し用の有用金回復スキル@@@・所持スキルは優秀な汎用スキルが揃う@@@・左/右回りを両方持ちチャンミ適性◯@@@・スピード上昇効率もかなり高め@@@・レースボーナスがない点は注意@@@・チャンミの差し育成などで活用可能@@@・無凸時点でスキル目的で採用可能な点も◯,魔力授かりし英雄,Lv30~,友情ボーナスとトレーニング効果アップ
15,1,スピード,15,マヤノトップガン(SSRサポート),1,【完凸評価】9.5/10点,【無凸評価】7.5/10点,【完凸評価】9.5/10点,【無凸評価】7.5/10点,Sランク,ランク,・逃げ用の有用な金回復を取得可能@@@・イベ取得の真っ向勝負もチャンミで強力@@@・所持スキルが優秀かつヒントLvUPもあり@@@・最大80と非常に高い成長率@@@・得意率が取れる3凸までは実用性低め@@@・完凸できるなら非常に優秀なスピード枠,フォーメーション：PARTY,Lv30~,パワーボーナスと初期絆ゲージアップ
16,1,スピード,16,サイレンススズカ(ストーリー報酬),1,【完凸評価】8.0/10点,【無凸評価】6.5/10点,【完凸評価】8.5/10点,【無凸評価】7.0/10点,ランク,ランク,"・無課金で完凸可能なSSR@@@・優秀な逃げ用スキルが揃う@@@・得意率は最大50と高め@@@・金スキルは中距離用の回復スキル@@@・練習効率は控えめでステ稼ぎには不向き@@@・サポカが揃っている層以外は逃げ育成で重宝
",まだ見ぬ景色を求めて,Lv40~,トレーニング効果アップとレースボーナス
17,1,スピード,17,マチカネフクキタル(SSRサポート),1,【完凸評価】9.0/10点,【無凸評価】7.0/10点,【完凸評価】8.5/10点,【無凸評価】6.5/10点,Aランク,ランク,・5種初期ステUPで全ステを大きく底上げ@@@・練習体力消費/失敗率ダウン持ち@@@・環境が整った上級者なら超高ステ育成が実現可能@@@・単純に高い評価点を目指すなら9.5点候補@@@・トレ効果を持たない無凸では評価が大幅ダウン@@@・アオハル杯以外では採用優先度が大きく下がる,袖振り合えば福となる♪,Lv30~,やる気効果アップと失敗率ダウン
18,1,スピード,18,トーセンジョーダン(ストーリー報酬),1,【完凸評価】8.0/10点,【無凸評価】6.0/10点,【完凸評価】8.0/10点,【無凸評価】6.0/10点,ランク,ランク,・金回復スキル「好転一息」を取得できる点が優秀@@@・練習効率は完凸SRよりやや低い程度@@@・得意率や初期ステUPなどを持ち扱いやすさは◯@@@・サポカが揃っていない層は汎用的に使えるスピ枠@@@・完SRがある層はスキル目的での運用がメインに,In my way,Lv40~,トレーニング効果アップとヒント発生率アップ
19,1,スピード,19,エイシンフラッシュ(SRサポート),1,【完凸評価】8.0/10点,【無凸評価】6.5/10点,【完凸評価】8.5/10点,【無凸評価】7.0/10点,ランク,ランク,・汎用的/差し用のスキルが多い@@@・回復/体力最大値/やる気upイベントが優秀@@@・主要なサポート効果が揃っている@@@・汎用的に使える優秀なスピード枠@@@・特に差し育成におすすめ,0500・定刻通り,Lv25~,やる気効果アップとレースボーナス
20,1,スピード,20,ナリタタイシン(SRサポート),1,【完凸評価】7.5/10点,【無凸評価】6.0/10点,【完凸評価】7.5/10点,【無凸評価】6.0/10点,ランク,ランク,・追込用のスキルに特化@@@・トレ効果アップは完凸で10％まで上昇@@@・スピード練習以外でも貢献できる@@@・得意率が低く、スピードを重点的に伸ばすのは不向き@@@・長距離/追込育成でスキル用におすすめ,波立つキモチ,Lv25~,やる気効果アップと得意率アップ
21,1,スピード,21,キングヘイロー(SRサポート),1,【完凸評価】8.0/10点,【無凸評価】7.0/10点,【完凸評価】8.0/10点,【無凸評価】7.0/10点,ランク,ランク,"・短距離/レース条件に依存したスキルが多い@@@・『末脚』と『コーナー回復○』を取得可能@@@・固有でスピード、完凸でパワーボーナス@@@・高いヒント/発生率でスキル数を増やせる@@@・得意率を取得する1凸から評価up@@@・練習効率が優秀なスピード枠@@@・レース/ファン数ボーナスがない
",一流プランニング,Lv25~,スピードボーナスと初期スピードアップ
22,1,スピード,22,スイープトウショウ(SRサポート),1,【完凸評価】8.0/10点,【無凸評価】7.0/10点,【完凸評価】8.5/10点,【無凸評価】7.5/10点,ランク,ランク,・追込用/妨害/特殊条件のスキルが多い@@@・イベントで『愛嬌◯』を取得可能@@@・無凸でも主要なサポート効果が揃う@@@・練習性能が優秀で汎用的に使えるスピ枠,見習い魔女と長い夜,Lv25~,トレーニング効果アップとヒント発生率アップ
23,1,スピード,23,シンコウウインディ(SRサポート),1,【完凸評価】8.0/10点,【無凸評価】6.5/10点,【完凸評価】8.5/10点,【無凸評価】7.5/10点,ランク,ランク,・マイル/先行用のスキル所持@@@・レースボーナス10％持ち@@@・完凸時の効率がかなり高く、ステ稼ぎに優秀@@@・最低でもトレ効果追加の1凸は欲しい,///WARNING GATE///,Lv25~,友情ボーナスと初期絆ゲージアップ
24,1,スピード,24,ウオッカ(SRサポート),1,【完凸評価】8.0/10点,【無凸評価】6.5/10点,【完凸評価】8.0/10点,【無凸評価】6.5/10点,ランク,ランク,・マイル中距離で使える汎用的なスピードカード@@@・効果値は高くないが必要なサポ効果が揃っている@@@・SRスピードでは数少ないパワーボーナスを完凸で持つ@@@・スピードとパワーを並行して上げたい場合におすすめ,うるさい監視役,Lv25~,トレーニング効果アップとヒント発生率アップ
25,2,スタミナ,25,ゴールドシップ(SSRサポート),2,【完凸評価】7.5/10点,【無凸評価】6.0/10点,【完凸評価】8.0/10点,【無凸評価】7.0/10点,ランク,ランク,・汎用金スキル『曲線のソムリエ』を取得可能@@@・所持スキルが多く、追込用スキルに特化@@@・高いヒントLv/発生率でスキルを習得しやすい@@@・スキル数を増やしたい追込育成で優秀@@@・得意率が無く、スタミナを重点的に伸ばすことには不向き,不沈艦の進撃,Lv30~,トレーニング効果アップと初期絆ゲージアップ
26,2,スタミナ,26,セイウンスカイ(SSRスタミナ),2,【完凸評価】8.0/10点,【無凸評価】6.5/10点,【完凸評価】9.0/10点,【無凸評価】8.0/10点,Bランク,ランク,・強力な逃げ用金スキル『脱出術』を取得@@@・汎用的な妨害スキルを複数所持@@@・無凸でも練習効率に関するサポート効果が揃っている@@@・得意率と友情ボーナスでスタ練習効率は高水準@@@・スタミナボナ追加の1凸、ヒントLv追加の3凸で評価up@@@・トレ効果アップが無く、スタ得意練習以外は△,待望の大謀,Lv30~,やる気効果アップと得意率アップ
27,2,スタミナ,27,タマモクロス(SSRサポート),2,【完凸評価】7.5/10点,【無凸評価】6.0/10点,【完凸評価】8.5/10点,【無凸評価】7.5/10点,ランク,ランク,・差し用金スキル『迅速果断』を取得可能@@@・中距離/差し用のスキルが多い@@@・得意率がなく、スタミナを特化育成は不向き@@@・トレ効果アップが高く、得意練習以外でも貢献@@@・差しウマ娘への妨害スキル取得目的でも,天をも切り裂くイナズマ娘！,Lv30~,トレーニング効果アップと初期スタミナアップ
28,2,スタミナ,28,スーパークリーク(SSRサポート),2,【完凸評価】9.0/10点,【無凸評価】8.0/10点,【完凸評価】9.5/10点,【無凸評価】8.5/10点,Sランク,ランク,・金回復スキル『円弧のマエストロ』が超優秀@@@・トレ効果アップが高く、どの練習でも貢献@@@・レース/ファン数ボーナスも高い@@@・汎用的に使える非常に優秀なスタミナ枠@@@・初期絆が急上昇する3凸で更に評価↑@@@・無凸でもトレ効果アップ10％が優秀,一粒の安らぎ,Lv30~,友情ボーナスと得意率アップ
29,2,スタミナ,29,ライスシャワー(SSRサポート),2,【完凸評価】8.5/10点,【無凸評価】7.0/10点,【完凸評価】8.0/10点,【無凸評価】7.0/10点,ランク,ランク,・ストーリー報酬とサークルPtで完凸可能@@@・長距離用金回復スキル『火事場のバ鹿力』を取得@@@・先行/対先行妨害スキルが多い,『幸せ』が舞う時,Lv40~,友情ボーナスとヒント発生率アップ
30,2,スタミナ,30,サトノダイヤモンド(SSRサポート),2,【完凸評価】8.5/10点,【無凸評価】7.0/10点,【完凸評価】8.5/10点,【無凸評価】7.0/10点,Bランク,ランク,"・金回復スキル『鋼の意志』を取得可能@@@・中距離/妨害スキルが多い@@@・晴れの日◯と良バ場◯を取得可能@@@・初期絆ゲージが高く、友情トレーニング発生が早い@@@・トレーニング効果アップを取得する3凸で評価が上がる@@@・サポート効果のバランスが良い
・金スキル『鋼の意志』は発動しづらい",その背中を越えて,Lv30~,やる気効果アップと初期絆ゲージアップ
31,2,スタミナ,31,サクラチヨノオー(SSRサポート),2,【完凸評価】8.0/10点,【無凸評価】6.5/10点,【完凸評価】9.0/10点,【無凸評価】7.5/10点,Bランク,ランク,・先行用金スキル『スピードスター』が優秀@@@・中距離/先行向けのスキルが多い@@@・イベントでバッドステが治るが狙いにくい@@@・レース/ファン数ボーナスを取得する3凸で評価up@@@・完凸時のレースボーナス合計15は破格@@@・完凸でやる気効果アップは60％まで上昇,今ぞ盛りのさくら花,Lv30~,トレーニング効果アップとレースボーナス
32,2,スタミナ,32,ミホノブルボン(BD特典),2,【完凸評価】8.0/10点,【無凸評価】6.5/10点,【完凸評価】9.0/10点,【無凸評価】7.5/10点,Bランク,ランク,・先行用金スキル『スピードスター』が優秀@@@・中距離/先行向けのスキルが多い@@@・イベントでバッドステが治るが狙いにくい@@@・レース/ファン数ボーナスを取得する3凸で評価up@@@・完凸時のレースボーナス合計15は破格@@@・完凸でやる気効果アップは60％まで上昇,今ぞ盛りのさくら花,Lv30~,トレーニング効果アップとレースボーナス
33,2,スタミナ,33,ウイニングチケット(SSRスタミナ),2,【完凸評価】7.5/10点,【無凸評価】6.0/10点,【完凸評価】8.5/10点,【無凸評価】7.5/10点,ランク,ランク,・有用な差し用スキルを複数所持・トレーニングの性能は控えめ@@@・金スキルは有効に働きづらい@@@・安価なのでスキル数稼ぎには有用@@@・トレーニング効率はやや控えめ@@@・得意率アップがないのもマイナス点,全力！タントラムッッ！,Lv30~,やる気効果アップとスタミナボーナス
34,2,スタミナ,34,サイレンススズカ(SSRスタミナ),2,【完凸評価】8.0/10点,【無凸評価】6.5/10点,【完凸評価】8.5/10点,【無凸評価】6.5/10点,ランク,ランク,・イベント入手可能な配布SSR@@@・値は抑えめだが必要な効果を一通り持つ@@@・コンセントレーションを確定で入手@@@・有用な逃げ用スキルを複数所持@@@・左回り◯が特定のレースで有効,WINNING DREAM,Lv40~,トレーニング効果アップと初期スタミナアップ
35,2,スタミナ,35,ナカヤマフェスタ(SSRサポート),2,【完凸評価】8.0/10点,【無凸評価】6.5/10点,【完凸評価】8.5/10点,【無凸評価】7.0/10点,Bランク,ランク,・金スキルはラストスパート時発動で優秀@@@・スタボナ取得の1凸、トレ効の3凸で評価UP@@@・トレーニング効率が高く、ステ稼ぎに貢献@@@・レースボーナスがない点には注意@@@・中距離育成のスタミナ枠として優秀@@@・ただアオハルの中距離はスタ枠を削る場合が多い,43、8、1,Lv30~,友情ボーナスと根性ボーナス
36,2,スタミナ,36,ナリタブライアン(SSRスタミナ),2,【完凸評価】8.0/10点,【無凸評価】6.5/10点,【完凸評価】8.5/10点,【無凸評価】7.0/10点,Bランク,ランク,・金スキルは汎用スキルのハヤテ一文字@@@・スキルは中/長距離、差し/先行用と幅広い@@@・特定のチャンミで役立つ右回り◯を持つ@@@・トレーニング効率はそこそこ@@@・1凸以上でスキルptボーナスあり,天嗤う鏑矢,Lv30~,トレーニング効果アップと得意率アップ
37,2,スタミナ,37,マンハッタンカフェ(SSRサポート),2,【完凸評価】8.5/10点,【無凸評価】7.0/10点,【完凸評価】9.0/10点,【無凸評価】7.5/10点,Aランク,ランク,・金スキルが長距離チャンミで優秀@@@・所持スキルも長距離向けの有用なスキル構成@@@・スタミナ練習効率もトップクラス@@@・レースボーナスも10あり@@@・凸できれば長距離チャンミの差し/追込に有用,独奏･螺旋追走曲,Lv30~,友情ボーナスとスタミナボーナス
38,2,スタミナ,38,メイショウドトウ(SSRサポート),2,【完凸評価】8.5/10点,【無凸評価】7.0/10点,【完凸評価】9.0/10点,【無凸評価】7.5/10点,Aランク,ランク,・金スキルが長距離チャンミで優秀@@@・所持スキルも長距離向けの有用なスキル構成@@@・スタミナ練習効率もトップクラス@@@・レースボーナスも10あり@@@・凸できれば長距離チャンミの差し/追込に有用,独奏･螺旋追走曲,Lv30~,友情ボーナスとスタミナボーナス
39,2,スタミナ,39,マヤノトップガン(SRサポート),2,【完凸評価】6.5/10点,【無凸評価】5.5/10点,【完凸評価】7.5/10点,【無凸評価】6.0/10点,ランク,ランク,・汎用的なスキルが多い@@@・イベントでスキルPtを取得しやすい@@@・完凸でスキルPtボーナスを取得@@@・サポ効果のバランスが良く、練習効率が高い@@@・初期絆が無く、友情発生は遅れがち,カワイイ＋カワイイは～？,Lv25~,友情ボーナスと得意率アップ
40,2,スタミナ,40,マンハッタンカフェ(SRサポート),2,【完凸評価】8.0/10点,【無凸評価】6.5/10点,【完凸評価】8.5/10点,【無凸評価】7.0/10点,-ランク,ランク,・長距離/差し用のスキルが多い@@@・雨の日◯と道悪◯持ち@@@・レース/ファン数ボーナスが高い@@@・ヒントLvとヒント発生率を取得する1凸から使いやすい@@@・長距離/差し追込の育成におすすめ,雨の独奏、私の独創,Lv25~,トレーニング効果アップと得意率アップ
41,2,スタミナ,41,ゼンノロブロイ(SRサポート),2,【完凸評価】8.0/10点,【無凸評価】6.5/10点,【完凸評価】8.5/10点,【無凸評価】7.0/10点,-ランク,ランク,・差し/先行用のスキルと汎用的なスキルが多い@@@・得意率を取得する1凸で評価が上がる@@@・ヒントLv/発生率が高く、スキルを習得しやすい@@@・練習性能とスキルが優秀で汎用的に使えるスタ枠@@@・レース/ファンボーナスが無く、出走の恩恵が少ない,おすすめ本、あります！,Lv25~,友情ボーナスと初期スタミナアップ
42,2,スタミナ,42,トーセンジョーダン(SRサポート),2,【完凸評価】7.5/10点,【無凸評価】6.0/10点,【完凸評価】8.0/10点,【無凸評価】6.5/10点,-ランク,ランク,・中距離,先行との相性〇@@@・練習性能はSRスタミナの中でも平均的@@@・イベントにやる気アップが多い@@@・連続イベントはどちらも失敗の可能性あり,nail on Turf,Lv25~,やる気効果アップとレースボーナス
43,3,パワー,43,ウオッカ(SSRサポート),3,【完凸評価】8.5/10点,【無凸評価】7.5/10点,【完凸評価】9.0/10点,【無凸評価】7.5/10点,Bランク,ランク,・汎用的な金回復スキル『好転一息』を取得@@@・所持スキルが多く、汎用的な速度上昇中心@@@・無凸でも練習効率に関するサポ効果が揃う@@@・得意率と友情ボナが非常に高く、パワー効率は随一@@@・トレ効果がなく、得意練習以外では恩恵が少ない@@@・パワーボナ追加の1凸、ヒントLv追加の3凸で評価up,ロード・オブ・ウオッカ,Lv30~,友情ボーナスと得意率アップ
44,3,パワー,44,エルコンドルパサー(SSRサポート),3,【完凸評価】8.5/10点,【無凸評価】7.0/10点,【完凸評価】8.5/10点,【無凸評価】7.5/10点,Bランク,ランク,・中距離用金スキル『キラーチューン』を取得可能@@@・中距離/先行に特化したスキルが多い@@@・レース/ファン数ボーナスが高い@@@・パワーボーナス追加の1凸、トレ効果追加の3凸で評価up@@@・主要なサポート効果が揃っている@@@・ファン数を稼ぎたい育成におすすめ,パッションチャンピオーナ！,Lv30~,友情ボーナスと得意率アップ
45,3,パワー,45,スマートファルコン(SSRサポート),3,【完凸評価】8.0/10点,【無凸評価】7.0/10点,【完凸評価】8.5/10点,【無凸評価】7.5/10点,-ランク,ランク,・汎用金スキル『注目の踊り子』を取得可能@@@・逃げ用のスキルが多い@@@・固有でパワー、1凸でスタミナボーナス追加@@@・レース/ファンボーナス追加の3凸で評価up,これが私のウマドル道☆,Lv30~,パワーボーナスと初期パワーアップ
46,3,パワー,46,オグリキャップ(SSRサポート),3,【完凸評価】8.0/10点,【無凸評価】7.0/10点,【完凸評価】8.5/10点,【無凸評価】7.5/10点,-ランク,ランク,・マイル用金スキル『豪脚』を取得可能 @@@・所持スキルが多く、汎用的な速度系が多い @@@・パワーボーナスを×2でパワーを稼げる] @@@・やる気効果アップが高い @@@・トレ効果アップを取得する3凸で評価がup @@@・金スキル『豪脚』は発動しづらい ,『愛してもらうんだぞ』,Lv30~,パワーボーナスと初期パワーアップ
47,3,パワー,47,ウイニングチケット(ストーリー報酬),3,【完凸評価】8.5/10点,【無凸評価】7.0/10点,【完凸評価】8.5/10点,【無凸評価】7.0/10点,-ランク,ランク,・ストーリー報酬とサークルPt交換で完凸可能@@@・金スキルは汎用的で強力な『全身全霊』@@@・初期絆が高く、友情トレ-ニング発生が早い@@@・イベントの体力減少は多い@@@・レース/ファン数ボーナスが無く、レース出走の恩恵が少ない@@@・汎用的に使えるパワー枠,夢はホントに叶うんだ！,Lv40~,友情ボーナスと初期絆ゲージアップ
48,3,パワー,48,ヤエノムテキ(SSRサポート),3,【完凸評価】8.0/10点,【無凸評価】7.5/10点,【完凸評価】9.5/10点,【無凸評価】8.5/10点,Aランク,ランク,・汎用金スキル『アガッてきた！』を取得可能@@@・所持スキルが多く、汎用的なスキルが揃う@@@・高いヒントLv/発生率でスキルを習得しやすい@@@・1凸でパワーボーナスを取得@@@・レース/ファン数ボーナス追加の3凸で評価up@@@・得意率が低く、練習性能は控えめ@@@・スキル数を増やしたい育成におすすめ,押して忍べど燃ゆるもの,Lv30~,トレーニング効果アップと得意率アップ
49,3,パワー,49,トウカイテイオー(BD特典),3,【完凸評価】6.0/10点,【無凸評価】5.0/10点,【完凸評価】7.0/10点,【無凸評価】6.0/10点,-ランク,ランク,・『ウマ箱2』第1コーナーの封入特典で完凸入手@@@・中距離/先行用のスキルが多い@@@・サポート効果は全体的に控えめ@@@・初期パワーが高く、育成序盤のレースが安定しやすい@@@・金スキル『火事場のバ鹿力』は扱いにくい,ふたつのノーブルライト,Lv30~,パワーボーナスと初期パワーアップ
50,3,パワー,50,バンブーメモリー(SSRサポート),3,【完凸評価】8.0/10点,【無凸評価】6.5/10点,【完凸評価】8.0/10点,【無凸評価】6.5/10点,-ランク,ランク,・金スキルは差し用の「昇り龍」@@@・マイル/差し用のスキルを所持@@@・得意率0なのでパワー特化には不向き@@@・スキル運用をするなら3凸がほしい@@@・トレ効果15だがやる気効果UPなし@@@・そのため得意外効率も特別高くはない,Head-on fight！,Lv30~,パワーボーナスと初期パワーアップ
51,3,パワー,51,キングヘイロー(SSRパワー),3,【完凸評価】8.5/10点,【無凸評価】7.0/10点,【完凸評価】8.5/10点,【無凸評価】7.0/10点,-ランク,ランク,・金スキルは短距離の差し/追込用@@@・所持スキルは短距離@@@・練習効率は良く、得意率も高い@@@・レースボーナスがない点が欠点,今宵、円舞曲にのせて,Lv30~,友情ボーナスと得意率アップ
52,3,パワー,52,ダイワスカーレット(イベント配布報酬),3,【完凸評価】7.5/10点,【無凸評価】6.0/10点,【完凸評価】8.5/10点,【無凸評価】7.0/10点,-ランク,ランク,・イベント報酬のSSRサポート@@@・先行用の金回復スキル持ち@@@・チャンミのスタミナ補助に活躍@@@・パワーボナ、初期パワー×2でパワーを稼ぎやすい,トライフル☆バケーション,Lv30~,トレーニング効果アップと初期パワーアップ
53,3,パワー,53,ライスシャワー(SSRパワー),3,【完凸評価】9.5/10点,【無凸評価】7.5/10点,【完凸評価】9.5/10点,【無凸評価】7.5/10点,Sランク,ランク,・金スキルは「円弧のマエストロ」@@@・パワーとスタミナの2種ボーナス持ち@@@・得意率が高く友情トレを行いやすい@@@・スタミナボーナスでスタミナ効率が高め,幸せは曲がり角の向こう,Lv30~,スタミナボーナスとトレーニング効果アップ
54,3,パワー,54,タマモクロス(SSRハロウィン),3,【完凸評価】8.5/10点,【無凸評価】7.0/10点,【完凸評価】8.5/10点,【無凸評価】7.0/10点,-ランク,ランク,・金スキルは差し用の速度upスキル@@@・所持スキルは中距離/差し用@@@・スタミナボーナスでスタミナを稼ぎやすい@@@・練習のパワー効率はそこまで高くない@@@・レースボーナス/初期絆などが高い点は評価,やったれハロウィンナイト！,Lv30~,友情ボーナスと初期絆ゲージアップ
55,3,パワー,55,ダイタクヘリオス(SSRサポート),3,【完凸評価】8.5/10点,【無凸評価】7.0/10点,【完凸評価】8.5/10点,【無凸評価】7.0/10点,Bランク,ランク,・金スキルは逃げで優秀な「脱出術」をLv3で獲得@@@・ランダムで失敗した場合は「急ぎ足」のヒントに@@@・トレーニングでの上昇値は中程度の性能@@@・初期絆ゲージのサポ効果を持たないのが難点,おどれ･さわげ･フェスれ！,Lv30~,パワーボーナスと初期絆ゲージアップ
56,3,パワー,56,マーベラスサンデー(SSRサポート),3,【完凸評価】7.5/10点,【無凸評価】6.0/10点,【完凸評価】8.0/10点,【無凸評価】6.0/10点,-ランク,ランク,・イベント限定で取得可能なSSRサポート@@@・トレーニング効率は控えめ@@@・イベ限定としては破格のレースボーナス15@@@・汎用かつ優秀な所持スキル@@@・金スキルは使い道が難しい@@@・レスボを稼ぎたい場合に有用,スノークリスタル・デイ,Lv40~,友情ボーナスとレースボーナス
57,3,パワー,57,アドマイヤベガ(SSRサポート),3,【完凸評価】9.0/10点,【無凸評価】7.0/10点,【完凸評価】9.0/10点,【無凸評価】7.0/10点,Aランク,ランク,・トレ効果UP20で練習問わずステを稼げる@@@・トレ効は無凸時から高めである程度使える@@@・追込用と妨害スキルの有用なスキル構成@@@・追込育成で使えるパワー枠,夜に暁、空に端星,Lv30~,トレーニング効果アップとヒント発生率アップ
58,3,パワー,58,ヒシアマゾン(SRサポート),3,【完凸評価】7.5/10点,【無凸評価】6.0/10点,【完凸評価】8.0/10点,【無凸評価】6.5/10点,-ランク,ランク,・追込/先行用のスキルに特化@@@・無凸でもレースボーナスが高い@@@・無凸でも主要サポート効果が揃う@@@・友情ボーナスが高く、パワー練習効率◯@@@・完凸でスタミナボーナスを取得@@@・追込育成のパワー枠として優秀@@@,テッペンに立て！,Lv25~,友情ボーナスとレースボーナス
59,3,パワー,59,アグネスデジタル(SRサポート),3,【完凸評価】6.5/10点,【無凸評価】5.0/10点,【完凸評価】6.5/10点,【無凸評価】6.0/10点,-ランク,ランク,・条件付きのスキルが多い@@@・雨の日◯と道悪◯持ち@@@・初期パワーが高く、育成序盤が安定しやすい@@@・得意率が無く、練習でパワーを伸ばすのは不向き,デジタル充電中＋,Lv25~,友情ボーナスと初期パワーアップ
60,3,パワー,60,ビワハヤヒデ(SRサポート),3,【完凸評価】7.0/10点,【無凸評価】6.0/10点,【完凸評価】7.5/10点,【無凸評価】6.0/10点,-ランク,ランク,・立ち回り強化やレース条件依存のスキル構成@@@・サポート効果の数が豊富@@@・無凸でもトレ効果アップが高い@@@・得意率を取得する1凸で評価up@@@・完凸でスタミナボーナスを取得@@@・長距離育成でパワー枠を採用するなら選択肢に,検証、開始,Lv25~,トレーニング効果アップとヒント発生率アップ
61,3,パワー,61,ミホノブルボン(SRサポート),3,【完凸評価】7.5/10点,【無凸評価】6.5/10点,【完凸評価】7.5/10点,【無凸評価】6.0/10点,-ランク,ランク,・逃げ用のスキルに特化@@@・友情ボーナスが高く、パワー練習効率が高い@@@・完凸でパワーボーナスを取得@@@・トレ効果アップが無く、パワー練習以外は△@@@・逃げ育成のパワー枠におすすめ,鍛えぬくトモ,Lv25~,友情ボーナスとヒント発生率アップ
62,3,パワー,62,メジロライアン(SRサポート),3,【完凸評価】6.5/10点,【無凸評価】6.0/10点,【完凸評価】6.5/10点,【無凸評価】6.0/10点,-ランク,ランク,・中距離/レース条件に依存したスキルが多い@@@・雨の日◯と道悪◯持ち@@@・完凸でスタミナボーナスを取得@@@・得意率がない点には注意,鍛えて、応えて！,Lv25~,やる気効果アップとレースボーナス
63,3,パワー,63,ダイタクヘリオス(SRサポート),3,【完凸評価】7.0/10点,【無凸評価】5.5/10点,【完凸評価】7.5/10点,【無凸評価】6.0/10点,-ランク,ランク,"・マイル/先行に特化したスキルが多い
・イベントで『注目株』を取得可能
・レース/ファン数ボーナスが高い
・ヒントLvを取得する1凸から評価が上がる
・完凸でパワーボーナス取得
・マイル育成のパワー枠として優秀",パリピ・ぱーりないと！,Lv25~,やる気効果アップと得意率アップ
64,3,パワー,64,ニシノフラワー(SRサポート),3,【完凸評価】7.5/10点,【無凸評価】6.0/10点,【完凸評価】8.0/10点,【無凸評価】6.5/10点,-ランク,ランク,・汎用的なスキルが多い@@@・イベントで『愛嬌◯』を取得可能@@@・サポート効果が豊富@@@・ヒントLv/発生率を取得する1凸で評価が上がる@@@・レース/ファン数ボーナスが非常に高い@@@・特にレースボーナスは全サポ中トップクラス,あなたにささげる,Lv25~,やる気効果アップとレースボーナス
65,3,パワー,65,ファインモーション(SRサポート),3,【完凸評価】7.5/10点,【無凸評価】6.0/10点,【完凸評価】7.5/10点,【無凸評価】6.0/10点,-ランク,ランク,・距離/脚質指定のない汎用スキル中心@@@・サポ効果が優秀で練習効率も高め@@@・スキルptボナでスキルptを稼ぎやすい@@@・秋ウマ娘/右回りが特定のレースで活躍@@@・スキルptボーナス追加の完凸で評価up,GRMAラーメン♪,Lv25~,パワーボーナスと初期絆ゲージアップ
66,3,パワー,66,イナリワン(SRサポート),3,【完凸評価】8.0/10点,【無凸評価】6.0/10点,【完凸評価】8.0/10点,【無凸評価】6.0/10点,-ランク,ランク,・貴重なダート用スキルを2種所持 @@@・レース条件別の緑スキルを複数獲得可 @@@・ヒントLv3と発生率あり @@@・得意率も60と高め @@@・SRパワー枠としては非常に優秀な性能 ,泥濘一笑、真っつぐに,Lv25~,友情ボーナスとスタミナボーナス
67,4,勝負根性,67,スペシャルウィーク(SSRサポート),4,【完凸評価】7.5/10点,【無凸評価】6.0/10点,【完凸評価】7.5/10点,【無凸評価】6.5/10点,-ランク,ランク,・汎用的で強力な金スキル『全身全霊』を取得可能@@@・雨の日◯と道悪◯持ち@@@・パワーボーナス追加の1凸で評価UP@@@・根性育成の選択肢に,日本一のステージを,Lv30~,根性ボーナスと初期根性アップ
68,4,勝負根性,68,グラスワンダー(SSRサポート),4,【完凸評価】7.0/10点,【無凸評価】5.5/10点,【完凸評価】7.0/10点,【無凸評価】5.5/10点,-ランク,ランク,・マイル用金スキル『豪脚』を取得可能@@@・マイル/差し用のスキルが多い@@@・初期絆ゲージが高く、友情発生が早い@@@・無凸でも得意率と友情ボナが高く、根性練習効率◯@@@・根性育成の選択肢に,千紫万紅にまぎれぬ一凛,Lv30~,やる気効果アップと初期絆ゲージアップ
69,4,勝負根性,69,アイネスフウジン(SSRサポート),4,【完凸評価】7.5/10点,【無凸評価】6.0/10点,【完凸評価】7.5/10点,【無凸評価】6.0/10点,-ランク,ランク,・逃げ用の金回復スキル『じゃじゃウマ娘』@@@・逃げ用のスキルが多い@@@・スピードボーナス取得の1凸で評価up@@@得意率が急上昇する3凸で更に評価up@@@・トレーニング効果が高い@@@・完凸なら高い得意率により根性育成で活躍,飛び出せ、キラメケ,Lv30~,トレーニング効果アップと初期根性アップ
70,4,勝負根性,70,ウイニングチケット(SSRサポート),4,【完凸評価】7.0/10点,【無凸評価】5.5/10点,【完凸評価】7.0/10点,【無凸評価】6.0/10点,-ランク,ランク,・差し用金スキル『乗り換え上手』を取得可能@@@・差し用のスキルが多い@@@・レース/ファン数ボーナスが高い@@@・ヒントLvを取得する3凸で評価up@@@・根性育成の選択肢に,B・N・Winner!!,Lv30~,友情ボーナスとヒント発生率アップ
71,4,勝負根性,71,ハルウララ(SSRサポート),4,【完凸評価】7.5/10点,【無凸評価】6/10点,【完凸評価】7.0/10点,【無凸評価】5.5/10点,-ランク,ランク,・フレンドPt交換で完凸可能@@@・金回復スキル『どこ吹く風』を取得可能@@@・ただし発動率に難あり@@@・スキルがないためヒントはステupになる@@@・無凸でトレ効果アップ10％が優秀、完凸で15％まで上昇@@@・初期絆が無く、友情発生は遅れがち@@@・根性育成におすすめ,うらら～な休日,Lv40~,友情ボーナスとレースボーナス
72,4,勝負根性,72,メジロパーマー(SSRサポート),4,【完凸評価】7.5/10点,【無凸評価】6.0/10点,【完凸評価】7.0/10点,【無凸評価】5.5/10点,-ランク,ランク,・長距離用金スキル『先陣の心得』を取得可能@@@・長距離/逃げ用のスキルが多い@@@・得意率と友情ボナで根性練習効率が高い@@@・1凸でパワーボーナスを取得@@@・ヒントLv/発生率を取得する3凸で評価up@@@・根性育成におすすめ@@@・金スキルは発動しづらい,バカと笑え,Lv30~,トレーニング効果アップと初期根性アップ
73,4,勝負根性,73,マチカネタンホイザ(イベント配布報酬),4,【完凸評価】7.0/10点,【無凸評価】5.5/10点,【完凸評価】6.5/10点,【無凸評価】5.0/10点,-ランク,ランク,・期間限定イベントで入手@@@・金回復スキル『どこ吹く風』を取得可能@@@・条件付きの回復スキルが多い@@@・やる気効果アップを取得する3凸で評価が上がる@@@・得意率が高く、根性育成におすすめ@@@・金スキル『どこ吹く風』は発動しづらい,Just keep going.,Lv40~,友情ボーナスと初期根性アップ
74,4,勝負根性,74,ヒシアケボノ(SSRサポート),4,【完凸評価】6.5/10点,【無凸評価】5.5/10点,【完凸評価】6.5/10点,【無凸評価】5,5/10点,-ランク,ランク,・短距離/逃げ/先行用のスキルが多い@@@・高いヒントLv＆発生率でスキルを取りやすい@@@・得意率が低く、根性育成には向いていない@@@・短距離育成のスキル用として,召しませふぁーすとBite！,Lv30~,やる気効果アップと得意率アップ
75,4,勝負根性,75,メジロライアン(SSRサポート),4,【完凸評価】7.0/10点,【無凸評価】6.0/10点,【完凸評価】6.5/10点,【無凸評価】5.5/10点,-ランク,ランク,・金スキルはやや扱いづらい@@@・根性/パワー/スキルptの3種ボーナス@@@・トレーニング効率はそこそこ@@@・根性SSRとしては貴重なレースボーナス10@@@・道悪◯と雨の日◯で特定のレース対策も,爽快！ウイニングショット！,Lv30~,パワーボーナスとスキルPtボーナス
76,4,勝負根性,76,ツインターボ(BD特典),4,【完凸評価】6.0/10点,【無凸評価】5.0/10点,【完凸評価】6.5/10点,【無凸評価】5.0/10点,-ランク,ランク,・アニメSeason2BD第3巻特典カード@@@・中距離逃げに対応したスキル構成@@@・レアスキル「キラーチューン」の獲得はランダム@@@・トレーニングでの性能も全体的に控えめ,集まってコンステレーション,Lv30~,根性ボーナスとレースボーナス
77,4,勝負根性,77,イクノディクタス(SSRサポート),4,【完凸評価】7.0/10点,【無凸評価】6.0/10点,【完凸評価】6.5/10点,【無凸評価】5.5/10点,-ランク,ランク,・スキル構成は中距離/差し用@@@・金スキルは取得ptが低い「大局観」@@@・レースボーナスは完凸時15％と優秀,心と足元は温かく,Lv30~,トレーニング効果アップとレースボーナス
78,4,勝負根性,78,ユキノビジン(イベント配布報酬),4,【完凸評価】6.5/10点,【無凸評価】5.0/10点,【完凸評価】7.0/10点,【無凸評価】5.5/10点,-ランク,ランク,・金スキルは汎用スキルの曲線のソムリエ@@@・雪の日/冬ウマ娘/中山レース場と緑スキルを複数持つ@@@・配布根性としては貴重なレースボーナス10@@@・得意率も50あり、配布としては悪くない練習性能,宵照らす奉納舞,Lv40~,友情ボーナスと初期絆ゲージアップ
79,4,勝負根性,79,サクラバクシンオー(SSR根性),4,【完凸評価】8.0/10点,【無凸評価】7.0/10点,【完凸評価】8.0/10点,【無凸評価】7.0/10点,-ランク,ランク,・絆ゲージを溜めるとで根性以外の練習効率がUP@@@・得意率アップがなく根性練習以外を踏みやすい@@@・優秀なスキル「地固め」をイベントで取得@@@・短距離用として優秀なスキル構成,爆速！最速！花あらし！,Lv30~,絆ゲージが80以上かつ得意トレーニングでない時、トレーニング効果アップ
80,4,勝負根性,80,エアグルーヴ(SRサポート),4,【完凸評価】7.5/10点,【無凸評価】6.0/10点,【完凸評価】6.5/10点,【無凸評価】5.5/10点,-ランク,dd,・汎用的/対追込妨害スキルが多い@@@・無凸でもレースボーナスが高い@@@・得意率を取得する1凸で評価が上がる@@@・根性育成やスキル用におすすめ,副会長の一刺し,Lv25~,やる気効果アップとレースボーナス
81,4,勝負根性,81,ユキノビジン(SRサポート),4,【完凸評価】6.0/10点,【無凸評価】5.0/10点,【完凸評価】6.0/10点,【無凸評価】5.5/10点,-ランク,ランク,・中距離/レース条件に依存したスキルが多い@@@・完凸でパワーボーナスを取得@@@・得意率を取得する1凸から評価up@@@・レース/ファン数ボーナスがない@@@・やる気アップするイベントが多い@@@・根性育成の選択肢に,シチーガール入門＃,Lv25~,根性ボーナスと初期根性アップ
82,4,勝負根性,82,メイショウドトウ(SRサポート),4,【完凸評価】6.5/10点,【無凸評価】5.0/10点,【完凸評価】6.5/10点,【無凸評価】5.0/10点,-ランク,ランク,・先行/レース条件に依存したスキルが多い@@@・イベントは体力回復が多い@@@・トレ効果アップが高く、根性練習以外にも貢献@@@・やる気ボーナスアップは所持していない@@@・初期絆を取得する1凸から評価up,幸せと背中合わせ,Lv25~,トレーニング効果アップとヒント発生率アップ
83,4,勝負根性,83,ナイスネイチャ(SRサポート),4,【完凸評価】6.0/10点,【無凸評価】5.0/10点,【完凸評価】6.0/10点,【無凸評価】5.0/10点,-ランク,ランク,・差し用/汎用的なスキルが多い@@@・高いヒントLvと発生率でスキルを習得しやすい@@@・得意率が無く、根性育成には不向き@@@・レース/ファン数ボーナスを取得する1凸から評価up,…ただの水滴ですって,Lv25~,やる気効果アップと初期根性アップ
84,4,勝負根性,84,シーキングザパール(SRサポート),4,【完凸評価】7.0/10点,【無凸評価】6.0/10点,【完凸評価】6.0/10点,【無凸評価】5.5/10点,-ランク,ランク,・短距離/マイル用の汎用的なスキルが多い@@@・初期絆ゲージが高く、友情発生までが早い@@@・ヒントLv/発生率を取得する1凸で評価up@@@・イベントのやる気up、体力回復が優秀@@@・無凸でも根性練習性能が高く、根性育成に◯@@@・トレ効果アップが無く、根性練習以外では恩恵が少ない,世界の真珠、その名は,Lv25~,友情ボーナスと初期絆ゲージアップ
85,4,勝負根性,85,シリウスシンボリ(SRサポート),4,【完凸評価】6.5/10点,【無凸評価】5.0/10点,【完凸評価】6.5/10点,【無凸評価】5.5/10点,-ランク,ランク,・完凸時の得意率が60と高い@@@・スピードボナ持ちでスピ効率は高め@@@・主に先行用のスキル構成@@@・道悪◯、一匹狼も取得可能@@@・ヒントLvと発生率はなし,一等星は揺らがない,Lv25~,トレーニング効果アップと初期スピードアップ
86,4,勝負根性,86,タマモクロス(SRサポート),4,【完凸評価】6.5/10点,【無凸評価】5.0/10点,【完凸評価】6.5/10点,【無凸評価】5.0/10点,-ランク,ランク,・完凸時のトレ効が15％と高い@@@・得意率も60とやや高め@@@・根性SRの中では悪くないトレ性能@@@・スキルは中距離/差し用中心,これがウチらのいか焼きや！,Lv25~,スキルPtボーナスと初期根性アップ
87,5,賢さ,87,ファインモーション(SSRサポート),5,【完凸評価】9.5/10点,【無凸評価】8.0/10点,【完凸評価】9.5/10点,【無凸評価】8.0/10点,Sランク,ランク,・先行用金スキル『スピードスター』を取得可能@@@・トレ効果アップが高く、得意練習以外でも貢献@@@・レース/ファン数ボーナスが高い@@@・イベントで『練習上手◯』を習得可能@@@・賢さ枠でトップクラスの練習性能@@@・無凸時点でトレ効果アップ10％と優秀,感謝は指先まで込めて,Lv30~,友情ボーナスと初期絆ゲージアップ
88,5,賢さ,88,エアシャカール(SSRサポート),5,【完凸評価】7.0/10点,【無凸評価】5.5/10点,【完凸評価】7.0/10点,【無凸評価】6.0/10点,Sランク,ランク,・中距離用金スキル『勝利への執念』を取得@@@・所持スキルは少なく、追込用スキル中心@@@・ヒント発生率とヒントLvは高い@@@・1凸でスキルPtボーナスを取得@@@・得意率がない@@@・現状活かせる場面が少ない,7センチの先へ,Lv30~,やる気効果アップと初期絆ゲージアップ
89,5,賢さ,90,メジロドーベル(SSRサポート),5,【完凸評価】7.5/10点,【無凸評価】6.5/10点,【完凸評価】8.0/10点,【無凸評価】7.0/10点,-ランク,ランク,・汎用金スキル『ノンストップガール』を取得可能@@@・やる気アップするイベントが多い@@@・やる気効果アップが高く、好調以上での練習性能が高い@@@・ファン数ボーナスが無く、ファン数稼ぎには不向き,ふるさと直送エール！,Lv30~,トレーニング効果アップとレースボーナス
90,5,賢さ,91,セイウンスカイ(SSR賢さ),5,【完凸評価】9.0/10点,【無凸評価】7.0/10点,【完凸評価】8.5/10点,【無凸評価】7.0/10点,Bランク,ランク,・非常に貴重なスピードボーナス2個持ち@@@・賢さ枠のスピード盛り要員として活躍@@@・金スキルは使いづらく、スキル要員としては微妙@@@・得意率が低く、レースボーナスがない点もマイナス要素@@@・スピードボーナス追加の1凸で評価UP,明日は全国的に赤でしょう♪,Lv30~,スピードボーナスと初期賢さアップ
91,5,賢さ,92,ビワハヤヒデ(BD特典),5,【完凸評価】6.5/10点,【無凸評価】5.5/10点,【完凸評価】7.0/10点,【無凸評価】6.0/10点,-ランク,ランク,・『ウマ箱2』第4コーナーの封入特典で完凸入手@@@・長距離に対応したスキル構成@@@・回復スキル『コーナー回復◯』の獲得はランダム@@@・長距離用の回復金スキル『クールダウン』を取得可能@@@・賢さボーナスを持つが、賢さ友情回復量が少なく、性能も全体的に控えめ,響き合うストレイン,Lv30~,賢さボーナスと初期絆ゲージアップ
92,5,賢さ,93,ナイスネイチャ(SSRサポート),5,【完凸評価】9.5/10点,【無凸評価】7.5/10点,【完凸評価】9.5/10点,【無凸評価】7.5/10点,Sランク,ランク,・金スキルはチャンミ等で優秀な加速スキル@@@・3種の妨害スキルを持つ点も◯@@@・練習効率は賢さ枠の中でもかなり高い@@@・レースボーナスも15と非常に高い@@@・差し育成の賢さ枠として非常に強力な性能@@@・差し以外でもステ目的で起用可能,願いまでは拭わない,Lv30~,賢さボーナスとレースボーナス
93,5,賢さ,94,ミホノブルボン(イベント配布報酬),5,【完凸評価】8.5/10点,【無凸評価】6.5/10点,【完凸評価】8.5/10点,【無凸評価】6.5/10点,-ランク,ランク,【完凸評価】8.5/10点@@@【無凸評価】6.5/10点@@@【完凸評価】8.5/10点@@@【無凸評価】6.5/10点@@@-ランク,幽霊さんとハロウィンの魔法,Lv40~,トレーニング効果アップと初期スピードアップ
94,5,賢さ,95,カレンチャン(SSRサポート),5,【完凸評価】9.0/10点,【無凸評価】7.0/10点,【完凸評価】9.0/10点,【無凸評価】7.0/10点,Aランク,ランク,・金スキル(短距離用)が安価なので競技場で有用@@@・練習効率はそこそこで、得意率が非常に高い@@@・レースボーナスが固有込みで10ある点も◯@@@・賢さボナの1凸、レスボ10になる3凸で評価up@@@・競技場/短距離育成で優秀な一枚,かなし君、うつくし君,Lv30~,やる気効果アップとレースボーナス
95,5,賢さ,96,ナリタタイシン(SSRサポート),5,【完凸評価】9.0/10点,【無凸評価】7.5/10点,【完凸評価】9.0/10点,【無凸評価】7.5/10点,Aランク,ランク,・トレーニング効率はそこそこ@@@・スピードをやや稼ぎやすい@@@・追込用のスキル構成@@@・有用な金回復スキルを所持@@@・タイシン以外の追込育成には有用,いじっぱりのマルクト,Lv30~,スピードボーナスと得意率アップ
96,5,賢さ,97,ニシノフラワー(SSR賢さ),5,【完凸評価】8.5/10点,【無凸評価】6.5/10点,【完凸評価】8.5/10点,【無凸評価】6.5/10点,Bランク,ランク,・絆ゲージMAX後の友情トレはやや高効率@@@・得意率、初期絆が高く扱いやすさは◯@@@・金スキルはコース条件に依存する@@@・所持スキルは通常版と同じく有用@@@・レースボーナスを持たないのがマイナス点,小さなカップに想いをこめて,Lv30~,絆ゲージが100以上の時、賢さボーナス
97,5,賢さ,98,フジキセキ(SRサポート),5,【完凸評価】7.0/10点,【無凸評価】5.5/10点,【完凸評価】6.5/10点,【無凸評価】6.0/10点,-ランク,ランク,・マイル/先行用のスキルが多い@@@・レース/ファン数ボーナスが最大になる3凸で評価up@@@・完凸で賢さボーナスを取得@@@・イベントでスキルPtを取得しやすい,やれやれ、お帰り,Lv25~,スキルPtボーナスと初期賢さアップ
98,5,賢さ,99,ダイワスカーレット(SRサポート),5,【完凸評価】7.5/10点,【無凸評価】6.0/10点,【完凸評価】8.0/10点,【無凸評価】6.5/10点,-ランク,ランク,・中距離/先行用のスキルが多い@@@・初期絆ゲージが高く、友情成立が早い@@@・サポート効果の数が豊富@@@・無凸でも主要サポート効果が揃っている@@@・得意率と友情ボーナスで賢さ練習効率◯@@@・トレ効果アップが無く、賢さ練習以外では恩恵が少ない,努力は裏切らない！,Lv25~,やる気効果アップと初期絆ゲージアップ
99,5,賢さ,100,アグネスタキオン(SRサポート),5,【完凸評価】8.0/10点,【無凸評価】6.5/10点,【完凸評価】7.5/10点,【無凸評価】6.0/10点,-ランク,ランク,・中距離/差し用のスキルが多い@@@・サポート効果の数が豊富@@@・レース/ファン数ボーナスが高い@@@・中距離差し育成の賢さ枠におすすめ,生体Aに関する実験的研究,Lv25~,スキルPtボーナスとヒント発生率アップ
100,5,賢さ,101,マーベラスサンデー(SRサポート),5,【完凸評価】8.0/10点,【無凸評価】6.5/10点,【完凸評価】8.5/10点,【無凸評価】7.5/10点,-ランク,ランク,・汎用的なスキルが多い@@@・逃げと先行への速度妨害スキル持ち@@@・レース/ファン数ボーナスが高く、レース出走の恩恵が大きい@@@・サポート効果が豊富で主要なものが揃う@@@・ヒントLv/発生率追加の1凸から評価up@@@・汎用的に使える優秀な賢さ枠,マーベラス☆大作戦,Lv25~,やる気効果アップと初期賢さアップ
101,5,賢さ,102,マチカネフクキタル(SRサポート),5,【完凸評価】8.0/10点,【無凸評価】6.5/10点,【完凸評価】8.0/10点,【無凸評価】6.5/10点,-ランク,ランク,・差し用のスキルが多い@@@・イベントでスキルPtを取得しやすい@@@・無凸でもヒントLv2/ヒント発生率30％でスキル用に優秀@@@・完凸でやる気効果アップが50％まで上昇@@@・レース/ファン数ボーナスがない@@@・差し育成でスキル用におすすめ,運の行方,Lv25~,友情ボーナスと初期絆ゲージアップ
102,5,賢さ,103,メジロドーベル(SRサポート),5,【完凸評価】7.5/10点,【無凸評価】6.0/10点,【完凸評価】8.0/10点,【無凸評価】6.5/10点,-ランク,ランク,・中距離/差し用のスキルが多い@@@・トレ効果アップが高く、賢さ練習以外にも貢献@@@・得意率が無く、賢さを重点的に伸ばすのは不向き@@@・無凸でもヒントLv/ヒント発生率がありスキル用に優秀@@@・賢さはある程度確保で良いという場合におすすめ,目線は気にせず,Lv25~,トレーニング効果アップと初期賢さアップ
103,5,賢さ,104,イクノディクタス(SRサポート),5,【完凸評価】6.5/10点,【無凸評価】5.0/10点,【完凸評価】6.5/10点,【無凸評価】6.0/10点,-ランク,ランク,・差し用/妨害スキルが多い@@@・固有で賢さボーナス、完凸でスキルPtボーナスを取得@@@・サポート効果のバランスが良い,準備運動は怠るべからず,Lv25~,賢さボーナスと得意率アップ
104,5,賢さ,105,ナイスネイチャ(イベント配布報酬),5,【完凸評価】7.5/10点,【無凸評価】6.0/10点,【完凸評価】7.5/10点,【無凸評価】6.0/10点,-ランク,ランク,ない,むじゃむじゃむじゃき,Lv35~,トレーニング効果アップと初期賢さアップ
105,5,賢さ,106,メジロアルダン(SRサポート),5,【完凸評価】8.0/10点,【無凸評価】6.5/10点,【完凸評価】8.0/10点,【無凸評価】6.5/10点,-ランク,ランク,・先行用の有用なスキル構成@@@・トレーニング性能はそこそこ@@@・左回り◯なので特定のレース対策になる@@@・レースボーナスがない点に注意,その心に吹きすさぶ,Lv25~,やる気効果アップとヒント発生率アップ
106,6,友人,107,駿川たづな(SSRサポート),6,【完凸評価】9.5/10点,【無凸評価】8.5/10点,【完凸評価】9.5/10点,【無凸評価】8.5/10点,Sランク,ランク,・汎用金スキル『コンセントレーション』を取得@@@・2/4回目のお出かけでバッドステを解除@@@・トレ効果アップが最大になる2凸が重要@@@・失敗率軽減とやる気upイベで安定しやすい@@@・体力消費軽減効果で上振れを狙える@@@・汎用性が非常に高く、ほとんどの育成に使える,ようこそ、トレセン学園へ！,Lv30~,失敗率ダウンと体力消費ダウン
107,6,友人,108,樫本理子(理事長代理SSR),6,【完凸評価】9.5/10点,【無凸評価】8.0/10点,【完凸評価】9.0/10点,【無凸評価】8.0/10点,Sランク,ランク,・金スキルは「一陣の風」@@@・イベントで回復+やる気UPが可能@@@・レースボーナス10%持ち@@@・失敗率＋体力消費軽減はたづなより低い@@@・イベントでバッドステータスは治せない,徹底管理主義,Lv30~,失敗率ダウンと体力消費ダウン
108,6,友人,109,安心沢刺々美(SSRサポート)の評価,6,【完凸評価】8.0/10点,【無凸評価】6.5/10点,【完凸評価】8.0/10点,【無凸評価】6.5/10点,ランク,ランク,・編成であんし～んイベの発生率UP@@@・金スキルは失敗時のデメリットが大きい@@@・運次第で切れ者などの恩恵を得られる@@@・バッドステータスがつくイベントも@@@・全体的に運要素が大きいサポカ,ブスッといっとく？,Lv30~,あんし～んなイベントが発生しやすくなる
109,6,友人,110,桐生院葵(SRサポート),6,【完凸評価】7.0/10点,【無凸評価】6.0/10点,【完凸評価】8.0/10点,【無凸評価】7.0/10点,ランク,ランク,・妨害スキルを複数取得可能@@@・お出かけでスキルPtを大量に獲得@@@・失敗率軽減効果とやる気アップイベントで安定しやすい@@@・体力消費軽減効果で上振れを狙える@@@・汎用性が高く、様々な育成に使える@@@・完凸でトレーニング効果アップ5％を取得,共に同じ道を！,Lv25~,失敗率ダウンと体力消費ダウン
110,6,友人,111,樫本理子(理事長代理R),6,【完凸評価】6.0/10点,【無凸評価】4.5/10点,【完凸評価】6.0/10点,【無凸評価】4.5/10点,-ランク,ランク,・アオハルなら同凸SR桐生院より優先@@@・完凸で一部性能がSSR1凸を超える@@@・イベントが強くSSRに近い運用が可能@@@・スタミナを大きく上昇させられる@@@・アオハルのシナリオリンク持ち,ない,ない,ない
