id,skillMasterId,type,typeName,type2,skillName,skillContents,skillType,raceEvaluation,champEvaluation,possetionSupportCards,possetionsCharactors
1,1,1,スキル一覧,S,差しのコツ◯,良い位置に少しつきやすくなる,差し,S,S,スペシャルウィークSSR［日本一のステージを］ スペシャルウィークSSR［夕焼けはあこがれの色］ ゼンノロブロイSSR［魔力授かりし英雄］ メジロドーベルSSR［おもい、ねがう］ アグネスタキオンSR［生体Aに関する実験的研究］ ゼンノロブロイSR［おすすめ本、あります！］ メジロドーベルSR［目線は気にせず］ ,新衣装グラスワンダー 新ゴールドシチー
2,2,1,スキル一覧,S,逃げのコツ◯,良い位置に少しつきやすくなる,逃げ,S,S,サイレンススズカSSR［輝く景色の、その先に］ サイレンススズカSSR［WINNINGDREAM］ サイレンススズカSSR［まだ見ぬ景色を求めて］ スマートファルコンSSR［これが私のウマドル道☆］ メジロパーマーSSR［バカと笑え］ ,スマートファルコン セイウンスカイ バレンタインミホノブルボン
3,3,1,スキル一覧,S,先行のコツ◯,良い位置に少しつきやすくなる,先行,S,S,サクラチヨノオーSSR［今ぞ盛りのさくら花］ ゼンノロブロイSSR［魔力授かりし英雄］ メジロライアンSSR［爽快！ウイニングショット！］ ゼンノロブロイSR［おすすめ本、あります！］ ヒシアマゾンSR［テッペンに立て！］ メジロアルダンSR［その心に吹きすさぶ］ ,花嫁エアグルーヴ サクラチヨノオー タイキシャトル サンタビワハヤヒデ
4,4,1,スキル一覧,S,追込のコツ◯,良い位置に少しつきやすくなる,追込,S,S,ゴールドシップSSR［不沈艦の進撃］ ゴールドシップSSR［ウマ王伝説・最強になった件］ ヒシアマゾンSR［テッペンに立て！］,なし
5,5,1,スキル一覧,S,集中力,スタートが得意になり出遅れる時間がわずかに少なくなる,,A,A,オグリキャップSSR［愛してもらうんだぞ］ キタサンブラックSSR［迫る熱に押されて］ サイレンススズカSSR［輝く景色の、その先に］ サイレンススズカSSR［WINNINGDREAM］ サイレンススズカSSR［まだ見ぬ景色を求めて］ スマートファルコンSSR［これが私のウマドル道☆］ ミホノブルボンSSR［祝福はフーガ］ ミホノブルボンSSR［幽霊さんとハロウィンの魔法］ 駿川たづなSSR［ようこそ、トレセン学園へ！］ マヤノトップガンSR［カワイイ＋カワイイは～？］ ,ミホノブルボンSR［鍛えぬくトモ］ エイシンフラッシュ サイレンススズカ 花嫁マヤノトップガン マルゼンスキー バレンタインミホノブルボン
6,6,1,スキル一覧,S,集中力,スタートが得意になり出遅れる時間が少なくなる,,S,S,サイレンススズカSSR［WINNINGDREAM］ 駿川たづなSSR［ようこそ、トレセン学園へ！］ ,サイレンススズカ バレンタインミホノブルボン
7,7,1,スキル一覧,S,レースプランナー,レース中盤で疲れにくくなる,先行,S,S,ダイワスカーレットSSR［トライフル☆バケーション］ ,アグネスタキオン ダイワスカーレット 新衣装トウカイテイオー トーセンジョーダン フジキセキ メジロアルダン
8,8,1,スキル一覧,S,食いしん坊,レース中盤に持久力が回復する,先行,S,S,スペシャルウィークSSR［夕焼けはあこがれの色］ ,オグリキャップ クリスマスオグリ スペシャルウィーク ヒシアケボノ
9,9,1,スキル一覧,S,コーナー回復◯,無駄のないコーナリングで持久力がわずかに回復する,,A,S,キタサンブラックSSR［迫る熱に押されて］ キングヘイローSSR［今宵、円舞曲にのせて］ スーパークリークSSR［一粒の安らぎ］ スマートファルコンSSR［これが私のウマドル道☆］ ,ビワハヤヒデSSR［響き合うストレイン］ キングヘイローSR［一流プランニング］ ミホノブルボンSR［鍛えぬくトモ］ スーパークリーク 正月テイエムオペラオー 新衣装トウカイテイオー 花嫁マヤノトップガン 水着マルゼンスキー ハロウィンライスシャワー
10,10,1,スキル一覧,S,円弧のマエストロ,無駄のないコーナリングで持久力が回復する,,S,S,スーパークリークSSR［一粒の安らぎ］ ライスシャワーSSR［幸せは曲がり角の向こう］, スーパークリーク 正月テイエムオペラオー 花嫁マヤノトップガン
11,11,1,スキル一覧,S,眠れる獅子,レース中盤に脚を溜めて疲れにくくなる,追込,S,S,ナリタタイシンSSR［いじっぱりのマルクト］ ,ナリタタイシン
12,12,1,スキル一覧,S,弧線のプロフェッサー,コーナーが得意になり速度が上がる,,S,A,キタサンブラックSSR［迫る熱に押されて］ ,シンボリルドルフ ハロウィンスーパークリーク
13,13,1,スキル一覧,S,全身全霊,ラストスパートで速度が上がる,,S,S,ウイニングチケットSSR［夢はホントに叶うんだ！］ スペシャルウィークSSR［日本一のステージを］ ,エイシンフラッシュ スペシャルウィーク ナリタブライアン サンタビワハヤヒデ
14,14,1,スキル一覧,S,脱出術,レース中盤で前に行きやすくなる,逃げ,S,S,セイウンスカイSSR［待望の大謀］ ダイタクヘリオスSSR［おどれ・さわげ・フェスれ！］ ,セイウンスカイ バレンタインミホノブルボン
15,15,1,スキル一覧,S,アガッてきた！,レース中盤に追い抜くと速度が上がる,,S,S,ヤエノムテキSSR［押して忍べど燃ゆるもの］ 水着スペシャルウィーク,
16,16,1,スキル一覧,S,スピードスター,最終コーナーで抜け出しやすくなる,先行,S,S,サクラチヨノオーSSR［今ぞ盛りのさくら花］ ファインモーションSSR［感謝は指先まで込めて］ ,サクラチヨノオー テイエムオペラオー ファインモーション メイショウドトウ
17,17,1,スキル一覧,S,直線一気,ラストスパートの直線で加速力がわずかに上がる,追込,A,S,ゴールドシップSSR［不沈艦の進撃］ ゴールドシップSSR［ウマ王伝説・最強になった件］ スイープトウショウSSR［ツメたいヒトリジメ？］ ヒシアマゾンSR［テッペンに立て！］ ,タマモクロス ナリタタイシン
18,18,1,スキル一覧,S,迫る影,ラストスパートの直線で加速力が上がる,追込,S,S,なし,ナリタタイシン
19,19,1,スキル一覧,S,乗り換え上手,レース終盤で加速力が上がる,差し,S,S,ウイニングチケットSSR［B・N・Winner！！］ ナイスネイチャSSR［願いまでは拭わない］ ,グラスワンダー ゴールドシチー トーセンジョーダン
20,20,1,スキル一覧,S,地固め,レース序盤にスキルを多く発動すると加速力がわずかに上がる,,A,S,オグリキャップSSR［愛してもらうんだぞ］ ゴールドシップSSR［不沈艦の進撃］ ゴールドシップSSR［ウマ王伝説・最強になった件］ エアグルーヴSR［副会長の一刺し］ サクラバクシンオーSSR［爆速！最速！花あらし！］ ,バレンタインミホノブルボン
21,21,1,スキル一覧,S,レーンの魔術師,レース終盤にコース取りがうまくなる,,S,S,なし,エアグルーヴ エイシンフラッシュ
22,22,1,スキル一覧,S,初嵐,秋のレースが得意になりスピードとパワーが上昇する新シンボリルドルフ,,B,S,なし,シンボリルドルフ
23,23,1,スキル一覧,S,真っ向勝負,レース終盤に前方にいると加速力がわずかに上がる,先行,A,S,マヤノトップガンSSR［フォーメーション：PARTY］,なし
24,24,1,スキル一覧,S,尻尾の滝登り,レース中盤にスキルを多く発動すると速度が上がる,,S,S,なし,タマモクロス
25,25,1,スキル一覧,A,良バ場◯,「良」のバ場状態が少し得意になる,,S,A,ウイニングチケットSSR［B・N・Winner！！］ ウイニングチケットSSR［夢はホントに叶うんだ！］ ウイニングチケットSSR［全力！タントラムッッ！］ キングヘイローSSR［今宵、円舞曲にのせて］ サトノダイヤモンドSSR［その背中を超えて］ スーパークリークSSR［一粒の安らぎ］ ニシノフラワーSSR［まだ小さな蕾でも］ メイショウドトウSSR［飛びも出でぬべき心地すれ］ ライスシャワーSSR［幸せが舞う時］ ライスシャワーSSR［幸せは曲がり角の向こう］ キングヘイローSR［一流プランニング］ シーキングザパールSR［世界の真珠、その名は］ ニシノフラワーSR［あなたにささげる］ メイショウドトウSR［幸せと背中合わせ］ ニシノフラワーSSR［小さなカップに想いを込めて］ ,ウイニングチケット
26,26,1,スキル一覧,A,一匹狼,自分だけが一匹狼の心を持つレースで少し能力が上がる,,B,A,ナリタタイシンSSR［いじっぱりのマルクト］ ナリタブライアンSSR［TwoPieces］ ナリタブライアンSSR［天嗤う鏑矢］ メジロパーマーSSR［バカと笑え］ 樫本理子SSR［徹底管理主義］ シリウスシンボリSR［一等星は揺るがない］ スイープトウショウSR［見習い魔女と長い夜］ ナリタタイシンSR［波立つキモチ］ ,ナリタタイシン ナリタブライアン
27,27,1,スキル一覧,A,晴れの日◯,晴れの日のレースが少し得意になる,,S,A,エルコンドルパサーSSR［パッションチャンピオーナ！］ サトノダイヤモンドSSR［その背中を超えて］ ヒシアケボノSSR［召しませふぁーすとBite！］ メジロドーベルSSR［おもい、ねがう］ メジロドーベルSR［目線は気にせず］ ,水着スペシャルウィーク ヒシアケボノ
28,28,1,スキル一覧,A,好位追走,レース中盤でわずかに疲れにくくなる,先行,A,A,カワカミプリンセスSSR［花嫁たるもの！！］ ダイワスカーレットSSR［トライフル☆バケーション］ ナリタブライアンSSR［TwoPieces］ ナリタブライアンSSR［天嗤う鏑矢］ ダイワスカーレットSR［努力は裏切らない！］ メジロアルダンSR［その心に吹きすさぶ］ ,アグネスタキオン シンボリルドルフ ダイワスカーレット タマモクロス 新衣装トウカイテイオー トーセンジョーダン ナリタブライアン サンタビワハヤヒデ フジキセキ メジロアルダン
29,29,1,スキル一覧,A,後方待機,レース中盤に脚を溜めてわずかに疲れにくくなる,追込,A,A,ゴールドシップSSR［不沈艦の進撃］ ゴールドシップSSR［ウマ王伝説・最強になった件］ ナリタタイシンSSR［いじっぱりのマルクト］ ナリタタイシンSR［波立つキモチ］, ゴールドシップ ナリタタイシン
30,30,1,スキル一覧,A,栄養補給,レース中盤に持久力がわずかに回復する,先行,A,A,オグリキャップSSR［愛してもらうんだぞ］ サイレンススズカSSR［WINNINGDREAM］ スペシャルウィークSSR［日本一のステージを］ スペシャルウィークSSR［夕焼けはあこがれの色］ ナリタブライアンSSR［TwoPieces］ ナリタブライアンSSR［天嗤う鏑矢］ ヒシアケボノSSR［召しませふぁーすとBite！］ ,オグリキャップ クリスマスオグリ ハロウィンスーパークリーク スペシャルウィーク ヒシアケボノ メジロマックイーン ライスシャワー
31,31,1,スキル一覧,A,直線回復,直線で持久力がわずかに回復する,,A,A,ウオッカSSR［ロード・オブ・ウオッカ］ キタサンブラックSSR［迫る熱に押されて］ マヤノトップガンSSR［フォーメーション：PARTY］ ウオッカSR［うるさい監視役］ マヤノトップガンSR［カワイイ＋カワイイは～？］ トーセンジョーダンSSR［Inmyway］ ,ウオッカ マヤノトップガン
32,32,1,スキル一覧,A,好転一息,直線で持久力が回復する,,S,A,ウオッカSSR［ロード・オブ・ウオッカ］ トーセンジョーダンSSR［Inmyway］ ,ウオッカ マヤノトップガン
33,33,1,スキル一覧,A,クールダウン,直線に入ると息を入れて疲れにくくなる,長距離,A,A,ビワハヤヒデSSR［響き合うストレイン］ メジロマックイーンSSR［エースとして］ ,新衣装グラスワンダー ビワハヤヒデ 新衣装メジロマックイーン ライスシャワー
34,34,1,スキル一覧,A,末脚,ラストスパートで速度がわずかに上がる,,A,A,ウオッカSSR［ロード・オブ・ウオッカ］ オグリキャップSSR［愛してもらうんだぞ］ キングヘイローSSR［今宵、円舞曲にのせて］ グラスワンダーSSR［千紫万紅にまぎれぬ一凛］ スーパークリークSSR［一粒の安らぎ］ スペシャルウィークSSR［日本一のステージを］ スペシャルウィークSSR［夕焼けはあこがれの色］ バンブーメモリーSSR［Head-onfight！］ ヤエノムテキSSR［押して忍べど燃ゆるもの］ ウオッカSR［うるさい監視役］ エイシンフラッシュSR［0500・定刻通り］ キングヘイローSR［一流プランニング］ エ,イシンフラッシュ 新衣装エルコンドルパサー グラスワンダー スペシャルウィーク ナリタブライアン サンタビワハヤヒデ
35,35,1,スキル一覧,A,怒涛の追い上げ,レース終盤で追い抜くと速度が上がる,長距離,A,A,なし,フルアーマー・フクキタル
36,36,1,スキル一覧,A,マイルの支配者,レース序盤に先頭だと差を広げやすくなる,マイル,B,A,なし,タイキシャトル 水着マルゼンスキー
37,37,1,スキル一覧,A,急ぎ足,レース中盤でわずかに前に行きやすくなる,逃げ,A,A,アイネスフウジンSSR［飛び出せ、キラメケ］ サイレンススズカSSR［WINNINGDREAM］ セイウンスカイSSR［待望の大謀］ ダイタクヘリオスSSR［おどれ・さわげ・フェスれ！］ ツインターボSSR［ターボエンジン全開宣言！］ ツインターボSSR［集まってコンステレーション］ メジロパーマーSSR［バカと笑え］ アイネスフウジンSR［頑張るキミに！］ ,サイレンススズカ セイウンスカイ バレンタインミホノブルボン
38,38,1,スキル一覧,A,迅速果断,レース中盤で速度が上がる,差し,S,A,タマモクロスSSR［天をも切り裂くイナズマ娘！］ マーベラスサンデーSSR［スノウクリスタル・デイ］ ,ウイニングチケット 水着スペシャルウィーク タマモクロス
39,39,1,スキル一覧,A,外差し準備,最終コーナーで外から追い抜くと速度がわずかに上がる,差し,A,A,ウイニングチケットSSR［B・N・Winner！！］ ウイニングチケットSSR［夢はホントに叶うんだ！］ ウイニングチケットSSR［全力！タントラムッッ！］ オグリキャップSSR［愛してもらうんだぞ］ スペシャルウィークSSR［日本一のステージを］ スペシャルウィークSSR［夕焼けはあこがれの色］ ナカヤマフェスタSSR［43、8、1］ ナリタブライアンSSR［TwoPieces］ ナリタブライアンSSR［天嗤う鏑矢］ バンブーメモリーSSR［Head-onfight！］ ,新衣装エルコンドルパサー カワカミプリンセス スペシャルウィーク メジロライアン
40,40,1,スキル一覧,A,昇り龍,最終コーナーで外から追い抜くと速度が上がる,差し,A,A,バンブーメモリーSSR［Head-onfight！］ ,新衣装エルコンドルパサー カワカミプリンセス メジロライアン
41,41,1,スキル一覧,A,抜け出し準備,最終コーナーでわずかに抜け出しやすくなる,先行,A,A,エルコンドルパサーSSR［パッションチャンピオーナ！］ サクラチヨノオーSSR［今ぞ盛りのさくら花］ ダイワスカーレットSSR［トライフル☆バケーション］ ファインモーションSSR［感謝は指先まで込めて］ メジロマックイーンSSR［エースとして］ ヤエノムテキSSR［押して忍べど燃ゆるもの］ シリウスシンボリSR［一等星は揺るがない］ シンコウウインディSR［///WARNINGGATE///］ ダイワスカーレットSR［努力は裏切らない！］ フジキセキSR［やれやれ、お帰り］ メイショウドトウSR［幸せと背中合わせ］ ,カレンチャン サクラチヨノオー ダイワスカーレット テイエムオペラオー ファインモーション メイショウドトウ
42,42,1,スキル一覧,A,差し切り体勢,レース終盤で加速力がわずかに上がる,差し,A,A,ウイニングチケットSSR［B・N・Winner！！］ ウイニングチケットSSR［夢はホントに叶うんだ！］ ウイニングチケットSSR［全力！タントラムッッ！］ ウオッカSSR［ロード・オブ・ウオッカ］ グラスワンダーSSR［千紫万紅にまぎれぬ一凛］ ナカヤマフェスタSSR［43、8、1］ ウオッカSR［うるさい監視役］ メジロドーベルSR［目線は気にせず］, ウオッカ グラスワンダー ゴールドシチー トーセンジョーダン フルアーマー・フクキタル
43,43,1,スキル一覧,A,疾風怒濤,レース終盤に追い込み態勢に入り位置を上げる,追込,A,A,なし,アドマイヤベガ ヒシアマゾン
44,44,1,スキル一覧,A,先手必勝,レース序盤で前に行きやすくなる,逃げ,S,A,ツインターボSSR［ターボエンジン全開宣言！］ ミホノブルボンSSR［幽霊さんとハロウィンの魔法］,ミホノブルボン
45,45,1,スキル一覧,A,コーナー加速◯,華麗なコーナーワークで加速力がわずかに上がる,,A,A,オグリキャップSSR［愛してもらうんだぞ］ ナイスネイチャSSR［願いまでは拭わない］ ユキノビジンSSR［ふるさと直送エール！］ ユキノビジンSSR［宵照らす奉納舞］ ナイスネイチャSR［･･･ただの水滴ですって］ ナイスネイチャSR［むじゃむじゃむじゃき］ ユキノビジンSR［シチーガール入門＃］ ,花嫁エアグルーヴ オグリキャップ サクラチヨノオー
46,46,1,スキル一覧,A,押し切り準備,最終コーナーで先頭をわずかにキープしやすくなる,逃げ,B,A,サイレンススズカSSR［輝く景色の、その先に］ サイレンススズカSSR［WINNINGDREAM］ サイレンススズカSSR［まだ見ぬ景色を求めて］ スマートファルコンSSR［これが私のウマドル道☆］ ヒシアケボノSSR［召しませふぁーすとBite！］ ミホノブルボンSSR［祝福はフーガ］ アイネスフウジンSR［頑張るキミに！］ ,サイレンススズカ
47,47,1,スキル一覧,A,逃亡者,最終コーナーで先頭をキープしやすくなる,逃げ,A,A,サイレンススズカSSR［輝く景色の、その先に］ ミホノブルボンSSR［祝福はフーガ］ ,サイレンススズカ
48,48,1,スキル一覧,A,一陣の風,直線で加速力が上がる,,S,A,トウカイテイオーSSR［夢は掲げるものなのだっ！］ 樫本理子SSR［徹底管理主義］,なし
49,49,1,スキル一覧,A,スプリントターボ,直線の加速力が上がる,,A,A,サクラバクシンオーSSR［はやい！うまい！はやい！］ ,サクラバクシンオー
50,50,1,スキル一覧,A,臨機応変,レース終盤にコース取りが少しうまくなる,,A,S,イクノディクタスSSR［心と足元は温かく］ ゼンノロブロイSSR［魔力授かりし英雄］ トウカイテイオーSSR［夢は掲げるものなのだっ！］ トウカイテイオーSSR［ふたつのノーブルライト］ ナイスネイチャSSR［願いまでは拭わない］ マヤノトップガンSSR［フォーメーション：PARTY］ エアグルーヴSR［副会長の一刺し］ ゼンノロブロイSR［おすすめ本、あります！］ ナイスネイチャSR［･･･ただの水滴ですって］ ナイスネイチャSR［むじゃむじゃむじゃき］ マヤノトップガンSR［カワイイ＋カワイイは～？］ ,エアグルーヴ エイシンフラッシュ トウカイテイオー ヒシアマゾン マヤノトップガン
51,51,1,スキル一覧,A,差しためらい,レース終盤に作戦・差しのウマ娘をためらわせて速度をわずかに下げる,,A,A,カレンチャンSSR［かなし君、うつくし君］ ナイスネイチャSSR［願いまでは拭わない］ バンブーメモリーSSR［Head-onfight！］ ナイスネイチャSR［･･･ただの水滴ですって］ ナイスネイチャSR［むじゃむじゃむじゃき］ ,ナイスネイチャ
52,52,1,スキル一覧,A,先行ためらい,レース終盤に作戦・先行のウマ娘をためらわせて速度をわずかに下げる,,A,A,スーパークリークSSR［一粒の安らぎ］ セイウンスカイSSR［待望の大謀］ セイウンスカイSSR［明日は全国的に赤でしょう♪］ マーベラスサンデーSSR［スノウクリスタル・デイ］ マーベラスサンデーSR［マーベラス☆大作戦］ メジロアルダンSR［その心に吹きすさぶ］ ,スーパークリーク セイウンスカイ
53,53,1,スキル一覧,A,追込ためらい,レース終盤に作戦・追込のウマ娘をためらわせて速度をわずかに下げる,,A,A,エアグルーヴSR［副会長の一刺し］ ヒシアマゾンSR［テッペンに立て！］ 桐生院葵SR［共に同じ道を！］ ,エアグルーヴ
54,54,1,スキル一覧,A,逃げためらい,レース終盤に作戦・逃げのウマ娘をためらわせて速度をわずかに下げる,,A,A,サトノダイヤモンドSSR［その背中を超えて］ マーベラスサンデーSSR［スノウクリスタル・デイ］ シンコウウインディSR［///WARNINGGATE///］ マーベラスサンデーSR［マーベラス☆大作戦］ ,ハロウィンライスシャワー
55,55,1,スキル一覧,A,八方にらみ,レース終盤に他のウマ娘が動揺する,差し,B,A,＜作戦・差し＞ナイスネイチャ ,メジロドーベル
56,56,1,スキル一覧,A,前列狙い,レース終盤に少し前を目指す体勢をとる,ダート,A,A,イナリワンSR［泥濘一笑、真っつぐに］ アグネスデジタルSSR［そこに‘‘いる’’幸せ］ ,アグネスデジタル
57,57,1,スキル一覧,A,狙うは最前列！,レース終盤に前を目指す体勢をとる,ダート,S,A,アグネスデジタルSSR［そこに‘‘いる’’幸せ］ ,アグネスデジタル
58,58,1,スキル一覧,A,百万バリキ,上り坂で速度が上がる,差し,A,A,タマモクロスSSR［やったれハロウィンナイト！］,なし
59,59,1,スキル一覧,A,決死の覚悟,ラストスパートの直線で好位置にいると速度が上がる,中距離,B,A,ナカヤマフェスタSSR［43、8、1］ ,メジロアルダン
60,60,1,スキル一覧,A,VIP顔パス,追い抜く気持ちが湧き疲れにくくなる,長距離,A,A,なし,サンタビワハヤヒデ
61,61,1,スキル一覧,B,右回り◯,右回りコースが少し得意になる,,A,B,ゼンノロブロイSSR［魔力授かりし英雄］ ナリタブライアンSSR［TwoPieces］ ナリタブライアンSSR［天嗤う鏑矢］ ファインモーションSSR［感謝は指先まで込めて］ ファインモーションSR［GRMAラーメン♪］ マチカネフクキタルSR［運の行方］ ,ファインモーション フルアーマー・フクキタル
62,62,1,スキル一覧,B,根幹距離◯,根幹距離（400mの倍数）が少し得意になる,,A,B,エルコンドルパサーSSR［パッションチャンピオーナ！］ カワカミプリンセスSSR［花嫁たるもの！！］ ニシノフラワーSSR［まだ小さな蕾でも］ バンブーメモリーSSR［Head-onfight！］ エイシンフラッシュSR［0500・定刻通り］ ニシノフラワーSR［あなたにささげる］ ニシノフラワーSSR［小さなカップに想いを込めて］ アイネスフウジンSR［頑張るキミに！］ ,アグネスタキオン カワカミプリンセス
63,63,1,スキル一覧,B,左回り◯,左回りコースが少し得意になる,,A,B,サイレンススズカSSR［輝く景色の、その先に］ サイレンススズカSSR［WINNINGDREAM］ サイレンススズカSSR［まだ見ぬ景色を求めて］ ゼンノロブロイSSR［魔力授かりし英雄］ メジロアルダンSR［その心に吹きすさぶ］ アグネスデジタルSSR［そこに‘‘いる’’幸せ］ ,サイレンススズカ メジロアルダン
64,64,1,スキル一覧,B,非根幹距離◯,非根幹距離（400mの倍数以外）が少し得意になる,,A,B,マヤノトップガンSSR［フォーメーション：PARTY］ マンハッタンカフェSSR［独奏・螺旋追走曲］ メイショウドトウSSR［飛びも出でぬべき心地すれ］ マヤノトップガンSR［カワイイ＋カワイイは～？］ マンハッタンカフェSR［雨の独奏、私の独創］ メイショウドトウSR［幸せと背中合わせ］ ,テイエムオペラオー メイショウドトウ
65,65,1,スキル一覧,B,小休憩,レース終盤に持久力がわずかに回復する,差し,B,C,ゴールドシチーSSR［RUN（my）way］ サトノダイヤモンドSSR［その背中を超えて］ ナイスネイチャSSR［願いまでは拭わない］ マチカネフクキタルSSR［袖振り合えば福となる♪］ ナイスネイチャSR［･･･ただの水滴ですって］ ナイスネイチャSR［むじゃむじゃむじゃき］ マチカネフクキタルSR［運の行方］ ,クリスマスオグリ 新衣装グラスワンダー ナイスネイチャ マチカネフクキタル マンハッタンカフェ
66,66,1,スキル一覧,B,スタミナキープ,レース序盤でわずかに疲れにくくなる,先行,A,B,エルコンドルパサーSSR［パッションチャンピオーナ！］ オグリキャップSSR［愛してもらうんだぞ］ ダイタクヘリオスSSR［おどれ・さわげ・フェスれ！］ ダイワスカーレットSSR［トライフル☆バケーション］ メジロマックイーンSSR［エースとして］ ダイタクヘリオスSR［パリピ・ぱーりないと！］ ダイワスカーレットSR［努力は裏切らない！］ トーセンジョーダンSR［nailonTurf］ ヒシアマゾンSR［テッペンに立て！］ トーセンジョーダンSSR［Inmyway］ ,エルコンドルパサー 新シンボリルドルフ ダイワスカーレット テイエムオペラオー ビワハヤヒデ メジロマックイーン 新衣装メジロマックイーン ハロウィンライスシャワー
67,67,1,スキル一覧,B,余裕綽々,レース序盤で疲れにくくなる,先行,A,B,なし,エルコンドルパサー 新シンボリルドルフ ビワハヤヒデ メジロマックイーン ハロウィンライスシャワー
68,68,1,スキル一覧,B,前途洋々,レース中盤に先頭だとわずかに疲れにくくなる,中距離,B,B,サイレンススズカSSR［輝く景色の、その先に］ サイレンススズカSSR［WINNINGDREAM］ サイレンススズカSSR［まだ見ぬ景色を求めて］ ダイワスカーレットSSR［トライフル☆バケーション］ タマモクロスSSR［天をも切り裂くイナズマ娘！］ タマモクロスSSR［やったれハロウィンナイト！］ ダイワスカーレットSR［努力は裏切らない！］ タマモクロスSR［これがウチらのいか焼きや！］ ,サイレンススズカ ミホノブルボン
69,69,1,スキル一覧,B,切り開く者,レース中盤に先頭だと疲れにくくなる,中距離,B,B,サイレンススズカSSR［まだ見ぬ景色を求めて］ ,ミホノブルボン
70,70,1,スキル一覧,B,不屈の心,レース中盤に追い抜かれると持久力が回復するハルウララ メイショウドトウ,,A,B,なし,ハルウララ メイショウドトウ
71,71,1,スキル一覧,B,下校の楽しみ,下り坂でわずかに疲れにくくなる,追込,B,B,ゴールドシップSSR［不沈艦の進撃］ ゴールドシップSSR［ウマ王伝説・最強になった件］ スイープトウショウSSR［ツメたいヒトリジメ？］ スイープトウショウSR［見習い魔女と長い夜］ ,ゴールドシップ
72,72,1,スキル一覧,B,下校後のスペシャリスト,下り坂で疲れにくくなる,追込,A,B,なし,ゴールドシップ
73,73,1,スキル一覧,B,スリーセブン,残り距離が777ｍの時にわずかに元気が出る,,A,B,マチカネフクキタルSSR［袖振り合えば福となる♪］ マチカネフクキタルSR［運の行方］ ,クリスマスオグリ マチカネフクキタル 水着マルゼンスキー
74,74,1,スキル一覧,B,勢い任せ,上り坂でわずかに疲れにくくなる,逃げ,A,A,アイネスフウジンSSR［飛び出せ、キラメケ］ ツインターボSSR［ターボエンジン全開宣言！］ ツインターボSSR［集まってコンステレーション］ ミホノブルボンSSR［幽霊さんとハロウィンの魔法］ メジロパーマーSSR［バカと笑え］ アイネスフウジンSR［頑張るキミに！］ 水着マルゼンスキー,水着マルゼンスキー
75,75,1,スキル一覧,B,じゃじゃウマ娘,上り坂で疲れにくくなる,逃げ,A,A,アイネスフウジンSSR［飛び出せ、キラメケ］ マヤノトップガンSSR［フォーメーション：PARTY］ ,水着マルゼンスキー
76,76,1,スキル一覧,B,深呼吸,直線に入ると息を入れてわずかに疲れにくくなる,長距離,B,B,スーパークリークSSR［一粒の安らぎ］ マチカネタンホイザSSR［Just・keep・going］ メジロマックイーンSSR［エースとして］ ライスシャワーSSR［幸せが舞う時］ ライスシャワーSSR［幸せは曲がり角の向こう］ ,新衣装グラスワンダー スーパークリーク ビワハヤヒデ マヤノトップガン 新衣装メジロマックイーン ライスシャワー
77,77,1,スキル一覧,B,パス上手,追い抜く気持ちが湧きわずかに疲れにくくなる,,B,B,ナリタタイシンSSR［いじっぱりのマルクト］ マンハッタンカフェSSR［独奏・螺旋追走曲］ ライスシャワーSSR［幸せは曲がり角の向こう］ マンハッタンカフェSR［雨の独奏、私の独創］ ,サンタビワハヤヒデ マンハッタンカフェ
78,78,1,スキル一覧,B,軽やかステップ,左右に動いてもわずかに疲れにくくする,中距離,B,B,カワカミプリンセスSSR［花嫁たるもの！！］ サイレンススズカSSR［WINNINGDREAM］ タマモクロスSSR［天をも切り裂くイナズマ娘！］ タマモクロスSSR［やったれハロウィンナイト！］ トウカイテイオーSSR［夢は掲げるものなのだっ！］ トウカイテイオーSSR［ふたつのノーブルライト］ ナリタタイシンSSR［いじっぱりのマルクト］ タマモクロスSR［これがウチらのいか焼きや！］ メジロアルダンSR［その心に吹きすさぶ］ ,キングヘイロー トウカイテイオー 新衣装トウカイテイオー メジロアルダン メジロドーベル
79,79,1,スキル一覧,B,神業ステップ,左右に動いても疲れにくくなる,中距離,A,B,なし,新衣装トウカイテイオー
80,80,1,スキル一覧,B,リラックス,レース終盤に持久力が回復する,差し,B,C,なし,新衣装グラスワンダー マンハッタンカフェ
81,81,1,スキル一覧,B,コーナー巧者◯,コーナーが得意になり速度がわずかに上がる,,A,B,オグリキャップSSR［愛してもらうんだぞ］ キタサンブラックSSR［迫る熱に押されて］ ファインモーションSSR［感謝は指先まで込めて］ マヤノトップガンSSR［フォーメーション：PARTY］ メジロマックイーンSSR［エースとして］ ファインモーションSR［GRMAラーメン♪］ マヤノトップガンSR［カワイイ＋カワイイは～？］ ,シンボリルドルフ ハロウィンスーパークリーク 花嫁マヤノトップガン
82,82,1,スキル一覧,B,遊びはおしまいっ！,すぐ後ろのウマ娘が長くいると速度がわずかに上がる,,B,B,アイネスフウジンSSR［飛び出せ、キラメケ］ カレンチャンSSR［かなし君、うつくし君］ ヤエノムテキSSR［押して忍べど燃ゆるもの］ ユキノビジンSSR［宵照らす奉納舞］ アイネスフウジンSR［頑張るキミに！］,なし
83,83,1,スキル一覧,B,追い上げ,レース終盤で追い抜くと速度がわずかに上がる,,B,B,エアシャカールSSR［7センチの先へ］ ゴールドシップSSR［不沈艦の進撃］ ゴールドシップSSR［ウマ王伝説・最強になった件］ ナリタタイシンSSR［いじっぱりのマルクト］ ナリタタイシンSR［波立つキモチ］ ビワハヤヒデSR［検証、開始］, ゴールドシップ フルアーマー・フクキタル
84,84,1,スキル一覧,B,電撃の煌めき,レース終盤に後ろの方だとスパートしやすくなる,短距離,C,A,キングヘイローSSR［今宵、円舞曲にのせて］ ,キングヘイロー
85,85,1,スキル一覧,B,先頭プライド,レース序盤でわずかに追い抜かれにくくなる,逃げ,A,B,サイレンススズカSSR［輝く景色の、その先に］ サイレンススズカSSR［WINNINGDREAM］ サイレンススズカSSR［まだ見ぬ景色を求めて］ ツインターボSSR［ターボエンジン全開宣言！］ ツインターボSSR［集まってコンステレーション］ ,マヤノトップガン
86,86,1,スキル一覧,B,積極策,レース序盤に先頭だとわずかに差を広げやすくなる,,B,B,ビコーペガサスSSR［必殺！Wキャロットパンチ！］ ,タイキシャトル 水着マルゼンスキー
87,87,1,スキル一覧,B,位置取り押し上げ,レース中盤で速度がわずかに上がる,差し,A,B,ウイニングチケットSSR［B・N・Winner！！］ ウイニングチケットSSR［夢はホントに叶うんだ！］ ウイニングチケットSSR［全力！タントラムッッ！］ グラスワンダーSSR［千紫万紅にまぎれぬ一凛］ マーベラスサンデーSSR［スノウクリスタル・デイ］ トーセンジョーダンSR［nailonTurf］ トーセンジョーダンSSR［Inmyway］, ウイニングチケット グラスワンダー 水着スペシャルウィーク タマモクロス バレンタインエイシンフラッシュ
88,88,1,スキル一覧,B,尻尾上がり,レース中盤にスキルを多く発動すると速度がわずかに上がる,,A,A,セイウンスカイSSR［待望の大謀］ セイウンスカイSSR［明日は全国的に赤でしょう♪］ マーベラスサンデーSSR［スノウクリスタル・デイ］ ヤエノムテキSSR［押して忍べど燃ゆるもの］ 駿川たづなSSR［ようこそ、トレセン学園へ！］ イナリワンSR［泥濘一笑、真っつぐに］ マーベラスサンデーSR［マーベラス☆大作戦］ ,水着スペシャルウィーク セイウンスカイ タマモクロス
89,89,1,スキル一覧,B,テンポアップ,レース中盤に前の方だとわずかに好位置を取りやすくなる,,A,A,エルコンドルパサーSSR［パッションチャンピオーナ！］ オグリキャップSSR［愛してもらうんだぞ］ ダイワスカーレットSSR［トライフル☆バケーション］ ツインターボSSR［集まってコンステレーション］ ナリタブライアンSSR［天嗤う鏑矢］ メジロドーベルSSR［おもい、ねがう］ メジロライアンSSR［爽快！ウイニングショット！］ ヤエノムテキSSR［押して忍べど燃ゆるもの］ アグネスタキオンSR［生体Aに関する実験的研究］ エアグルーヴSR［副会長の一刺し］ ダイワスカーレットSR［努力は裏切らない！］ メジロドーベルSR［目線は気にせず］ メジロライアンSR［鍛えて、応えて！］ ,エアグルーヴ エルコンドルパサー ダイワスカーレット テイエムオペラオー メジロドーベル メジロライアン
90,90,1,スキル一覧,B,キラーチューン,レース中盤に前の方だと好位置を取りやすくなる,中距離,A,A,エルコンドルパサーSSR［パッションチャンピオーナ！］ ツインターボSSR［集まってコンステレーション］ メイショウドトウSSR［飛びも出でぬべき心地すれ］ ,ダイワスカーレット テイエムオペラオー メジロライアン
91,91,1,スキル一覧,B,善後策,レース中盤に前の方にいるとわずかに抜かしやすくなる,短距離,B,B,サクラバクシンオーSSR［はやい！うまい！はやい！］ ヒシアケボノSSR［召しませふぁーすとBite！］ サクラバクシンオーSSR［爆速！最速！花あらし！］ ,サクラバクシンオー
92,92,1,スキル一覧,B,プランX,レース中盤に前の方にいると抜かしやすくなる,短距離,B,B,ビコーペガサスSSR［必殺！Wキャロットパンチ！］,なし
93,93,1,スキル一覧,B,ギアシフト,レース中盤に前の方にいるとわずかに抜かしやすくなる,マイル,B,B,サクラチヨノオーSSR［今ぞ盛りのさくら花］ ダイタクヘリオスSSR［おどれ・さわげ・フェスれ！］ ダイワスカーレットSSR［トライフル☆バケーション］ シーキングザパールSR［世界の真珠、その名は］ シンコウウインディSR［///WARNINGGATE///］ ダイタクヘリオスSR［パリピ・ぱーりないと！］ ダイワスカーレットSR［努力は裏切らない！］ ニシノフラワーSSR［小さなカップに想いを込めて］ ,タイキシャトル フジキセキ マルゼンスキー
94,94,1,スキル一覧,B,ギアチェンジ,レース中盤に前の方にいると抜かしやすくなる,マイル,B,B,なし,タイキシャトル マルゼンスキー
95,95,1,スキル一覧,B,ペースアップ,レース中盤に追い抜くと速度がわずかに上がる,,B,B,スーパークリークSSR［一粒の安らぎ］ ダイタクヘリオスSSR［おどれ・さわげ・フェスれ！］ ナイスネイチャSSR［願いまでは拭わない］ マーベラスサンデーSSR［スノウクリスタル・デイ］ ヤエノムテキSSR［押して忍べど燃ゆるもの］ 樫本理子SSR［徹底管理主義］ イナリワンSR［泥濘一笑、真っつぐに］ ダイタクヘリオスSR［パリピ・ぱーりないと！］ トーセンジョーダンSR［nailonTurf］ ナイスネイチャSR［･･･ただの水滴ですって］ ナイスネイチャSR［むじゃむじゃむじゃき］ マーベラスサンデーSR［マーベラス☆大作戦］ ,花嫁エアグルーヴ カレンチャン スーパークリーク 水着スペシャルウィーク 新衣装メジロマックイーン
96,96,1,スキル一覧,B,内弁慶,最終コーナーで内ラチ（内側の柵）側にいると速度がわずかに上がる,長距離,B,B,ゴールドシップSSR［不沈艦の進撃］ ゴールドシップSSR［ウマ王伝説・最強になった件］ ナリタブライアンSSR［TwoPieces］ ナリタブライアンSSR［天嗤う鏑矢］ ビワハヤヒデSSR［響き合うストレイン］ メジロマックイーンSSR［エースとして］ ビワハヤヒデSR［検証、開始］ ,クリスマスオグリ 新シンボリルドルフ フルアーマー・フクキタル
97,97,1,スキル一覧,B,内的体験,最終コーナーで内ラチ側にいると速度が上がる,長距離,A,A,ゴールドシップSSR［ウマ王伝説・最強になった件］ ,クリスマスオグリ フルアーマー・フクキタル
98,98,1,スキル一覧,B,十万バリキ,上り坂で速度がわずかに上がる,差し,B,B,ウイニングチケットSSR［全力！タントラムッッ！］ タマモクロスSSR［天をも切り裂くイナズマ娘！］ タマモクロスSSR［やったれハロウィンナイト！］ タマモクロスSR［これがウチらのいか焼きや！］ ,新衣装エルコンドルパサー ハルウララ
99,99,1,スキル一覧,B,スリップストリーム,前のウマ娘のすぐ後ろに付けると風の抵抗をわずかに受けにくくなる,,A,B,アイネスフウジンSSR［飛び出せ、キラメケ］ スイープトウショウSSR［ツメたいヒトリジメ？］ ダイタクヘリオスSSR［おどれ・さわげ・フェスれ！］ スイープトウショウSR［見習い魔女と長い夜］ ダイタクヘリオスSR［パリピ・ぱーりないと！］ アイネスフウジンSR［頑張るキミに！］ ,ゴールドシチー
100,100,1,スキル一覧,B,直線巧者,直線で速度がわずかに上がる,,A,B,ウオッカSSR［ロード・オブ・ウオッカ］ キタサンブラックSSR［迫る熱に押されて］ ゼンノロブロイSSR［魔力授かりし英雄］ ニシノフラワーSSR［まだ小さな蕾でも］ バンブーメモリーSSR［Head-onfight！］ マーベラスサンデーSSR［スノウクリスタル・デイ］ マヤノトップガンSSR［フォーメーション：PARTY］ メジロマックイーンSSR［エースとして］ ウオッカSR［うるさい監視役］ ゼンノロブロイSR［おすすめ本、あります！］ ニシノフラワーSR［あなたにささげる］ マーベラスサンデーSR［マーベラス☆大作戦］ マヤノトップガンSR［カワイイ＋カワイイは～？］ ,エルコンドルパサー タイキシャトル テイエムオペラオー ナリタブライアン マルゼンスキー 新衣装メジロマックイーン
101,101,1,スキル一覧,B,ハヤテ一文字,直線で速度が上がる,,A,B,ナリタブライアンSSR［天嗤う鏑矢］ ニシノフラワーSSR［まだ小さな蕾でも］ ,ナリタブライアン 新衣装メジロマックイーン
102,102,1,スキル一覧,B,負けん気,追い抜きがわずかに成功しやすくなる,マイル,B,B,メジロドーベルSSR［おもい、ねがう］ シーキングザパールSR［世界の真珠、その名は］ シンコウウインディSR［///WARNINGGATE///］ フジキセキSR［やれやれ、お帰り］ メジロドーベルSR［目線は気にせず］, 花嫁エアグルーヴ 新衣装エルコンドルパサー カワカミプリンセス キングヘイロー 正月ハルウララ フジキセキ
103,103,1,スキル一覧,B,姉御肌,追い抜きが成功しやすくなる,マイル,A,B,なし,花嫁エアグルーヴ フジキセキ
104,104,1,スキル一覧,B,豪脚,レース終盤に後ろの方だと追い抜く力が上がる,マイル,C,A,オグリキャップSSR［愛してもらうんだぞ］ グラスワンダーSSR［千紫万紅にまぎれぬ一凛］ ,ウオッカ 新衣装エルコンドルパサー
105,105,1,スキル一覧,B,仕掛け抜群,レース終盤に追い込み態勢に入り位置をわずかに上げる,追込,A,B,アドマイヤベガSSR［夜に暁、空に瑞星］ ナリタタイシンSSR［いじっぱりのマルクト］ ナリタタイシンSR［波立つキモチ］ ヒシアマゾンSR［テッペンに立て！］ ,アドマイヤベガ ヒシアマゾン
106,106,1,スキル一覧,B,先駆け,レース序盤でわずかに前に行きやすくなる,逃げ,A,B,サイレンススズカSSR［輝く景色の、その先に］ サイレンススズカSSR［WINNINGDREAM］ サイレンススズカSSR［まだ見ぬ景色を求めて］ ダイタクヘリオスSSR［おどれ・さわげ・フェスれ！］ ツインターボSSR［ターボエンジン全開宣言！］ ツインターボSSR［集まってコンステレーション］ ミホノブルボンSSR［祝福はフーガ］ ミホノブルボンSSR［幽霊さんとハロウィンの魔法］ メジロパーマーSSR［バカと笑え］ メジロマックイーンSSR［エースとして］ ミホノブルボンSR［鍛えぬくトモ］ ,マルゼンスキー ミホノブルボン
107,107,1,スキル一覧,B,直滑降,下り坂がわずかに得意になる,先行,B,B,ライスシャワーSSR［幸せが舞う時］ ライスシャワーSSR［幸せは曲がり角の向こう］ ダイタクヘリオスSR［パリピ・ぱーりないと！］, 新シンボリルドルフ ファインモーション ライスシャワー
108,108,1,スキル一覧,B,決意の直滑降,下り坂が少し得意になる,先行,A,A,ニシノフラワーSSR［小さなカップに想いを込めて］ ,ファインモーション ライスシャワー
109,109,1,スキル一覧,B,曲線のソムリエ,華麗なコーナーワークで加速力が上がる,,A,B,ゴールドシップSSR［不沈艦の進撃］ ユキノビジンSSR［宵照らす奉納舞］ ,花嫁エアグルーヴ オグリキャップ
110,110,1,スキル一覧,B,登山家,上り坂がわずかに上手くなる,,A,B,ゴールドシップSSR［不沈艦の進撃］ ゴールドシップSSR［ウマ王伝説・最強になった件］ マンハッタンカフェSSR［独奏・螺旋追走曲］ ライスシャワーSSR［幸せが舞う時］ ライスシャワーSSR［幸せは曲がり角の向こう］ マンハッタンカフェSR［雨の独奏、私の独創］ ,マンハッタンカフェ ライスシャワー
111,111,1,スキル一覧,B,直線加速,直線で加速力がわずかに上がる,,A,B,ウオッカSSR［ロード・オブ・ウオッカ］ ファインモーションSSR［感謝は指先まで込めて］ ウオッカSR［うるさい監視役］ エアグルーヴSR［副会長の一刺し］ エイシンフラッシュSR［0500・定刻通り］ ニシノフラワーSR［あなたにささげる］ ファインモーションSR［GRMAラーメン♪］ ,ウオッカ
112,112,1,スキル一覧,B,スプリントギア,直線で加速力がわずかに上がる,短距離,B,B,カレンチャンSSR［かなし君、うつくし君］ サクラバクシンオーSSR［はやい！うまい！はやい！］ ヒシアケボノSSR［召しませふぁーすとBite！］ シーキングザパールSR［世界の真珠、その名は］ サクラバクシンオーSSR［爆速！最速！花あらし！］ ,サクラバクシンオー ハルウララ
113,113,1,スキル一覧,B,がんばり屋,追い抜きがわずかに成功しやすくなる,差し,B,B,マチカネタンホイザSSR［Just・keep・going］ エイシンフラッシュSR［0500・定刻通り］, ウイニングチケット 正月ハルウララ
114,114,1,スキル一覧,B,努力家,追い抜きが少し成功しやすくなる,差し,B,A,ウイニングチケットSSR［全力！タントラムッッ！］ ,ウイニングチケット 正月ハルウララ
115,115,1,スキル一覧,B,巧みなステップ,コース取りがわずかにスムーズになる,先行,A,B,ゼンノロブロイSSR［魔力授かりし英雄］ トウカイテイオーSSR［夢は掲げるものなのだっ！］ トウカイテイオーSSR［ふたつのノーブルライト］ シリウスシンボリSR［一等星は揺るがない］ ゼンノロブロイSR［おすすめ本、あります！］ ,トウカイテイオー 花嫁マヤノトップガン
116,116,1,スキル一覧,B,技巧派,コース取りが少しスムーズになる,先行,S,B,なし,トウカイテイオー
117,117,1,スキル一覧,B,垂れウマ回避,ラストスパートで前が塞がれた時の立ち回りがわずかにうまくなる,,B,B,ウオッカSSR［ロード・オブ・ウオッカ］ オグリキャップSSR［愛してもらうんだぞ］ ゼンノロブロイSSR［魔力授かりし英雄］ トウカイテイオーSSR［夢は掲げるものなのだっ！］ トウカイテイオーSSR［ふたつのノーブルライト］ ファインモーションSSR［感謝は指先まで込めて］ マヤノトップガンSSR［フォーメーション：PARTY］ ウオッカSR［うるさい監視役］ ゼンノロブロイSR［おすすめ本、あります！］ ファインモーションSR［GRMAラーメン♪］ マヤノトップガンSR［カワイイ＋カワイイは～？］ メジロライアンSR［鍛えて、応えて！］, アドマイヤベガ オグリキャップ カワカミプリンセス マヤノトップガン
118,118,1,スキル一覧,B,ノンストップガール,ラストスパートで前を塞がれた時の立ち回りがうまくなる,,B,B,ユキノビジンSSR［ふるさと直送エール！］ ,カワカミプリンセス マヤノトップガン
119,119,1,スキル一覧,B,注目の踊り子,レース序盤にコース取りがうまくなる,,S,B,カワカミプリンセスSSR［花嫁たるもの！！］ スマートファルコンSSR［これが私のウマドル道☆］ ,スマートファルコン 正月ハルウララ
120,120,1,スキル一覧,B,イナズマステップ,レース中盤に後ろの方にいると少し囲まれにくくなる,中距離,C,B,タマモクロスSSR［天をも切り裂くイナズマ娘！］ タマモクロスSSR［やったれハロウィンナイト！］ トウカイテイオーSSR［夢は掲げるものなのだっ！］ トウカイテイオーSSR［ふたつのノーブルライト］ タマモクロスSR［これがウチらのいか焼きや！］, 水着スペシャルウィーク タマモクロス トウカイテイオー
121,121,1,スキル一覧,B,ライトニングステップ,レース中盤に後ろの方にいると囲まれにくくなる,中距離,B,B,なし,トウカイテイオー
122,122,1,スキル一覧,B,天命士,レース終盤に後ろの方にいると視野が広くなる,追込,B,B,スイープトウショウSSR［ツメたいヒトリジメ？］,なし
123,123,1,スキル一覧,B,読解力,レース中盤に観察力が高まり視野をわずかに広く持てる,差し,B,C,イクノディクタスSSR［心と足元は温かく］ サトノダイヤモンドSSR［その背中を超えて］ ゼンノロブロイSSR［魔力授かりし英雄］ イクノディクタスSR［準備運動は怠るべからず］ ゼンノロブロイSR［おすすめ本、あります！］ マンハッタンカフェSR［雨の独奏、私の独創］ ,キングヘイロー
124,124,1,スキル一覧,B,大局観,レース中盤に観察力が高まり視野を広く持てる,差し,B,C,イクノディクタスSSR［心と足元は温かく］ メジロドーベルSSR［おもい、ねがう］ ,キングヘイロー
125,125,1,スキル一覧,B,視界良好！異常なし！,左右に移動すると状況を把握して視野が少し広くなる,追込,B,C,なし,ゴールドシップ
126,126,1,スキル一覧,B,独占力,レース終盤に後ろの方にいると前の速度を下げる,中距離,C,A,なし,アグネスタキオン グラスワンダー シンボリルドルフ バレンタインエイシンフラッシュ
127,127,1,スキル一覧,B,かく乱,レース終盤に前の方にいると後方の視野がわずかに狭くなる,先行,B,B,カレンチャンSSR［かなし君、うつくし君］ ライスシャワーSSR［幸せが舞う時］ ライスシャワーSSR［幸せは曲がり角の向こう］ シリウスシンボリSR［一等星は揺るがない］ ,エアグルーヴ カレンチャン スーパークリーク
128,128,1,スキル一覧,B,幻惑のかく乱,レース終盤に前の方にいると後方の視野が少し狭くなる,先行,B,B,なし,エアグルーヴ カレンチャン スーパークリーク
129,129,1,スキル一覧,B,鋭い眼光,レース終盤に他のウマ娘がわずかに動揺する,差し,B,B,イクノディクタスSSR［心と足元は温かく］ ナイスネイチャSSR［願いまでは拭わない］ ナカヤマフェスタSSR［43、8、1］ イクノディクタスSR［準備運動は怠るべからず］ イナリワンSR［泥濘一笑、真っつぐに］ ゼンノロブロイSR［おすすめ本、あります！］ ナイスネイチャSR［･･･ただの水滴ですって］ ナイスネイチャSR［むじゃむじゃむじゃき］ ,ナイスネイチャ メジロドーベル
130,130,1,スキル一覧,B,まなざし,レース終盤に目をつけたウマ娘の緊張感がわずかに増す,追込,B,B,ゴールドシップSSR［不沈艦の進撃］ ゴールドシップSSR［ウマ王伝説・最強になった件］ ナリタタイシンSSR［いじっぱりのマルクト］ ナリタタイシンSR［波立つキモチ］,なし
131,131,1,スキル一覧,B,後方釘付,レース序盤に前の方にいると後方のウマ娘が少し萎縮する,短距離,B,B,カレンチャンSSR［かなし君、うつくし君］ サクラバクシンオーSSR［はやい！うまい！はやい！］ サクラバクシンオーSSR［爆速！最速！花あらし！］ ,カレンチャン ヒシアケボノ
132,132,1,スキル一覧,B,悩殺術,レース序盤に前の方にいると後方のウマ娘が萎縮する,短距離,B,B,なし,カレンチャン
133,133,1,スキル一覧,B,トリック（後）,レース中盤で後ろの方にいると前の掛かったウマ娘がわずかに疲れる,,B,B,イクノディクタスSSR［心と足元は温かく］ スイープトウショウSSR［ツメたいヒトリジメ？］ マチカネフクキタルSSR［袖振り合えば福となる♪］ イクノディクタスSR［準備運動は怠るべからず］ スイープトウショウSR［見習い魔女と長い夜］ マチカネフクキタルSR［運の行方］, マチカネフクキタル
134,134,1,スキル一覧,B,スタミナイーター,レース中盤で後ろの方にいると前方の持久力をちょっと奪う,長距離,C,B,マンハッタンカフェSSR［独奏・螺旋追走曲］ マンハッタンカフェSR［雨の独奏、私の独創］ ,マンハッタンカフェ
135,135,1,スキル一覧,B,魅惑のささやき,レース中盤にすぐ前のウマ娘を惑わせる,中距離,B,B,,ハロウィンスーパークリーク ナイスネイチャ 花嫁マヤノトップガン
136,136,1,スキル一覧,B,差し焦り,レース中盤に作戦・差しのウマ娘を焦らせてわずかに疲れやすくする,,B,C,タマモクロスSSR［天をも切り裂くイナズマ娘！］ タマモクロスSSR［やったれハロウィンナイト！］ タマモクロスSR［これがウチらのいか焼きや！］,
137,137,1,スキル一覧,B,追込焦り,レース中盤に作戦・追込のウマ娘を焦らせてわずかに疲れやすくする,,B,C,エアグルーヴSR［副会長の一刺し］ フジキセキSR［やれやれ、お帰り］ ,エアグルーヴ
138,138,1,スキル一覧,B,逃げ焦り,レース中盤に作戦・逃げのウマ娘を焦らせてわずかに疲れやすくする,,B,C,サクラバクシンオーSSR［はやい！うまい！はやい！］ サトノダイヤモンドSSR［その背中を超えて］ サクラバクシンオーSSR［爆速！最速！花あらし！］, サクラバクシンオー
139,139,1,スキル一覧,B,スピードイーター,レース中盤に先頭にいると後ろの速度をわずかに奪う,マイル,B,A,アイネスフウジンSSR［飛び出せ、キラメケ］ ダイタクヘリオスSSR［おどれ・さわげ・フェスれ！］ ダイタクヘリオスSR［パリピ・ぱーりないと！］ アイネスフウジンSR［頑張るキミに！］ ,水着マルゼンスキー
140,140,1,スキル一覧,B,トリック（前）,レース中盤に前の方にいると後ろの掛かったウマ娘がわずかに疲れる,,B,B,スイープトウショウSSR［ツメたいヒトリジメ？］ セイウンスカイSSR［待望の大謀］ セイウンスカイSSR［明日は全国的に赤でしょう♪］ スイープトウショウSR［見習い魔女と長い夜］ フジキセキSR［やれやれ、お帰り］ ,新衣装グラスワンダー フジキセキ ハロウィンライスシャワー
141,141,1,スキル一覧,B,潜伏態勢,レース中盤が迫ったとき後方にいると持久力を回復する,差し,A,B,ゼンノロブロイSSR［魔力授かりし英雄］ ,新ゴールドシチー
142,142,1,スキル一覧,B,見惚れるトリック,レース中盤に前の方にいると後ろの掛かったウマ娘が疲れるハロウィンライスシャワー,,B,B,,ハロウィンライスシャワー
143,143,1,スキル一覧,B,スタミナグリード,レース中盤で後ろの方にいると前方の持久力をわずかに奪う,長距離,B,B,マンハッタンカフェSSR［独奏・螺旋追走曲］ ,マンハッタンカフェ
144,144,1,スキル一覧,B,ありったけ,ラストスパートの直線で好位置にいると速度がわずかに上がる,中距離,B,B,ナカヤマフェスタSSR［43、8、1］ アグネスデジタルSSR［そこに‘‘いる’’幸せ］ トーセンジョーダン メジロアルダン,トーセンジョーダン メジロアルダン
145,145,1,スキル一覧,B,布陣,レース序盤に後ろにいると前の動きを鈍くする,マイル,B,B,,新ゴールドシチー
146,146,2,脚質別,逃げ,良バ場◯,「良」のバ場状態が少し得意になる,,S,A,ウイニングチケットSSR［B・N・Winner！！］ ウイニングチケットSSR［夢はホントに叶うんだ！］ ウイニングチケットSSR［全力！タントラムッッ！］ キングヘイローSSR［今宵、円舞曲にのせて］ サトノダイヤモンドSSR［その背中を超えて］ スーパークリークSSR［一粒の安らぎ］ ニシノフラワーSSR［まだ小さな蕾でも］ メイショウドトウSSR［飛びも出でぬべき心地すれ］ ライスシャワーSSR［幸せが舞う時］ ライスシャワーSSR［幸せは曲がり角の向こう］ キングヘイローSR［一流プランニング］ シーキングザパールSR［世界の真珠、その名は］ ニシノフラワーSR［あなたにささげる］ メイショウドトウSR［幸せと背中合わせ］ ニシノフラワーSSR［小さなカップに想いを込めて］ ,ウイニングチケット
147,147,2,脚質別,逃げ,一匹狼,自分だけが一匹狼の心を持つレースで少し能力が上がる,,B,A,ナリタタイシンSSR［いじっぱりのマルクト］ ナリタブライアンSSR［TwoPieces］ ナリタブライアンSSR［天嗤う鏑矢］ メジロパーマーSSR［バカと笑え］ 樫本理子SSR［徹底管理主義］ シリウスシンボリSR［一等星は揺るがない］ スイープトウショウSR［見習い魔女と長い夜］ ナリタタイシンSR［波立つキモチ］ ,ナリタタイシン ナリタブライアン
148,148,2,脚質別,逃げ,逃げのコツ◯,良い位置に少しつきやすくなる,逃げ,S,S,サイレンススズカSSR［輝く景色の、その先に］ サイレンススズカSSR［WINNINGDREAM］ サイレンススズカSSR［まだ見ぬ景色を求めて］ スマートファルコンSSR［これが私のウマドル道☆］ メジロパーマーSSR［バカと笑え］, スマートファルコン セイウンスカイ バレンタインミホノブルボン
149,149,2,脚質別,逃げ,集中力,スタートが得意になり出遅れる時間がわずかに少なくなる,,A,A,オグリキャップSSR［愛してもらうんだぞ］ キタサンブラックSSR［迫る熱に押されて］ サイレンススズカSSR［輝く景色の、その先に］ サイレンススズカSSR［WINNINGDREAM］ サイレンススズカSSR［まだ見ぬ景色を求めて］ スマートファルコンSSR［これが私のウマドル道☆］ ミホノブルボンSSR［祝福はフーガ］ ミホノブルボンSSR［幽霊さんとハロウィンの魔法］ 駿川たづなSSR［ようこそ、トレセン学園へ！］ マヤノトップガンSR［カワイイ＋カワイイは～？］ ミホノブルボンSR［鍛えぬくトモ］ ,エイシンフラッシュ サイレンススズカ 花嫁マヤノトップガン マルゼンスキー バレンタインミホノブルボン
150,150,2,脚質別,逃げ,コンセントレーション,スタートが得意になり出遅れる時間が少なくなる,,S,S,サイレンススズカSSR［WINNINGDREAM］ 駿川たづなSSR［ようこそ、トレセン学園へ！］ ,サイレンススズカ バレンタインミホノブルボン
151,151,2,脚質別,逃げ,勢い任せ,上り坂でわずかに疲れにくくなる,,A,A,アイネスフウジンSSR［飛び出せ、キラメケ］ ツインターボSSR［ターボエンジン全開宣言！］ ツインターボSSR［集まってコンステレーション］ ミホノブルボンSSR［幽霊さんとハロウィンの魔法］ メジロパーマーSSR［バカと笑え］ アイネスフウジンSR［頑張るキミに！］ ,水着マルゼンスキー
152,152,2,脚質別,逃げ,好転一息,直線で持久力が回復する,,S,A,ウオッカSSR［ロード・オブ・ウオッカ］ トーセンジョーダンSSR［Inmyway］ ,ウオッカ マヤノトップガン
153,153,2,脚質別,逃げ,コーナー回復◯,無駄のないコーナリングで持久力がわずかに回復する,,A,S,キタサンブラックSSR［迫る熱に押されて］ キングヘイローSSR［今宵、円舞曲にのせて］ スーパークリークSSR［一粒の安らぎ］ スマートファルコンSSR［これが私のウマドル道☆］ ビワハヤヒデSSR［響き合うストレイン］ キングヘイローSR［一流プランニング］ ミホノブルボンSR［鍛えぬくトモ］ ,スーパークリーク 正月テイエムオペラオー 新衣装トウカイテイオー 花嫁マヤノトップガン 水着マルゼンスキー ハロウィンライスシャワー
154,154,2,脚質別,逃げ,円弧のマエストロ,無駄のないコーナリングで持久力が回復する,,S,S,スーパークリークSSR［一粒の安らぎ］ ライスシャワーSSR［幸せは曲がり角の向こう］ ,スーパークリーク 正月テイエムオペラオー 花嫁マヤノトップガン
155,155,2,脚質別,逃げ,コーナー巧者◯,コーナーが得意になり速度がわずかに上がる,,A,B,オグリキャップSSR［愛してもらうんだぞ］ キタサンブラックSSR［迫る熱に押されて］ ファインモーションSSR［感謝は指先まで込めて］ マヤノトップガンSSR［フォーメーション：PARTY］ メジロマックイーンSSR［エースとして］ ,ファインモーションSR［GRMAラーメン♪］ マヤノトップガンSR［カワイイ＋カワイイは～？］ シンボリルドルフ ハロウィンスーパークリーク 花嫁マヤノトップガン
156,156,2,脚質別,逃げ,先頭プライド,レース序盤でわずかに追い抜かれにくくなる,逃げ,A,B,サイレンススズカSSR［輝く景色の、その先に］ サイレンススズカSSR［WINNINGDREAM］ サイレンススズカSSR［まだ見ぬ景色を求めて］ ツインターボSSR［ターボエンジン全開宣言！］ ツインターボSSR［集まってコンステレーション］ ,マヤノトップガン
157,157,2,脚質別,逃げ,マイルの支配者,レース序盤に先頭だと差を広げやすくなる,マイル,B,A,,タイキシャトル 水着マルゼンスキー
158,158,2,脚質別,逃げ,急ぎ足,レース中盤でわずかに前に行きやすくなる,逃げ,A,A,アイネスフウジンSSR［飛び出せ、キラメケ］ サイレンススズカSSR［WINNINGDREAM］ セイウンスカイSSR［待望の大謀］ ダイタクヘリオスSSR［おどれ・さわげ・フェスれ！］ ツインターボSSR［ターボエンジン全開宣言！］ ツインターボSSR［集まってコンステレーション］ ,メジロパーマーSSR［バカと笑え］ アイネスフウジンSR［頑張るキミに！］ サイレンススズカ セイウンスカイ バレンタインミホノブルボン
159,159,2,脚質別,逃げ,脱出術,レース中盤で前に行きやすくなる,逃げ,S,S,セイウンスカイSSR［待望の大謀］ ダイタクヘリオスSSR［おどれ・さわげ・フェスれ！］ ,セイウンスカイ バレンタインミホノブルボン
160,160,2,脚質別,逃げ,ハヤテ一文字,直線で速度が上がる,,A,B,ナリタブライアンSSR［天嗤う鏑矢］ ニシノフラワーSSR［まだ小さな蕾でも］ ,ナリタブライアン 新衣装メジロマックイーン
161,161,2,脚質別,逃げ,先駆け,レース序盤でわずかに前に行きやすくなる,逃げ,A,B,サイレンススズカSSR［輝く景色の、その先に］ サイレンススズカSSR［WINNINGDREAM］ サイレンススズカSSR［まだ見ぬ景色を求めて］ ダイタクヘリオスSSR［おどれ・さわげ・フェスれ！］ ツインターボSSR［ターボエンジン全開宣言！］ ツインターボSSR［集まってコンステレーション］ ミホノブルボンSSR［祝福はフーガ］ ミホノブルボンSSR［幽霊さんとハロウィンの魔法］ メジロパーマーSSR［バカと笑え］ メジロマックイーンSSR［エースとして］ ミホノブルボンSR［鍛えぬくトモ］ ,マルゼンスキー ミホノブルボン
162,162,2,脚質別,逃げ,先手必勝,レース序盤で前に行きやすくなる,逃げ,S,A,ツインターボSSR［ターボエンジン全開宣言！］ ミホノブルボンSSR［幽霊さんとハロウィンの魔法］ ,ミホノブルボン
163,163,2,脚質別,逃げ,地固め,レース序盤にスキルを多く発動すると加速力がわずかに上がる,,A,S,オグリキャップSSR［愛してもらうんだぞ］ ゴールドシップSSR［不沈艦の進撃］ ゴールドシップSSR［ウマ王伝説・最強になった件］ エアグルーヴSR［副会長の一刺し］ サクラバクシンオーSSR［爆速！最速！花あらし！］ ,バレンタインミホノブルボン
164,164,2,脚質別,逃げ,コーナー加速◯,華麗なコーナーワークで加速力がわずかに上がる,,A,A,オグリキャップSSR［愛してもらうんだぞ］ ナイスネイチャSSR［願いまでは拭わない］ ユキノビジンSSR［ふるさと直送エール！］ ユキノビジンSSR［宵照らす奉納舞］ ナイスネイチャSR［･･･ただの水滴ですって］ ナイスネイチャSR［むじゃむじゃむじゃき］ ユキノビジンSR［シチーガール入門＃］, 花嫁エアグルーヴ オグリキャップ サクラチヨノオー
165,165,2,脚質別,逃げ,押し切り準備,最終コーナーで先頭をわずかにキープしやすくなる,逃げ,B,A,サイレンススズカSSR［輝く景色の、その先に］ サイレンススズカSSR［WINNINGDREAM］ サイレンススズカSSR［まだ見ぬ景色を求めて］ スマートファルコンSSR［これが私のウマドル道☆］ ヒシアケボノSSR［召しませふぁーすとBite！］ ミホノブルボンSSR［祝福はフーガ］ アイネスフウジンSR［頑張るキミに！］ ,サイレンススズカ
166,166,2,脚質別,逃げ,逃亡者,最終コーナーで先頭をキープしやすくなる,逃げ,A,A,サイレンススズカSSR［輝く景色の、その先に］ ミホノブルボンSSR［祝福はフーガ］ ,サイレンススズカ
167,167,2,脚質別,逃げ,一陣の風,直線で加速力が上がる,,S,A,トウカイテイオーSSR［夢は掲げるものなのだっ！］ 樫本理子SSR［徹底管理主義］,
168,168,2,脚質別,先行,良バ場◯,「良」のバ場状態が少し得意になる,,S,A,ウイニングチケットSSR［B・N・Winner！！］ ウイニングチケットSSR［夢はホントに叶うんだ！］ ウイニングチケットSSR［全力！タントラムッッ！］ キングヘイローSSR［今宵、円舞曲にのせて］ サトノダイヤモンドSSR［その背中を超えて］ スーパークリークSSR［一粒の安らぎ］ ニシノフラワーSSR［まだ小さな蕾でも］ メイショウドトウSSR［飛びも出でぬべき心地すれ］ ライスシャワーSSR［幸せが舞う時］ ライスシャワーSSR［幸せは曲がり角の向こう］ キングヘイローSR［一流プランニング］ シーキングザパールSR［世界の真珠、その名は］ ニシノフラワーSR［あなたにささげる］ メイショウドトウSR［幸せと背中合わせ］ ニシノフラワーSSR［小さなカップに想いを込めて］ ,ウイニングチケット
169,169,2,脚質別,先行,一匹狼,自分だけが一匹狼の心を持つレースで少し能力が上がる,,B,A,ナリタタイシンSSR［いじっぱりのマルクト］ ナリタブライアンSSR［TwoPieces］ ナリタブライアンSSR［天嗤う鏑矢］ メジロパーマーSSR［バカと笑え］ 樫本理子SSR［徹底管理主義］ シリウスシンボリSR［一等星は揺るがない］ スイープトウショウSR［見習い魔女と長い夜］ ナリタタイシンSR［波立つキモチ］ ,ナリタタイシン ナリタブライアン
170,170,2,脚質別,先行,先行のコツ◯,良い位置に少しつきやすくなる,先行,S,S,サクラチヨノオーSSR［今ぞ盛りのさくら花］ ゼンノロブロイSSR［魔力授かりし英雄］ メジロライアンSSR［爽快！ウイニングショット！］ ゼンノロブロイSR［おすすめ本、あります！］ ヒシアマゾンSR［テッペンに立て！］ メジロアルダンSR［その心に吹きすさぶ］ ,花嫁エアグルーヴ サクラチヨノオー タイキシャトル サンタビワハヤヒデ
171,171,2,脚質別,先行,好位追走,レース中盤でわずかに疲れにくくなる,先行,A,A,カワカミプリンセスSSR［花嫁たるもの！！］ ダイワスカーレットSSR［トライフル☆バケーション］ ナリタブライアンSSR［TwoPieces］ ナリタブライアンSSR［天嗤う鏑矢］ ダイワスカーレットSR［努力は裏切らない！］ メジロアルダンSR［その心に吹きすさぶ］ ,アグネスタキオン シンボリルドルフ ダイワスカーレット タマモクロス 新衣装トウカイテイオー トーセンジョーダン ナリタブライアン サンタビワハヤヒデ フジキセキ メジロアルダン
172,172,2,脚質別,先行,レースプランナー,レース中盤で疲れにくくなる,先行,S,S,ダイワスカーレットSSR［トライフル☆バケーション］ ,アグネスタキオン ダイワスカーレット 新衣装トウカイテイオー トーセンジョーダン フジキセキ メジロアルダン
173,173,2,脚質別,先行,栄養補給,レース中盤に持久力がわずかに回復する,先行,A,A,オグリキャップSSR［愛してもらうんだぞ］ サイレンススズカSSR［WINNINGDREAM］ スペシャルウィークSSR［日本一のステージを］ スペシャルウィークSSR［夕焼けはあこがれの色］ ナリタブライアンSSR［TwoPieces］ ナリタブライアンSSR［天嗤う鏑矢］ ヒシアケボノSSR［召しませふぁーすとBite！］ ,オグリキャップ クリスマスオグリ ハロウィンスーパークリーク スペシャルウィーク ヒシアケボノ メジロマックイーン ライスシャワー
174,174,2,脚質別,先行,食いしん坊,レース中盤に持久力が回復する,先行,S,S,スペシャルウィークSSR［夕焼けはあこがれの色］ ,オグリキャップ クリスマスオグリ スペシャルウィーク ヒシアケボノ
175,175,2,脚質別,先行,直線回復,直線で持久力がわずかに回復する,,A,A,ウオッカSSR［ロード・オブ・ウオッカ］ キタサンブラックSSR［迫る熱に押されて］ マヤノトップガンSSR［フォーメーション：PARTY］ ウオッカSR［うるさい監視役］ マヤノトップガンSR［カワイイ＋カワイイは～？］ トーセンジョーダンSSR［Inmyway］ ,ウオッカ マヤノトップガン
176,176,2,脚質別,先行,好転一息,直線で持久力が回復する,,S,A,ウオッカSSR［ロード・オブ・ウオッカ］ トーセンジョーダンSSR［Inmyway］,ウオッカ マヤノトップガン
177,177,2,脚質別,先行,コーナー回復◯,無駄のないコーナリングで持久力がわずかに回復する,,A,S,キタサンブラックSSR［迫る熱に押されて］ キングヘイローSSR［今宵、円舞曲にのせて］ スーパークリークSSR［一粒の安らぎ］ スマートファルコンSSR［これが私のウマドル道☆］ ビワハヤヒデSSR［響き合うストレイン］ キングヘイローSR［一流プランニング］ ミホノブルボンSR［鍛えぬくトモ］ ,スーパークリーク 正月テイエムオペラオー 新衣装トウカイテイオー 花嫁マヤノトップガン 水着マルゼンスキー ハロウィンライスシャワー
178,178,2,脚質別,先行,円弧のマエストロ,無駄のないコーナリングで持久力が回復する,,S,S,スーパークリークSSR［一粒の安らぎ］ ライスシャワーSSR［幸せは曲がり角の向こう］ ,スーパークリーク 正月テイエムオペラオー 花嫁マヤノトップガン
179,179,2,脚質別,先行,コーナー巧者◯,コーナーが得意になり速度がわずかに上がる,,A,B,オグリキャップSSR［愛してもらうんだぞ］ キタサンブラックSSR［迫る熱に押されて］ ファインモーションSSR［感謝は指先まで込めて］ マヤノトップガンSSR［フォーメーション：PARTY］ メジロマックイーンSSR［エースとして］ ファインモーションSR［GRMAラーメン♪］ マヤノトップガンSR［カワイイ＋カワイイは～？］ ,シンボリルドルフ ハロウィンスーパークリーク 花嫁マヤノトップガン
180,180,2,脚質別,先行,抜け出し準備,最終コーナーでわずかに抜け出しやすくなる,先行,A,A,エルコンドルパサーSSR［パッションチャンピオーナ！］ サクラチヨノオーSSR［今ぞ盛りのさくら花］ ダイワスカーレットSSR［トライフル☆バケーション］ ファインモーションSSR［感謝は指先まで込めて］ メジロマックイーンSSR［エースとして］ ヤエノムテキSSR［押して忍べど燃ゆるもの］ シリウスシンボリSR［一等星は揺るがない］ シンコウウインディSR［///WARNINGGATE///］ ダイワスカーレットSR［努力は裏切らない！］ フジキセキSR［やれやれ、お帰り］ メイショウドトウSR［幸せと背中合わせ］ ,カレンチャン サクラチヨノオー ダイワスカーレット テイエムオペラオー ファインモーション メイショウドトウ
181,181,2,脚質別,先行,スピードスター,最終コーナーで抜け出しやすくなる,先行,S,S,サクラチヨノオーSSR［今ぞ盛りのさくら花］ ファインモーションSSR［感謝は指先まで込めて］ ,サクラチヨノオー テイエムオペラオー ファインモーション メイショウドトウ
182,182,2,脚質別,先行,ハヤテ一文字,直線で速度が上がる,,A,B,ナリタブライアンSSR［天嗤う鏑矢］ ニシノフラワーSSR［まだ小さな蕾でも］ ,ナリタブライアン 新衣装メジロマックイーン
183,183,2,脚質別,先行,直滑降,下り坂がわずかに得意になる,先行,B,B,ライスシャワーSSR［幸せが舞う時］ ライスシャワーSSR［幸せは曲がり角の向こう］ ダイタクヘリオスSR［パリピ・ぱーりないと！］ ,新シンボリルドルフ ファインモーション ライスシャワー
184,184,2,脚質別,先行,決意の直滑降,下り坂が少し得意になる,先行,A,A,ニシノフラワーSSR［小さなカップに想いを込めて］ ,ファインモーション ライスシャワー
185,185,2,脚質別,先行,コーナー加速◯,華麗なコーナーワークで加速力がわずかに上がる,,A,A,オグリキャップSSR［愛してもらうんだぞ］ ナイスネイチャSSR［願いまでは拭わない］ ユキノビジンSSR［ふるさと直送エール！］ ユキノビジンSSR［宵照らす奉納舞］ ナイスネイチャSR［･･･ただの水滴ですって］ ナイスネイチャSR［むじゃむじゃむじゃき］ ユキノビジンSR［シチーガール入門＃］ ,花嫁エアグルーヴ オグリキャップ サクラチヨノオー
186,186,2,脚質別,先行,一陣の風,直線で加速力が上がる,,S,A,トウカイテイオーSSR［夢は掲げるものなのだっ！］ ,樫本理子SSR［徹底管理主義］
187,187,2,脚質別,先行,臨機応変,レース終盤にコース取りが少しうまくなる,,A,S,イクノディクタスSSR［心と足元は温かく］ ゼンノロブロイSSR［魔力授かりし英雄］ トウカイテイオーSSR［夢は掲げるものなのだっ！］ トウカイテイオーSSR［ふたつのノーブルライト］ ナイスネイチャSSR［願いまでは拭わない］ マヤノトップガンSSR［フォーメーション：PARTY］ エアグルーヴSR［副会長の一刺し］ ゼンノロブロイSR［おすすめ本、あります！］ ナイスネイチャSR［･･･ただの水滴ですって］ ナイスネイチャSR［むじゃむじゃむじゃき］ マヤノトップガンSR［カワイイ＋カワイイは～？］ ,エアグルーヴ エイシンフラッシュ トウカイテイオー ヒシアマゾン マヤノトップガン
188,188,2,脚質別,先行,レーンの魔術師,レース終盤にコース取りがうまくなるエアグルーヴ エイシンフラッシュ,,S,S,,エアグルーヴ エイシンフラッシュ
189,189,2,脚質別,先行,真っ向勝負,レース終盤に前方にいると加速力がわずかに上がる,先行,A,S,マヤノトップガンSSR［フォーメーション：PARTY］,
190,190,2,脚質別,差し,良バ場◯,「良」のバ場状態が少し得意になる,,S,A,ウイニングチケットSSR［B・N・Winner！！］ ウイニングチケットSSR［夢はホントに叶うんだ！］ ウイニングチケットSSR［全力！タントラムッッ！］ キングヘイローSSR［今宵、円舞曲にのせて］ サトノダイヤモンドSSR［その背中を超えて］ スーパークリークSSR［一粒の安らぎ］ ニシノフラワーSSR［まだ小さな蕾でも］ メイショウドトウSSR［飛びも出でぬべき心地すれ］ ライスシャワーSSR［幸せが舞う時］ ライスシャワーSSR［幸せは曲がり角の向こう］ キングヘイローSR［一流プランニング］ シーキングザパールSR［世界の真珠、その名は］ ニシノフラワーSR［あなたにささげる］ メイショウドトウSR［幸せと背中合わせ］ ニシノフラワーSSR［小さなカップに想いを込めて］ ,ウイニングチケット
191,191,2,脚質別,差し,一匹狼,自分だけが一匹狼の心を持つレースで少し能力が上がる,,B,A,ナリタタイシンSSR［いじっぱりのマルクト］ ナリタブライアンSSR［TwoPieces］ ナリタブライアンSSR［天嗤う鏑矢］ メジロパーマーSSR［バカと笑え］ 樫本理子SSR［徹底管理主義］ シリウスシンボリSR［一等星は揺るがない］ スイープトウショウSR［見習い魔女と長い夜］ ナリタタイシンSR［波立つキモチ］, ナリタタイシン ナリタブライアン
192,192,2,脚質別,差し,差しのコツ◯,良い位置に少しつきやすくなる,差し,S,S,スペシャルウィークSSR［日本一のステージを］ スペシャルウィークSSR［夕焼けはあこがれの色］ ゼンノロブロイSSR［魔力授かりし英雄］ メジロドーベルSSR［おもい、ねがう］ アグネスタキオンSR［生体Aに関する実験的研究］ ゼンノロブロイSR［おすすめ本、あります！］ メジロドーベルSR［目線は気にせず］ ,エイシンフラッシュ 新衣装グラスワンダー 新ゴールドシチー
193,193,2,脚質別,差し,小休憩,レース終盤に持久力がわずかに回復する,差し,B,C,ゴールドシチーSSR［RUN（my）way］ サトノダイヤモンドSSR［その背中を超えて］ ナイスネイチャSSR［願いまでは拭わない］ マチカネフクキタルSSR［袖振り合えば福となる♪］ ナイスネイチャSR［･･･ただの水滴ですって］ ナイスネイチャSR［むじゃむじゃむじゃき］ マチカネフクキタルSR［運の行方］ ,クリスマスオグリ 新衣装グラスワンダー ナイスネイチャ マチカネフクキタル マンハッタンカフェ
194,194,2,脚質別,差し,直線回復,直線で持久力がわずかに回復する,,A,A,ウオッカSSR［ロード・オブ・ウオッカ］ キタサンブラックSSR［迫る熱に押されて］ マヤノトップガンSSR［フォーメーション：PARTY］ ウオッカSR［うるさい監視役］ マヤノトップガンSR［カワイイ＋カワイイは～？］ トーセンジョーダンSSR［Inmyway］ ,ウオッカ マヤノトップガン
195,195,2,脚質別,差し,好転一息,直線で持久力が回復する,,S,A,ウオッカSSR［ロード・オブ・ウオッカ］ トーセンジョーダンSSR［Inmyway］ ,ウオッカ マヤノトップガン
196,196,2,脚質別,差し,コーナー回復◯,無駄のないコーナリングで持久力がわずかに回復する,,A,S,キタサンブラックSSR［迫る熱に押されて］ キングヘイローSSR［今宵、円舞曲にのせて］ スーパークリークSSR［一粒の安らぎ］ スマートファルコンSSR［これが私のウマドル道☆］ ビワハヤヒデSSR［響き合うストレイン］ キングヘイローSR［一流プランニング］ ミホノブルボンSR［鍛えぬくトモ］, スーパークリーク 正月テイエムオペラオー 新衣装トウカイテイオー 花嫁マヤノトップガン 水着マルゼンスキー ハロウィンライスシャワー
197,197,2,脚質別,差し,円弧のマエストロ,無駄のないコーナリングで持久力が回復する,,S,S,スーパークリークSSR［一粒の安らぎ］ ライスシャワーSSR［幸せは曲がり角の向こう］ ,スーパークリーク 正月テイエムオペラオー 花嫁マヤノトップガン
198,198,2,脚質別,差し,コーナー巧者◯,コーナーが得意になり速度がわずかに上がる,,A,B,オグリキャップSSR［愛してもらうんだぞ］ キタサンブラックSSR［迫る熱に押されて］ ファインモーションSSR［感謝は指先まで込めて］ マヤノトップガンSSR［フォーメーション：PARTY］ メジロマックイーンSSR［エースとして］ ファインモーションSR［GRMAラーメン♪］ マヤノトップガンSR［カワイイ＋カワイイは～？］ ,シンボリルドルフ ハロウィンスーパークリーク 花嫁マヤノトップガン
199,199,2,脚質別,差し,位置取り押し上げ,レース中盤で速度がわずかに上がる,差し,A,B,ウイニングチケットSSR［B・N・Winner！！］ ウイニングチケットSSR［夢はホントに叶うんだ！］ ウイニングチケットSSR［全力！タントラムッッ！］ グラスワンダーSSR［千紫万紅にまぎれぬ一凛］ マーベラスサンデーSSR［スノウクリスタル・デイ］ トーセンジョーダンSR［nailonTurf］ トーセンジョーダンSSR［Inmyway］, ウイニングチケット グラスワンダー 水着スペシャルウィーク タマモクロス バレンタインエイシンフラッシュ
200,200,2,脚質別,差し,迅速果断,レース中盤で速度が上がる,差し,S,A,タマモクロスSSR［天をも切り裂くイナズマ娘！］ マーベラスサンデーSSR［スノウクリスタル・デイ］, ウイニングチケット 水着スペシャルウィーク タマモクロス
201,201,2,脚質別,差し,外差し準備,最終コーナーで外から追い抜くと速度がわずかに上がる,差し,A,A,ウイニングチケットSSR［B・N・Winner！！］ ウイニングチケットSSR［夢はホントに叶うんだ！］ ウイニングチケットSSR［全力！タントラムッッ！］ オグリキャップSSR［愛してもらうんだぞ］ スペシャルウィークSSR［日本一のステージを］ スペシャルウィークSSR［夕焼けはあこがれの色］ ナカヤマフェスタSSR［43、8、1］ ナリタブライアンSSR［TwoPieces］ ナリタブライアンSSR［天嗤う鏑矢］ バンブーメモリーSSR［Head-onfight！］ ,新衣装エルコンドルパサー カワカミプリンセス スペシャルウィーク メジロライアン
202,202,2,脚質別,差し,昇り龍,最終コーナーで外から追い抜くと速度が上がる,差し,A,A,バンブーメモリーSSR［Head-onfight！］, 新衣装エルコンドルパサー カワカミプリンセス メジロライアン
203,203,2,脚質別,差し,十万バリキ,上り坂で速度がわずかに上がる,差し,B,B,ウイニングチケットSSR［全力！タントラムッッ！］ タマモクロスSSR［天をも切り裂くイナズマ娘！］ タマモクロスSSR［やったれハロウィンナイト！］ タマモクロスSR［これがウチらのいか焼きや！］ ,新衣装エルコンドルパサー ハルウララ
204,204,2,脚質別,差し,ハヤテ一文字,直線で速度が上がる,,A,B,ナリタブライアンSSR［天嗤う鏑矢］ ニシノフラワーSSR［まだ小さな蕾でも］ ,ナリタブライアン 新衣装メジロマックイーン
205,205,2,脚質別,差し,差し切り体勢,レース終盤で加速力がわずかに上がる,差し,A,A,ウイニングチケットSSR［B・N・Winner！！］ ウイニングチケットSSR［夢はホントに叶うんだ！］ ウイニングチケットSSR［全力！タントラムッッ！］ ウオッカSSR［ロード・オブ・ウオッカ］ グラスワンダーSSR［千紫万紅にまぎれぬ一凛］ ナカヤマフェスタSSR［43、8、1］ ウオッカSR［うるさい監視役］ メジロドーベルSR［目線は気にせず］, ウオッカ グラスワンダー ゴールドシチー トーセンジョーダン フルアーマー・フクキタル
206,206,2,脚質別,差し,乗り換え上手,レース終盤で加速力が上がる,差し,S,S,ウイニングチケットSSR［B・N・Winner！！］ ナイスネイチャSSR［願いまでは拭わない］ ,グラスワンダー ゴールドシチー トーセンジョーダン
207,207,2,脚質別,差し,コーナー加速◯,華麗なコーナーワークで加速力がわずかに上がる,,A,A,オグリキャップSSR［愛してもらうんだぞ］ ナイスネイチャSSR［願いまでは拭わない］ ユキノビジンSSR［ふるさと直送エール！］ ユキノビジンSSR［宵照らす奉納舞］ ナイスネイチャSR［･･･ただの水滴ですって］ ナイスネイチャSR［むじゃむじゃむじゃき］ ユキノビジンSR［シチーガール入門＃］ ,花嫁エアグルーヴ オグリキャップ サクラチヨノオー
208,208,2,脚質別,差し,一陣の風,直線で加速力が上がる,,S,A,トウカイテイオーSSR［夢は掲げるものなのだっ！］ 樫本理子SSR［徹底管理主義］,
209,209,2,脚質別,差し,臨機応変,レース終盤にコース取りが少しうまくなる,,A,S,イクノディクタスSSR［心と足元は温かく］ ゼンノロブロイSSR［魔力授かりし英雄］ トウカイテイオーSSR［夢は掲げるものなのだっ！］ トウカイテイオーSSR［ふたつのノーブルライト］ ナイスネイチャSSR［願いまでは拭わない］ マヤノトップガンSSR［フォーメーション：PARTY］ エアグルーヴSR［副会長の一刺し］ ゼンノロブロイSR［おすすめ本、あります！］ ナイスネイチャSR［･･･ただの水滴ですって］ ナイスネイチャSR［むじゃむじゃむじゃき］ マヤノトップガンSR［カワイイ＋カワイイは～？］ ,エアグルーヴ エイシンフラッシュ トウカイテイオー ヒシアマゾン マヤノトップガン
210,210,2,脚質別,差し,レーンの魔術師,レース終盤にコース取りがうまくなるエアグルーヴ エイシンフラッシュ,,S,S,,エイシンフラッシュ
211,211,2,脚質別,差し,大局観,レース中盤に観察力が高まり視野を広く持てる,差し,B,C,イクノディクタスSSR［心と足元は温かく］ メジロドーベルSSR［おもい、ねがう］ ,キングヘイロー
212,212,2,脚質別,差し,八方にらみ,レース終盤に他のウマ娘が動揺する,差し,B,A,,ナイスネイチャ メジロドーベル
213,213,2,脚質別,差し,百万バリキ,上り坂で速度が上がる,差し,A,A,タマモクロスSSR［やったれハロウィンナイト！］,
214,214,2,脚質別,追込,良バ場◯,「良」のバ場状態が少し得意になる,,S,A,ウイニングチケットSSR［B・N・Winner！！］ ウイニングチケットSSR［夢はホントに叶うんだ！］ ウイニングチケットSSR［全力！タントラムッッ！］ キングヘイローSSR［今宵、円舞曲にのせて］ サトノダイヤモンドSSR［その背中を超えて］ スーパークリークSSR［一粒の安らぎ］ ニシノフラワーSSR［まだ小さな蕾でも］ メイショウドトウSSR［飛びも出でぬべき心地すれ］ ライスシャワーSSR［幸せが舞う時］ ライスシャワーSSR［幸せは曲がり角の向こう］ キングヘイローSR［一流プランニング］ シーキングザパールSR［世界の真珠、その名は］ ニシノフラワーSR［あなたにささげる］ メイショウドトウSR［幸せと背中合わせ］ ニシノフラワーSSR［小さなカップに想いを込めて］ ,ウイニングチケット
215,215,2,脚質別,追込,一匹狼,自分だけが一匹狼の心を持つレースで少し能力が上がる,,B,A,ナリタタイシンSSR［いじっぱりのマルクト］ ナリタブライアンSSR［TwoPieces］ ナリタブライアンSSR［天嗤う鏑矢］ メジロパーマーSSR［バカと笑え］ 樫本理子SSR［徹底管理主義］ シリウスシンボリSR［一等星は揺るがない］ スイープトウショウSR［見習い魔女と長い夜］ ナリタタイシンSR［波立つキモチ］ ,ナリタタイシン ナリタブライアン
216,216,2,脚質別,追込,追込のコツ◯,良い位置に少しつきやすくなる,追込,S,S,ゴールドシップSSR［不沈艦の進撃］ ゴールドシップSSR［ウマ王伝説・最強になった件］ ヒシアマゾンSR［テッペンに立て！］,なし
217,217,2,脚質別,追込,後方待機,レース中盤に脚を溜めてわずかに疲れにくくなる,追込,A,A,ゴールドシップSSR［不沈艦の進撃］ ゴールドシップSSR［ウマ王伝説・最強になった件］ ナリタタイシンSSR［いじっぱりのマルクト］ ナリタタイシンSR［波立つキモチ］, ゴールドシップ ナリタタイシン
218,218,2,脚質別,追込,下校の楽しみ,下り坂でわずかに疲れにくくなる,追込,B,B,ゴールドシップSSR［不沈艦の進撃］ ゴールドシップSSR［ウマ王伝説・最強になった件］ スイープトウショウSSR［ツメたいヒトリジメ？］ スイープトウショウSR［見習い魔女と長い夜］ ,ゴールドシップ
219,219,2,脚質別,追込,下校後のスペシャリスト,下り坂で疲れにくくなる,追込,A,B,なし,ゴールドシップ
220,220,2,脚質別,追込,直線回復,直線で持久力がわずかに回復する,,A,A,ウオッカSSR［ロード・オブ・ウオッカ］ キタサンブラックSSR［迫る熱に押されて］ マヤノトップガンSSR［フォーメーション：PARTY］ ウオッカSR［うるさい監視役］ マヤノトップガンSR［カワイイ＋カワイイは～？］ トーセンジョーダンSSR［Inmyway］ ,ウオッカ マヤノトップガン
221,221,2,脚質別,追込,好転一息,直線で持久力が回復する,,S,A,ウオッカSSR［ロード・オブ・ウオッカ］ トーセンジョーダンSSR［Inmyway］ ,ウオッカ マヤノトップガン
222,222,2,脚質別,追込,コーナー回復◯,無駄のないコーナリングで持久力がわずかに回復する,,A,S,キタサンブラックSSR［迫る熱に押されて］ キングヘイローSSR［今宵、円舞曲にのせて］ スーパークリークSSR［一粒の安らぎ］ スマートファルコンSSR［これが私のウマドル道☆］ ,ビワハヤヒデSSR［響き合うストレイン］ キングヘイローSR［一流プランニング］ ミホノブルボンSR［鍛えぬくトモ］ スーパークリーク 正月テイエムオペラオー 新衣装トウカイテイオー 花嫁マヤノトップガン 水着マルゼンスキー ハロウィンライスシャワー
223,223,2,脚質別,追込,円弧のマエストロ,無駄のないコーナリングで持久力が回復する,,S,S,スーパークリークSSR［一粒の安らぎ］ ライスシャワーSSR［幸せは曲がり角の向こう］, スーパークリーク 正月テイエムオペラオー 花嫁マヤノトップガン
224,224,2,脚質別,追込,眠れる獅子,レース中盤に脚を溜めて疲れにくくなる,追込,S,S,ナリタタイシンSSR［いじっぱりのマルクト］ ,ナリタタイシン
225,225,2,脚質別,追込,コーナー巧者◯,コーナーが得意になり速度がわずかに上がる,,A,B,オグリキャップSSR［愛してもらうんだぞ］ キタサンブラックSSR［迫る熱に押されて］ ファインモーションSSR［感謝は指先まで込めて］ マヤノトップガンSSR［フォーメーション：PARTY］ メジロマックイーンSSR［エースとして］ ファインモーションSR［GRMAラーメン♪］ マヤノトップガンSR［カワイイ＋カワイイは～？］ ,シンボリルドルフ ハロウィンスーパークリーク 花嫁マヤノトップガン
226,226,2,脚質別,追込,ハヤテ一文字,直線で速度が上がる,,A,B,ナリタブライアンSSR［天嗤う鏑矢］ ニシノフラワーSSR［まだ小さな蕾でも］ ,ナリタブライアン 新衣装メジロマックイーン
227,227,2,脚質別,追込,直線一気,ラストスパートの直線で加速力がわずかに上がる,追込,A,S,ゴールドシップSSR［不沈艦の進撃］ ゴールドシップSSR［ウマ王伝説・最強になった件］ スイープトウショウSSR［ツメたいヒトリジメ？］ ヒシアマゾンSR［テッペンに立て！］ ,タマモクロス ナリタタイシン
228,228,2,脚質別,追込,迫る影,ラストスパートの直線で加速力が上がる,追込,S,S,,ナリタタイシン
229,229,2,脚質別,追込,仕掛け抜群,レース終盤に追い込み態勢に入り位置をわずかに上げる,追込,A,B,アドマイヤベガSSR［夜に暁、空に瑞星］ ナリタタイシンSSR［いじっぱりのマルクト］ ナリタタイシンSR［波立つキモチ］ ヒシアマゾンSR［テッペンに立て！］ ,アドマイヤベガ ヒシアマゾン
230,230,2,脚質別,追込,疾風怒濤,レース終盤に追い込み態勢に入り位置を上げる,追込,A,A,,アドマイヤベガ ヒシアマゾン
231,231,2,脚質別,追込,コーナー加速◯,華麗なコーナーワークで加速力がわずかに上がる,,A,A,オグリキャップSSR［愛してもらうんだぞ］ ナイスネイチャSSR［願いまでは拭わない］ ユキノビジンSSR［ふるさと直送エール！］ ユキノビジンSSR［宵照らす奉納舞］ ナイスネイチャSR［･･･ただの水滴ですって］ ナイスネイチャSR［むじゃむじゃむじゃき］ ユキノビジンSR［シチーガール入門＃］ ,花嫁エアグルーヴ オグリキャップ サクラチヨノオー
232,232,2,脚質別,追込,一陣の風,直線で加速力が上がる,,S,A,トウカイテイオーSSR［夢は掲げるものなのだっ！］ 樫本理子SSR［徹底管理主義］,
233,233,2,脚質別,追込,臨機応変,レース終盤にコース取りが少しうまくなる,,A,S,イクノディクタスSSR［心と足元は温かく］ ゼンノロブロイSSR［魔力授かりし英雄］ トウカイテイオーSSR［夢は掲げるものなのだっ！］ トウカイテイオーSSR［ふたつのノーブルライト］ ナイスネイチャSSR［願いまでは拭わない］ マヤノトップガンSSR［フォーメーション：PARTY］ エアグルーヴSR［副会長の一刺し］ ゼンノロブロイSR［おすすめ本、あります！］ ナイスネイチャSR［･･･ただの水滴ですって］ ナイスネイチャSR［むじゃむじゃむじゃき］ マヤノトップガンSR［カワイイ＋カワイイは～？］ ,エアグルーヴ エイシンフラッシュ トウカイテイオー ヒシアマゾン マヤノトップガン
234,234,2,脚質別,追込,レーンの魔術師,レース終盤にコース取りがうまくなる,,S,S,,エアグルーヴ エイシンフラッシュ
235,235,2,脚質別,追込,天命士,レース終盤に後ろの方にいると視野が広くなる,追込,B,B,スイープトウショウSSR［ツメたいヒトリジメ？］,
236,236,2,脚質別,追込,視界良好！異常なし！,左右に移動すると状況を把握して視野が少し広くなる,追込,B,C,,ゴールドシップ
237,237,3,距離別,短距離,電撃の煌めき,レース終盤に後ろの方だとスパートしやすくなる,短距離,C,A,キングヘイローSSR［今宵、円舞曲にのせて］ ,キングヘイロー
238,238,3,距離別,短距離,プランX,レース中盤に前の方にいると抜かしやすくなる,短距離,B,B,ビコーペガサスSSR［必殺！Wキャロットパンチ！］,なし
239,239,3,距離別,短距離,スプリントギア,直線で加速力がわずかに上がる,短距離,B,B,カレンチャンSSR［かなし君、うつくし君］ サクラバクシンオーSSR［はやい！うまい！はやい！］ ヒシアケボノSSR［召しませふぁーすとBite！］ シーキングザパールSR［世界の真珠、その名は］ サクラバクシンオーSSR［爆速！最速！花あらし！］ ,サクラバクシンオー ハルウララ
240,240,3,距離別,短距離,スプリントターボ,直線の加速力が上がる,,A,A,サクラバクシンオーSSR［はやい！うまい！はやい！］ ,サクラバクシンオー
241,241,3,距離別,短距離,仕掛け準備,レース中盤でゴールに向けて準備を少し整える,短距離,B,C,カレンチャンSSR［かなし君、うつくし君］ ビコーペガサスSSR［必殺！Wキャロットパンチ！］ ヒシアケボノSSR［召しませふぁーすとBite！］ ,カレンチャン ヒシアケボノ
242,242,3,距離別,マイル,直線回復,直線で持久力がわずかに回復する,,A,A,ウオッカSSR［ロード・オブ・ウオッカ］ キタサンブラックSSR［迫る熱に押されて］ マヤノトップガンSSR［フォーメーション：PARTY］ ウオッカSR［うるさい監視役］ マヤノトップガンSR［カワイイ＋カワイイは～？］ トーセンジョーダンSSR［Inmyway］ ,ウオッカ マヤノトップガン
243,243,3,距離別,マイル,好転一息,直線で持久力が回復する,,S,A,ウオッカSSR［ロード・オブ・ウオッカ］ トーセンジョーダンSSR［Inmyway］ ,ウオッカ マヤノトップガン
244,244,3,距離別,マイル,コーナー回復◯,無駄のないコーナリングで持久力がわずかに回復する,,A,S,キタサンブラックSSR［迫る熱に押されて］ キングヘイローSSR［今宵、円舞曲にのせて］ スーパークリークSSR［一粒の安らぎ］ スマートファルコンSSR［これが私のウマドル道☆］ ,ビワハヤヒデSSR［響き合うストレイン］ キングヘイローSR［一流プランニング］ ミホノブルボンSR［鍛えぬくトモ］ スーパークリーク 正月テイエムオペラオー 新衣装トウカイテイオー 花嫁マヤノトップガン 水着マルゼンスキー ハロウィンライスシャワー
245,245,3,距離別,マイル,円弧のマエストロ,無駄のないコーナリングで持久力が回復する,,S,S,スーパークリークSSR［一粒の安らぎ］ ライスシャワーSSR［幸せは曲がり角の向こう］, スーパークリーク 正月テイエムオペラオー 花嫁マヤノトップガン
246,246,3,距離別,マイル,マイルの支配者,レース序盤に先頭だと差を広げやすくなる,マイル,B,A,なし,タイキシャトル 水着マルゼンスキー
247,247,3,距離別,マイル,姉御肌,追い抜きが成功しやすくなる,マイル,A,B,なし,花嫁エアグルーヴ フジキセキ
248,248,3,距離別,マイル,豪脚,レース終盤に後ろの方だと追い抜く力が上がる,マイル,C,A,オグリキャップSSR［愛してもらうんだぞ］ グラスワンダーSSR［千紫万紅にまぎれぬ一凛］ ,ウオッカ 新衣装エルコンドルパサー
249,249,3,距離別,マイル,スピードイーター,レース中盤に先頭にいると後ろの速度をわずかに奪う,マイル,B,A,アイネスフウジンSSR［飛び出せ、キラメケ］ ダイタクヘリオスSSR［おどれ・さわげ・フェスれ！］ ダイタクヘリオスSR［パリピ・ぱーりないと！］ アイネスフウジンSR［頑張るキミに！］ ,水着マルゼンスキー
250,250,3,距離別,中距離,前途洋々,レース中盤に先頭だとわずかに疲れにくくなる,中距離,B,B,サイレンススズカSSR［輝く景色の、その先に］ サイレンススズカSSR［WINNINGDREAM］ サイレンススズカSSR［まだ見ぬ景色を求めて］ ダイワスカーレットSSR［トライフル☆バケーション］ タマモクロスSSR［天をも切り裂くイナズマ娘！］ タマモクロスSSR［やったれハロウィンナイト！］ ダイワスカーレットSR［努力は裏切らない！］ タマモクロスSR［これがウチらのいか焼きや！］ ,サイレンススズカ ミホノブルボン
251,251,3,距離別,中距離,切り開く者,レース中盤に先頭だと疲れにくくなる,中距離,B,B,サイレンススズカSSR［まだ見ぬ景色を求めて］ ,ミホノブルボン
252,252,3,距離別,中距離,直線回復,直線で持久力がわずかに回復する,,A,A,ウオッカSSR［ロード・オブ・ウオッカ］ キタサンブラックSSR［迫る熱に押されて］ マヤノトップガンSSR［フォーメーション：PARTY］ ウオッカSR［うるさい監視役］ マヤノトップガンSR［カワイイ＋カワイイは～？］ トーセンジョーダンSSR［Inmyway］ ,ウオッカ マヤノトップガン
253,253,3,距離別,中距離,好転一息,直線で持久力が回復する,,S,A,ウオッカSSR［ロード・オブ・ウオッカ］ トーセンジョーダンSSR［Inmyway］ ,ウオッカ マヤノトップガン
254,254,3,距離別,中距離,コーナー回復◯,無駄のないコーナリングで持久力がわずかに回復する,,A,S,キタサンブラックSSR［迫る熱に押されて］ キングヘイローSSR［今宵、円舞曲にのせて］ スーパークリークSSR［一粒の安らぎ］ スマートファルコンSSR［これが私のウマドル道☆］ ,ビワハヤヒデSSR［響き合うストレイン］ キングヘイローSR［一流プランニング］ ミホノブルボンSR［鍛えぬくトモ］ スーパークリーク 正月テイエムオペラオー 新衣装トウカイテイオー 花嫁マヤノトップガン 水着マルゼンスキー ハロウィンライスシャワー
255,255,3,距離別,中距離,円弧のマエストロ,無駄のないコーナリングで持久力が回復する,,S,S,スーパークリークSSR［一粒の安らぎ］ ライスシャワーSSR［幸せは曲がり角の向こう］, スーパークリーク 正月テイエムオペラオー 花嫁マヤノトップガン
256,256,3,距離別,中距離,軽やかステップ,左右に動いてもわずかに疲れにくくする,中距離,B,B,カワカミプリンセスSSR［花嫁たるもの！！］ サイレンススズカSSR［WINNINGDREAM］ タマモクロスSSR［天をも切り裂くイナズマ娘！］ タマモクロスSSR［やったれハロウィンナイト！］ トウカイテイオーSSR［夢は掲げるものなのだっ！］ トウカイテイオーSSR［ふたつのノーブルライト］ ナリタタイシンSSR［いじっぱりのマルクト］ タマモクロスSR［これがウチらのいか焼きや！］ メジロアルダンSR［その心に吹きすさぶ］ ,キングヘイロー トウカイテイオー 新衣装トウカイテイオー メジロアルダン メジロドーベル
257,257,3,距離別,中距離,神業ステップ,左右に動いても疲れにくくなる,中距離,A,B,なし,新衣装トウカイテイオー
258,258,3,距離別,中距離,テンポアップ,レース中盤に前の方だとわずかに好位置を取りやすくなる,,A,A,エルコンドルパサーSSR［パッションチャンピオーナ！］ オグリキャップSSR［愛してもらうんだぞ］ ダイワスカーレットSSR［トライフル☆バケーション］ ツインターボSSR［集まってコンステレーション］ ナリタブライアンSSR［天嗤う鏑矢］ メジロドーベルSSR［おもい、ねがう］ メジロライアンSSR［爽快！ウイニングショット！］ ヤエノムテキSSR［押して忍べど燃ゆるもの］ アグネスタキオンSR［生体Aに関する実験的研究］ エアグルーヴSR［副会長の一刺し］ ダイワスカーレットSR［努力は裏切らない！］ メジロドーベルSR［目線は気にせず］ メジロライアンSR［鍛えて、応えて！］ ,エアグルーヴ エルコンドルパサー ダイワスカーレット テイエムオペラオー メジロドーベル メジロライアン
259,259,3,距離別,中距離,キラーチューン,レース中盤に前の方だと好位置を取りやすくなる,中距離,A,A,エルコンドルパサーSSR［パッションチャンピオーナ！］ ツインターボSSR［集まってコンステレーション］ メイショウドトウSSR［飛びも出でぬべき心地すれ］ ,ダイワスカーレット テイエムオペラオー メジロライアン
260,260,3,距離別,中距離,イナズマステップ,レース中盤に後ろの方にいると少し囲まれにくくなる,中距離,C,B,タマモクロスSSR［天をも切り裂くイナズマ娘！］ タマモクロスSSR［やったれハロウィンナイト！］ トウカイテイオーSSR［夢は掲げるものなのだっ！］ トウカイテイオーSSR［ふたつのノーブルライト］ タマモクロスSR［これがウチらのいか焼きや！］, 水着スペシャルウィーク タマモクロス トウカイテイオー
261,261,3,距離別,中距離,ライトニングステップ,レース中盤に後ろの方にいると囲まれにくくなる,中距離,B,B,なし,トウカイテイオー
262,262,3,距離別,中距離,独占力,レース終盤に後ろの方にいると前の速度を下げる,中距離,C,A,なし,アグネスタキオン グラスワンダー シンボリルドルフ バレンタインエイシンフラッシュ
263,263,3,距離別,中距離,決死の覚悟,ラストスパートの直線で好位置にいると速度が上がる,中距離,B,A,ナカヤマフェスタSSR［43、8、1］ ,メジロアルダン
264,264,3,距離別,長距離,直線回復,直線で持久力がわずかに回復する,,A,A,ウオッカSSR［ロード・オブ・ウオッカ］ キタサンブラックSSR［迫る熱に押されて］ マヤノトップガンSSR［フォーメーション：PARTY］ ウオッカSR［うるさい監視役］ マヤノトップガンSR［カワイイ＋カワイイは～？］ トーセンジョーダンSSR［Inmyway］ ,ウオッカ マヤノトップガン
265,265,3,距離別,長距離,好転一息,直線で持久力が回復する,,S,A,ウオッカSSR［ロード・オブ・ウオッカ］ トーセンジョーダンSSR［Inmyway］ ,ウオッカ マヤノトップガン
266,266,3,距離別,長距離,深呼吸,直線に入ると息を入れてわずかに疲れにくくなる,長距離,B,B,スーパークリークSSR［一粒の安らぎ］ マチカネタンホイザSSR［Just・keep・going］ メジロマックイーンSSR［エースとして］ ライスシャワーSSR［幸せが舞う時］ ライスシャワーSSR［幸せは曲がり角の向こう］ ,新衣装グラスワンダー スーパークリーク ビワハヤヒデ マヤノトップガン 新衣装メジロマックイーン ライスシャワー
267,267,3,距離別,長距離,クールダウン,直線に入ると息を入れて疲れにくくなる,長距離,A,A,ビワハヤヒデSSR［響き合うストレイン］ メジロマックイーンSSR［エースとして］ ,新衣装グラスワンダー ビワハヤヒデ 新衣装メジロマックイーン ライスシャワー
268,268,3,距離別,長距離,パス上手,追い抜く気持ちが湧きわずかに疲れにくくなる,,B,B,ナリタタイシンSSR［いじっぱりのマルクト］ マンハッタンカフェSSR［独奏・螺旋追走曲］ ライスシャワーSSR［幸せは曲がり角の向こう］ マンハッタンカフェSR［雨の独奏、私の独創］ ,サンタビワハヤヒデ マンハッタンカフェ
269,269,3,距離別,長距離,コーナー回復◯,無駄のないコーナリングで持久力がわずかに回復する,,A,S,キタサンブラックSSR［迫る熱に押されて］ キングヘイローSSR［今宵、円舞曲にのせて］ スーパークリークSSR［一粒の安らぎ］ スマートファルコンSSR［これが私のウマドル道☆］ ,ビワハヤヒデSSR［響き合うストレイン］ キングヘイローSR［一流プランニング］ ミホノブルボンSR［鍛えぬくトモ］ スーパークリーク 正月テイエムオペラオー 新衣装トウカイテイオー 花嫁マヤノトップガン 水着マルゼンスキー ハロウィンライスシャワー
270,270,3,距離別,長距離,円弧のマエストロ,無駄のないコーナリングで持久力が回復する,,S,S,スーパークリークSSR［一粒の安らぎ］ ライスシャワーSSR［幸せは曲がり角の向こう］, スーパークリーク 正月テイエムオペラオー 花嫁マヤノトップガン
271,271,3,距離別,長距離,怒涛の追い上げ,レース終盤で追い抜くと速度が上がる,長距離,A,A,なし,フルアーマー・フクキタル
272,272,3,距離別,長距離,スタミナイーター,レース中盤で後ろの方にいると前方の持久力をちょっと奪う,長距離,C,B,マンハッタンカフェSSR［独奏・螺旋追走曲］ マンハッタンカフェSR［雨の独奏、私の独創］ ,マンハッタンカフェ
273,273,3,距離別,長距離,VIP顔パス,追い抜く気持ちが湧き疲れにくくなる,長距離,A,A,なし,サンタビワハヤヒデ
274,274,4,デバフスキル,B,独占力,レース終盤に後ろの方にいると前の速度を下げる,中距離,C,A,なし,アグネスタキオン グラスワンダー シンボリルドルフ バレンタインエイシンフラッシュ
275,275,4,デバフスキル,A,差しためらい,レース終盤に作戦・差しのウマ娘をためらわせて速度をわずかに下げる,,A,A,カレンチャンSSR［かなし君、うつくし君］ ナイスネイチャSSR［願いまでは拭わない］ バンブーメモリーSSR［Head-onfight！］ ナイスネイチャSR［･･･ただの水滴ですって］ ナイスネイチャSR［むじゃむじゃむじゃき］ ,ナイスネイチャ
276,276,4,デバフスキル,A,先行ためらい,レース終盤に作戦・先行のウマ娘をためらわせて速度をわずかに下げる,,A,A,スーパークリークSSR［一粒の安らぎ］ セイウンスカイSSR［待望の大謀］ セイウンスカイSSR［明日は全国的に赤でしょう♪］ マーベラスサンデーSSR［スノウクリスタル・デイ］ マーベラスサンデーSR［マーベラス☆大作戦］ メジロアルダンSR［その心に吹きすさぶ］ ,スーパークリーク セイウンスカイ
277,277,4,デバフスキル,A,追込ためらい,レース終盤に作戦・追込のウマ娘をためらわせて速度をわずかに下げる,,A,A,エアグルーヴSR［副会長の一刺し］ ヒシアマゾンSR［テッペンに立て！］ 桐生院葵SR［共に同じ道を！］ ,エアグルーヴ
278,278,4,デバフスキル,A,逃げためらい,レース終盤に作戦・逃げのウマ娘をためらわせて速度をわずかに下げる,,A,A,サトノダイヤモンドSSR［その背中を超えて］ マーベラスサンデーSSR［スノウクリスタル・デイ］ シンコウウインディSR［///WARNINGGATE///］ マーベラスサンデーSR［マーベラス☆大作戦］ ,ハロウィンライスシャワー
279,279,4,デバフスキル,A,八方にらみ,レース終盤に他のウマ娘が動揺する,差し,B,A,＜作戦・差し＞ナイスネイチャ ,メジロドーベル
280,280,4,デバフスキル,,差しけん制,レース序盤に作戦・差しのウマ娘をけん制してわずかに疲れやすくする,,B,C,なし,シンボリルドルフ
281,281,4,デバフスキル,,先行けん制,レース序盤に作戦・先行のウマ娘をけん制してわずかに疲れやすくする,,B,C,アドマイヤベガSSR［夜に暁、空に瑞星］ ライスシャワーSSR［幸せが舞う時］ ライスシャワーSSR［幸せは曲がり角の向こう］ ,アドマイヤベガ メイショウドトウ ライスシャワー
282,282,4,デバフスキル,,追込けん制,レース序盤に作戦・追込のウマ娘をけん制してわずかに疲れやすくする調査中,,B,C,調査中,調査中
283,283,4,デバフスキル,,逃げけん制,レース序盤に作戦・逃げのウマ娘をけん制してわずかに疲れやすくする,,B,C,マチカネタンホイザSSR［Just・keep・going］ アグネスタキオンSR［生体Aに関する実験的研究］ 桐生院葵SR［共に同じ道を！］,なし
284,284,4,デバフスキル,B,スタミナイーター,レース中盤で後ろの方にいると前方の持久力をちょっと奪う,長距離,C,B,マンハッタンカフェSSR［独奏・螺旋追走曲］ マンハッタンカフェSR［雨の独奏、私の独創］ ,マンハッタンカフェ
285,285,4,デバフスキル,B,魅惑のささやき,レース中盤にすぐ前のウマ娘を惑わせる,中距離,B,B,なし,ハロウィンスーパークリーク ナイスネイチャ 花嫁マヤノトップガン
286,286,4,デバフスキル,B,差し焦り,レース中盤に作戦・差しのウマ娘を焦らせてわずかに疲れやすくする,,B,C,タマモクロスSSR［天をも切り裂くイナズマ娘！］ タマモクロスSSR［やったれハロウィンナイト！］ タマモクロスSR［これがウチらのいか焼きや！］,
287,287,4,デバフスキル,,先行焦り,レース中盤に作戦・先行のウマ娘を焦らせてわずかに疲れやすくする,,B,C,アドマイヤベガSSR［夜に暁、空に瑞星］ グラスワンダーSSR［千紫万紅にまぎれぬ一凛］ メジロパーマーSSR［バカと笑え］ ライスシャワーSSR［幸せが舞う時］ ライスシャワーSSR［幸せは曲がり角の向こう］, グラスワンダー
288,288,4,デバフスキル,B,追込焦り,レース中盤に作戦・追込のウマ娘を焦らせてわずかに疲れやすくする,,B,C,エアグルーヴSR［副会長の一刺し］ フジキセキSR［やれやれ、お帰り］ ,エアグルーヴ
289,289,4,デバフスキル,B,逃げ焦り,レース中盤に作戦・逃げのウマ娘を焦らせてわずかに疲れやすくする,,B,C,サクラバクシンオーSSR［はやい！うまい！はやい！］ サトノダイヤモンドSSR［その背中を超えて］ サクラバクシンオーSSR［爆速！最速！花あらし！］, サクラバクシンオー
290,290,4,デバフスキル,B,スピードイーター,レース中盤に先頭にいると後ろの速度をわずかに奪う,マイル,B,A,アイネスフウジンSSR［飛び出せ、キラメケ］ ダイタクヘリオスSSR［おどれ・さわげ・フェスれ！］ ダイタクヘリオスSR［パリピ・ぱーりないと！］ アイネスフウジンSR［頑張るキミに！］ ,水着マルゼンスキー
291,291,5,継承でおすすめ,固有スキル,汝、皇帝の神威を見よ,終盤に3回追い抜くと速度がすごく上がる,,,,なし,シンボリルドルフ
292,292,5,継承でおすすめ,固有スキル,ヴィクトリーショット！,最終コーナーで3位以下上位50%以上だと加速力が上がる,,,,なし,タイキシャトル
293,293,5,継承でおすすめ,固有スキル,紅焔ギア/LP1211-M,最終コーナー以降で5位以上だと加速力が上がる,,,,なし,マルゼンスキー
294,294,5,継承でおすすめ,固有スキル,勝利の鼓動,残り200mで2位以下5位以上、上位50%以上の順位だと速度がすごく上がる,,,,なし,オグリキャップ
295,295,5,継承でおすすめ,固有スキル,レッツ・アナボリック！,終盤のコーナーで下位30%付近にいると加速力が上がる,,,,なし,メジロライアン
296,296,5,継承でおすすめ,固有スキル,アングリング×スキーミング,終盤のコーナーで1位だと加速力が上がる,,,,なし,セイウンスカイ
