id,genreNo,genreName,skillName,hurigana,champEvaluation,teamEvaluation,type,anotherSkill,effect,EvaluationSentence,needPint,evaluationPoint,evaluationEfficiency
1,1,通常スキル,アオハル点火・根,あおはるてんかこん,2,1,ノーマル,アオハル燃焼・根,レース終盤にアオハル魂が燃えレース中チームメンバーの根性合計が高いほど脚にちょっと力強さが宿る,終盤で速度を上げるスキル。根性は合計値を上げにくいため効果量を増やしづらいのが難点。取得に必要なPtが非常に高いためチーム競技場には不向き。,200,263,1.32
2,1,通常スキル,アオハル点火・速,あおはるてんかそく,4,2,ノーマル,アオハル燃焼・速,レース中盤にアオハル魂が燃えレース中のチームメンバーのスピード合計が高いほど速度がわずかに上がる,中盤から前に出たい逃げ/先行と特に相性が良く、スピードは高くなりやすいので効果量も増やしやすい。取得に必要なPtが非常に高いためチーム競技場には不向き。,200,263,1.32
3,1,通常スキル,遊びはおしまいっ！,あそびはおしまい,2,3,ノーマル,,すぐ後ろにウマ娘が長くいると速度がわずかに上がる,汎用的なスキルだが、最後尾を走る可能性がある追込とはやや相性が悪い。,160,217,1.36
4,1,通常スキル,あやしげな作戦,あやしげなさくせん,1,2,ノーマル,博打うち,レース後半に速度が少し上がるがすごく疲れてしまうことがある,レース後半のランダムな地点で発動する。発動しやすく必要なPtも低いため競技場に向いているが、確率でスタミナを減少する場合がある。スタミナに余裕がない場合は非推奨。,120,129,1.08
5,1,通常スキル,ありったけ,ありったけ,4,3,ノーマル,決死の覚悟,ラストスパートの直線で好位置にいると速度がわずかに上がる＜中距離＞,発動条件は逃げ以外と相性が良い。発動タイミングがラストスパートの直線に限定されているため、速度上昇効果が無駄になりにくい点が優秀。,160,239,1.36
6,1,通常スキル,急ぎ足,いそぎあし,4,4,ノーマル, 脱出術,レース中盤でわずかに前に行きやすくなる＜作戦・逃げ＞,速度を上げる効果。発動しやすく、逃げの先頭争いに役立つ優秀な速度スキル。,180,239,1.21
7,1,通常スキル,位置取り押し上げ,いちとりあげ,3,3,ノーマル,迅速果断,レース中盤で速度がわずかに上がる＜作戦・差し＞,中盤の好位置取りに役立つが、終盤で後方が発動条件となっているスキルの発動率が下がる可能性がある,180,239,1.21
8,1,通常スキル,内弁慶,うちべんけい,4,4,ノーマル,内的体験,最終コーナーで内ラチ側にいると速度がわずかに上がる＜長距離＞,長距離では最終コーナーでの速度アップはタイミングが良くなることが多い。コースの内側にいる必要があるが、どの作戦でも比較的発動しやすい。,160,239,1.36
9,1,通常スキル,ウマ好み,うまごのみ,3,3,ノーマル,ウママニア, 近くにウマ娘がたくさんいると速度がわずかに上がる,発動率は同じ作戦のウマ娘の人数に左右される。速度スキルの中では必要Ptが低めな点が優秀。,160,217,1.36
10,1,通常スキル,追い上げ,おいあげ,4,4,ノーマル,怒涛の追い上げ,終盤で順位を上げていく後ろの作戦ほど相性が良い。発動率、タイミングともに優秀な速度スキル。, レース終盤で追い抜くと速度がわずかに上がる＜長距離＞,160,239,1.36
11,1,通常スキル,追込コーナー◎,おいこみこーなーにじゅうまる,5,2,ノーマル,追込コーナー◯,コーナーで速度がわずかに上がる＜作戦・追込＞,取得に必要なPtが低くどの距離でも使える。追込で育成する場合の優先度は高いが、競技場では◎にしてもスコア加算は変わらないので◯で止めよう。,270,288,1.87
12,1,通常スキル,追込コーナー◯,おいこみこーなーまる,5,5,ノーマル,追込コーナー◎, コーナーで速度がわずかに上がる＜作戦・追込＞,取得に必要なPtが低くどの距離でも使える。追込で育成する場合の優先度は高い。,130,239,1.67
13,1,通常スキル,追込直線◯,おいこみちょくせんまる,5,5,ノーマル,追込直線◎,直線で速度がわずかに上がる＜作戦・追込＞,直線で速度がわずかに上がる＜作戦・追込＞取得に必要なPtが低くどの距離でも使える。追込で育成する場合の優先度は高い。,130,239,1.67
14,1,通常スキル,追込直線◎,おいこみちょくせんにじゅうまる,5,2,ノーマル,追込直線◯,直線で速度がわずかに上がる＜作戦・追込＞,取得に必要なPtが低くどの距離でも使える。追込で育成する場合の優先度は高いが、競技場では◎にしてもスコア加算は変わらないので◯で止めよう。,270,288,1.87
15,1,通常スキル,大きなリード,おおきなりーど,1,1,ノーマル,圧倒的リード,レース中盤に大きく差をつけ先頭だとリードをわずかに保ちやすい＜短距離＞,速度を上げる効果。発動条件が厳しく、逃げでも発動しづらいので評価点を上げる目的以外での取得優先度は低め。,170,288,1.54
16,1,通常スキル,影打,かげだ,4,4,ノーマル,真打,レース終盤が迫ったとき前方にいると速度がわずかに上がる＜長距離＞,発動地点がある程度決まっているため無駄になりづらい点が非常に優秀。発動条件も逃げ先行なら安定して満たしやすい。,160,239,1.36
17,1,通常スキル,軽い足取り,かるいあしどり,4,4,ノーマル,意気衝天,レース終盤が迫ったとき前方にいると速度がわずかに上がる＜短距離＞,発動タイミングが非常に優秀な短距離用速度スキル。中盤の後半で発動するため速度アップ効果が無駄になりにくい。発動条件は逃げ先行向き。,160,239,1.36
18,1,通常スキル,ギアシフト,ぎあしふと,4,4,ノーマル,ギアチェンジ,レース中盤に前の方にいるとわずかに抜かしやすくなる＜マイル＞,速度を上げる効果。発動条件は逃げ先行と相性が良い。抜かしやすくなると表現されているが先頭でも発動する。,160,239,1.36
19,1,通常スキル,食い下がり,くいさがり,1,1,ノーマル,勝利への執念,最終コーナーで追い抜かれるとわずかに差し返しやすくなる＜中距離＞,速度が上がり、加速力も若干上がる効果。差しや追込で先に仕掛けた相手を差し返すという運用が効果的。逃げや先行でも発動可能だが、最終コーナーで追い抜かれる展開だと勝利は難しい。,160,239,1.36
20,1,通常スキル,コーナー巧者◯,こーなーこうしゃまる,4,4,ノーマル,弧線のプロフェッサー,コーナーが得意になり速度がわずかに上がる,汎用性が高く、発動しやすい速度スキル。コーナースキルはほとんどのコースで中盤発動になる。,180,217,1.21
21,1,通常スキル,差しコーナー◯,さしこーなーまる,5,5,ノーマル,差しコーナー◎,コーナーで速度がわずかに上がる＜作戦・差し＞,取得に必要なPtが低くどの距離でも使える。差しで育成する場合の優先度は高い。,130,239,1.67
22,1,通常スキル,差しコーナー◎,さしこーなーにじゅうまる,5,2,ノーマル,差しコーナー◯,コーナーで速度がわずかに上がる＜作戦・差し＞,取得に必要なPtが低くどの距離でも使える。差しで育成する場合の優先度は高いが、競技場では◎にしてもスコア加算は変わらないので◯で止めよう。,270,288,1.87
23,1,通常スキル,差し直線◎,さしちょくせんにじゅうまる,5,2,ノーマル,差し直線◯,直線で速度がわずかに上がる＜作戦・差し＞,取得に必要なPtが低くどの距離でも使える。差しで育成する場合の優先度は高いが、競技場では◎にしてもスコア加算は変わらないので◯で止めよう。,270,288,1.87
24,1,通常スキル,差し直線◯,さしちょくせんまる,5,5,ノーマル,差し直線◎,直線で速度がわずかに上がる＜作戦・差し＞,取得に必要なPtが低くどの距離でも使える。差しで育成する場合の優先度は高い。,130,239,1.67
25,1,通常スキル,仕掛け抜群,しかけばつぐん,2,2,ノーマル,疾風怒濤,レース終盤に後方にいると追い込み態勢に入り位置をわずかに上げる＜作戦・追込＞,速度を上げる効果。発動タイミングはレース終盤ランダムだが、終盤直ぐに発動してしまうとスパートの加速中なので効果を活かしづらい。,180,239,1.21
26,1,通常スキル,尻尾上がり,しっぽあがり,4,4,ノーマル,尻尾の滝登り,レース中盤にスキルを多く発動すると速度がわずかに上がる,他のスキルを3つ発動することで発動する。中盤発動のスキルを複数確保できるならどの作戦でもおすすめ。,100,217,2.17
27,1,通常スキル,十万バリキ,じゅうまんばりき,4,4,ノーマル,百万バリキ,上り坂で速度がわずかに上がる＜作戦・差し＞,発動タイミングはランダムな上り坂。必要Ptが低く、発動しやすいので競技場で特におすすめ。,120,239,1.81
28,1,通常スキル,末脚,すえあし,3,5,ノーマル,全身全霊,ラストスパートで速度がわずかに上がる,発動率が高く、終盤の後半に発動するので、ゴール直前に発動する可能性を除けば効果を活かしやすい。どの作戦でも使える汎用性の高さも優秀。,170,217,1.28
29,1,通常スキル,スリップストリーム,すりっぷすとりーむ,2,3,ノーマル,なし,速度を上げる効果。汎用的なスキルだが、先頭を走る可能性がある逃げとはやや相性が悪い。,前のウマ娘のすぐ後ろに付けると風の抵抗をわずかに受けにくくなる,160,217,1.36
30,1,通常スキル,積極策,せっきょくさく,4,4,ノーマル,マイルの支配者,速度を上げる効果。発動条件は逃げ先行と相性が良く、発動率も高い。,レース序盤に前方にいるとわずかに差を広げやすくなる＜マイル＞,160,239,1.36
31,1,通常スキル,先行コーナー◯,せんこうこーなーまる,5,5,ノーマル,先行コーナー◎,コーナーで速度がわずかに上がる＜作戦・先行＞,取得に必要なPtが低くどの距離でも使える。先行で育成する場合の優先度は高い。,130,239,1.67
32,1,通常スキル,先行コーナー◎,せんこうこーなーにじゅうまる,5,2,ノーマル,先行コーナー◯,コーナーで速度がわずかに上がる＜作戦・先行＞,取得に必要なPtが低くどの距離でも使える。先行で育成する場合の優先度は高いが、競技場では◎にしてもスコア加算は変わらないので◯で止めよう。,270,288,1.87
33,1,通常スキル,先行直線◯,せんこうちょくせんまる,4,4,ノーマル,先行直線◎,直線で速度がわずかに上がる＜作戦・先行＞,取得に必要なPtが低くどの距離でも使える。先行で育成する場合は優先して取得したい。,130,239,1.67
34,1,通常スキル,先行直線◎,せんこうちょくせんにじゅうまる,4,2,ノーマル,先行直線◯,直線で速度がわずかに上がる＜作戦・先行＞,取得に必要なPtが低くどの距離でも使える。先行で育成する場合は優先して取得したいが、競技場では◎にしてもスコア加算は変わらないので◯で止めよう。,270,288,1.87
35,1,通常スキル,先頭プライド,せんとうぷらいど,4,3,ノーマル,トップランナー,レース序盤または中盤に追い抜きや競り合いにわずかに強くなる＜作戦・逃げ＞,速度を上げる効果。逃げの先頭争いの中で発動しやすい重要なスキル。必要Ptが高いので競技場にはやや不向き。,180,239,1.21
36,1,通常スキル,外差し準備,そとざしじゅんび,3,3,ノーマル,昇り龍,最終コーナーで外から追い抜くと速度がわずかに上がる＜作戦・差し＞,最終コーナーの位置によって恩恵と発動率が影響される。最終コーナーが終盤に含まれる長距離ほど相性が良い。取得に必要なPtが高いためチーム競技場には不向き。,180,239,1.21
37,1,通常スキル,短距離コーナー◯,たんきょりこーなーまる,5,5,ノーマル,短距離コーナー◎,コーナーで速度がわずかに上がる＜短距離＞,取得に必要なPtが低くどの作戦でも使える。短距離向けに育成する場合の優先度は高めだが、短距離はコーナーが存在しないコースがある点に注意。,100,239,2.17
38,1,通常スキル,短距離コーナー◎,たんきょりこーなーにじゅうまる,5,2,ノーマル,短距離コーナー◯,コーナーで速度がわずかに上がる＜短距離＞,取得に必要なPtが低くどの作戦でも使える。短距離はコーナーが存在しないコースがある点に注意。競技場では◎にしてもスコア加算は変わらないので◯で止めよう。,210,288,2.38
39,1,通常スキル,短距離直線◎,たんきょりちょくせんにじゅうまる,5,2,ノーマル,短距離直線◯,直線で速度がわずかに上がる＜短距離＞,取得に必要なPtが低くどの作戦でも使える。短距離向けに育成する場合の優先度は高いが、競技場では◎にしてもスコア加算は変わらないので◯で止めよう。,210,288,2.38
40,1,通常スキル,短距離直線◯,たんきょりちょくせんまる,5,5,ノーマル,短距離直線◎,直線で速度がわずかに上がる＜短距離＞,取得に必要なPtが低くどの作戦でも使える。短距離向けに育成する場合の優先度は高い。,100,239,2.17
41,1,通常スキル,中距離コーナー◎,ちゅうきょりこーなーにじゅうまる,5,2,ノーマル,中距離コーナー◯,コーナーで速度がわずかに上がる＜中距離＞,取得に必要なPtが低くどの作戦でも使える。中距離向けに育成する場合の優先度は高いが、競技場では◎にしてもスコア加算は変わらないので◯で止めよう。,210,288,2.38
42,1,通常スキル,中距離コーナー◯,ちゅうきょりこーなーまる,5,5,ノーマル,中距離コーナー◎,コーナーで速度がわずかに上がる＜中距離＞,取得に必要なPtが低くどの作戦でも使える。中距離向けに育成する場合の優先度は高い。,100,239,2.17
43,1,通常スキル,中距離直線◎,ちゅうきょりちょくせんにじゅうまる,5,2,ノーマル,光芒一閃,直線で速度がわずかに上がる＜中距離＞,取得に必要なPtが低くどの作戦でも使える。中距離向けに育成する場合の優先度は高いが、競技場では◎にしてもスコア加算は変わらないので◯で止めよう。,210,288,2.38
44,1,通常スキル,中距離直線◯,ちゅうきょりちょくせんまる,5,5,ノーマル,中距離直線◎,直線で速度がわずかに上がる＜中距離＞,取得に必要なPtが低くどの作戦でも使える。中距離向けに育成する場合の優先度は高い。,100,239,2.17
45,1,通常スキル,長距離コーナー◯,ちょうきょりこーなーまる,5,5,ノーマル,長距離コーナー◎,コーナーで速度がわずかに上がる＜長距離＞,取得に必要なPtが低くどの作戦でも使える。長距離向けに育成する場合の優先度は高い。,100,239,2.17
46,1,通常スキル,長距離コーナー◎,ちょうきょりこーなーにじゅうまる,5,2,ノーマル,長距離コーナー◯,コーナーで速度がわずかに上がる＜長距離＞,取得に必要なPtが低くどの作戦でも使える。長距離向けに育成する場合の優先度は高いが、競技場では◎にしてもスコア加算は変わらないので◯で止めよう。,210,288,2.38
47,1,通常スキル,長距離直線◎,ちょうきょりちょくせんにじゅうまる,5,2,ノーマル,烈風一閃,直線で速度がわずかに上がる＜長距離＞,取得に必要なPtが低くどの作戦でも使える。長距離向けに育成する場合の優先度は高いが、競技場では◎にしてもスコア加算は変わらないので◯で止めよう。,210,288,2.38
48,1,通常スキル,長距離直線◯,ちょうきょりちょくせんまる,5,5,ノーマル,長距離直線◎,直線で速度がわずかに上がる＜長距離＞,取得に必要なPtが低くどの作戦でも使える。長距離向けに育成する場合の優先度は高い。,100,239,2.17
49,1,通常スキル,直線巧者,ちょくせんこうしゃ,3,3,ノーマル,ハヤテ一文字,直線で速度がわずかに上がる,汎用性が高く、発動しやすい速度スキル。作戦や距離の条件がある直線スキルよりも取得に必要なPtが高いので優先度は低め。,170,217,1.28
50,1,通常スキル,詰め寄り,つめより,2,1,ノーマル,電撃の煌めき,レース終盤に後ろの方だとわずかにスパートしやすくなる＜短距離＞,速度上昇と若干の加速力上昇効果。発動条件が厳しめなので、差しや追込でも発動率はやや低め。,160,239,1.36
51,1,通常スキル,テンポアップ,てんぽあっぷ,3,4,ノーマル,キラーチューン,レース中盤に前の方だとわずかに好位置を取りやすくなる＜中距離＞,速度を上げる効果。発動条件は逃げ先行と相性が良く、発動率が高い。,160,239,1.36
52,1,通常スキル,逃げコーナー◯,にげこーなーまる,5,5,ノーマル,逃げコーナー◎,コーナーで速度がわずかに上がる＜作戦・逃げ＞,逃げの速度アップはいつ発動しても無駄になりにくい。取得に必要なPtが低い優秀なスキル。,130,239,1.67
53,1,通常スキル,逃げコーナー◎,にげこーなーにじゅうまる,5,2,ノーマル,逃げコーナー◯,コーナーで速度がわずかに上がる＜作戦・逃げ＞,逃げの速度アップはいつ発動しても無駄になりにくい。競技場では◎にしてもスコア加算は変わらないので◯で止めよう。,270,288,1.87
54,1,通常スキル,逃げ直線◯,にげちょくせんまる,5,5,ノーマル,逃げ直線◎,直線で速度がわずかに上がる＜作戦・逃げ＞,逃げの速度アップはいつ発動しても無駄になりにくい。取得に必要なPtが低い優秀なスキル。,130,239,1.67
55,1,通常スキル,逃げ直線◎,にげちょくせんにじゅうまる,5,2,ノーマル,逃げ直線◯,直線で速度がわずかに上がる＜作戦・逃げ＞,逃げの速度アップはいつ発動しても無駄になりにくい。競技場では◎にしてもスコア加算は変わらないので◯で止めよう。,270,288,1.87
56,1,通常スキル,抜け出し準備,ぬけだしじゅんび,3,3,ノーマル,スピードスター,最終コーナーでわずかに抜け出しやすくなる＜作戦・先行＞,速度を上げる効果。取得に必要なPtは高いが、発動率しやすく発動位置が最終コーナーに限定されているため効果も活かしやすい。,180,239,1.21
57,1,通常スキル,早仕掛け,はやしかけ,4,3,ノーマル,強攻策,レース中盤に後方にいるとしばらくの間速度がちょっと上がる＜作戦・追込＞,他の速度スキルよりも効果が低い代わりに持続時間が長い。発動条件は易しく、追込で自然に満たしやすい。,180,239,1.21
58,1,通常スキル,ペースアップ,ぺーすあっぷ,4,4,ノーマル,アガッてきた！,レース中盤に追い抜くと速度がわずかに上がる,汎用性は高いが、発動率はそこそこ。先頭を走る可能性がある逃げとはやや相性が悪い。,170,217,1.28
59,1,通常スキル,マイルコーナー◯,まいるこーなーまる,5,5,ノーマル,マイルコーナー◎,コーナーで速度がわずかに上がる＜マイル＞,取得に必要なPtが低くどの作戦でも使える。マイル向けに育成する場合の優先度は高い。,100,239,2.17
60,1,通常スキル,マイルコーナー◎,まいるこーなーにじゅうまる,5,2,ノーマル,マイルコーナー◯,コーナーで速度がわずかに上がる＜マイル＞,取得に必要なPtが低くどの作戦でも使える。マイル向けに育成する場合の優先度は高いが、競技場では◎にしてもスコア加算は変わらないので◯で止めよう。,210,288,2.38
61,1,通常スキル,マイル直線◎,まいるちょくせんにじゅうまる,5,2,ノーマル,マイル直線◯,直線で速度がわずかに上がる＜マイル＞,取得に必要なPtが低くどの作戦でも使える。マイル向けに育成する場合の優先度は高いが、競技場では◎にしてもスコア加算は変わらないので◯で止めよう。,210,288,2.38
62,1,通常スキル,マイル直線◯,まいるちょくせんまる,5,5,ノーマル,マイル直線◎,直線で速度がわずかに上がる＜マイル＞,取得に必要なPtが低くどの作戦でも使える。マイル向けに育成する場合の優先度は高い。,100,239,2.17
63,1,通常スキル,負けん気,まけんき,4,4,ノーマル,姉御肌,追い抜きがわずかに成功しやすくなる＜マイル＞,速度を上げる効果。レース全体が対象なので発動しやすく、汎用性も高い。ただし逃げとは相性が悪い。取得に必要なPtが低いので競技場のスコア稼ぎにも優秀。,120,239,1.81
64,1,通常スキル,リードキープ,りーどきーぷ,2,2,ノーマル,先陣の心得,レース中盤に差をつけ先頭だとリードをわずかに保ちやすい＜長距離＞,速度を上げる効果。発動条件がやや厳しく、安定しづらい。中盤速度スキルと賢さを増やすことで発動条件を満たしやすくなる。,160,239,1.36
65,1,通常スキル,レコメンド,れこめんど,4,3,ノーマル,チャート急上昇！,レース中盤に競り合うと速度がわずかに上がる<ダート>,どの作戦でも発動できるが、同じ作戦のウマ娘が多いと発動しやすい。レース中盤で先頭争いが発生する逃げは特に発動率が高い。,180,217,1.21
66,1,通常スキル,アオハル点火・力,あおはるてんかちから,4,2,ノーマル,アオハル燃焼・力,レース終盤にアオハル魂が燃えレース中のチームメンバーのパワー合計が高いほど加速力がわずかに上がる,どの脚質でも使える終盤加速スキル。発動タイミングがスパート開始と重なれば強力。取得に必要なPtが非常に高いためチーム競技場には不向き。,200,263,1.32
67,1,通常スキル,アクセラレーション,あくせられーしょん,2,3,ノーマル,アクセル全開！,レース中盤に追い抜くと加速力がわずかに上がる＜マイル＞,中盤の加速効果は有効に活かしにくいので優先度は低い。中盤で発動する他の速度スキルとは相性が良く、終盤直前で発動した場合は強力。,160,239,1.36
68,1,通常スキル,押し切り準備,おしきりじゅんび,3,2,ノーマル,逃亡者,最終コーナーで先頭をわずかにキープしやすくなる＜作戦・逃げ＞,加速力を上げる効果。ラストスパート開始タイミングと重なれば強力。発動に条件があり、取得に必要なPtが高いためチーム競技場にはやや不向き。,180,239,1.21
69,1,通常スキル,がんばり屋,がんばりや,2,4,ノーマル,努力家,追い抜こうとするときしばらくの間加速力がわずかに上がる＜作戦・差し＞,加速力を上げる効果。効果は活かしづらいが、非常に発動しやすく必要Ptが低いので競技場向きのスキル。,120,239,1.81
70,1,通常スキル,コーナー加速◯,こーなーかそくまる,3,4,ノーマル,曲線のソムリエ,華麗なコーナーワークで加速力がわずかに上がる,汎用性が高く、発動しやすい加速スキル。ただしコーナーでの加速効果は活かせる場面が少ない。,180,217,1.21
71,1,通常スキル,先駆け,さきがけ,4,4,ノーマル,先手必勝,レース序盤でわずかに前に行きやすくなる＜作戦・逃げ＞,加速力を上げる効果。スタートと同時に加速力を上げられるので、逃げの先頭争いにおいて非常に重要。必要Ptが低いのでチーム競技場でもおすすめ。,120,239,1.81
72,1,通常スキル,差し切り体勢,さしきりたいせい,4,3,ノーマル,乗り換え上手,レース終盤で加速力がわずかに上がる＜作戦・差し＞,発動タイミングは終盤の中でランダムだが、ラストスパート開始と重なれば非常に強力。表記されていないが前方にいると発動しない点に注意。,180,239,1.21
73,1,通常スキル,地固め,じがため,5,4,ノーマル,なし,レース序盤にスキルを多く発動すると加速力がわずかに上がる,他のスキルを3つ発動することで発動条件を満たせる。スタートと同時に加速力を上げられるため強力で、序盤から先頭を狙う逃げでは優先度が非常に高い。スタート時に発動する緑スキルと相性が良い。,100,217,2.17
74,1,通常スキル,上昇気流,じょうしょうきりゅう,4,3,ノーマル,豪脚,レース終盤に後ろの方だと追い抜く力がわずかに上がる＜マイル＞,加速力を上げる効果。差しや追込と相性が良いが、モブウマ娘が多いレースでは発動条件を満たしにくいことも。,160,239,1.36
75,1,通常スキル,スプリントギア,すぷりんとぎあ,4,3,ノーマル,スプリントターボ,直線で加速力がわずかに上がる＜短距離＞,汎用性が高く、発動しやすい。短距離向けに育成する場合の優先度は高い。,160,239,1.36
76,1,通常スキル,善後策,ぜんごさく,4,4,ノーマル,プランX,レース終盤が迫ったとき前の方にいるとわずかに抜かしやすくなる＜短距離＞,加速力を上げる効果。レース中盤の後半ランダムな地点で発動する。終盤直前に発動すれば非常に強力。発動条件は先行と相性が良く、先頭だと発動しないため逃げは要注意。,160,239,1.36
77,1,通常スキル,巧みなステップ,たくみなすてっぷ,2,4,ノーマル,技巧派,コース取りがわずかにスムーズになる＜作戦・先行＞,左右に動いた時に加速力を上げる効果。効果は活かしづらいが、発動率が非常に高く必要Ptも低いので競技場向きのスキル。,120,239,1.81
78,1,通常スキル,垂れウマ回避,たれうまかいひ,4,3,ノーマル,ノンストップガール,ラストスパートで前が塞がれた時の立ち回りがわずかにうまくなる,左右への移動と加速力が上がる効果。効果が非常に優秀で逃げ以外なら発動率も高め。取得に必要なPtも低いので様々なレースでおすすめのスキル。,150,174,1.16
79,1,通常スキル,直線一気,ちょくせんいっき,4,2,ノーマル,迫る影,ラストスパートの直線で加速力がわずかに上がる＜作戦・追込＞,終盤突入地点が直線のコースと相性が良い。ラストスパートを開始するタイミングで加速力を上げられるため非常に強力。,180,239,1.21
80,1,通常スキル,直線加速,ちょくせんかそく,3,4,ノーマル,一陣の風,直線で加速力がわずかに上がる,汎用性が高く、発動しやすい加速スキル。発動タイミングがランダムなので効果を活かせる場面は少ない。,170,217,1.28
81,1,通常スキル,直滑降,ちょっかっこう,4,4,ノーマル,決意の直滑降,下り坂がわずかに得意になる＜作戦・先行＞,加速力を上げる効果。発動タイミングはランダムな下り坂。中盤後半~終盤前半が下り坂のコースでおすすめ。必要Ptが低く発動しやすいので競技場向き。,120,239,1.81
82,1,通常スキル,登山家,とざんか,4,4,ノーマル,なし,上り坂がわずかに上手くなる,どの作戦でも使える汎用的な加速スキル。効果の恩恵は上り坂の位置によって左右される。発動しやすく取得に必要なPtが低いため競技場でおすすめ。,160,217,1.36
83,1,通常スキル,二の矢,にのや,1,1,ノーマル,なし,レース中盤にハナを取れていないと加速力がわずかに上がる＜作戦・逃げ＞,発動条件が非常に厳しいので、評価点を上げる目的以外で取得はおすすめしない。,180,239,1.21
84,1,通常スキル,まき直し,まきなおし,1,1,ノーマル,くじけぬ精神,レース中盤に後ろの方にいると加速力がわずかに上がる＜作戦・先行＞,発動条件を意図的に満たしにくく発動しづらい。中盤での加速力上昇効果も活かしにくいため、評価点を上げる目的以外で取得はおすすめしない。,120,239,1.81
85,1,通常スキル,真っ向勝負,まっこうしょうぶ,4,3,ノーマル,なし,レース終盤に前方にいると加速力がわずかに上がる＜作戦・先行＞,発動タイミングは終盤の中でランダムだが、ラストスパート開始と重なれば非常に強力。後方にいると発動しない点に注意,180,239,1.21
86,1,通常スキル,アオハル点火・賢,あおはるてんかけん,2,1,ノーマル,アオハル燃焼・賢,レース序盤にアオハル魂が燃えレース中のチームメンバーの賢さ合計が高いほどわずかに先を見据えたコース取りを行う,序盤で左右に動きやすくなり、視野が広がるスキル。逃げ/先行向きで、差し/追込には非推奨。取得に必要なPtが非常に高いためチーム競技場には不向き。,200,263,1.32
87,1,通常スキル,イナズマステップ,いなずますてっぷ,3,4,ノーマル,ライトニングステップ,レース中盤に後ろの方にいるとしばらくの間少し囲まれにくくなる＜中距離＞,左右への移動と加速力が上がる効果。発動条件は後ろに位置取る差しや追込と相性が良い。加速力も上がるため、終盤直前に発動すると強力。,140,191,1.24
88,1,通常スキル,危険回避,きけんかいひ,1,2,ノーマル,シックスセンス,レース序盤に少し囲まれにくくなる＜作戦・逃げ＞,序盤で前か横を塞がれると左右に動きやすくなるスキル。発動しにくいので優先度は低い。,110,142,1.17
89,1,通常スキル,仕掛け準備,しかけじゅんび,3,4,ノーマル,準備万全！,レース中盤でしばらくの間ゴールに向けて準備を少し整える＜短距離＞,左右への移動と加速力が上がる効果。発動タイミングは中盤ランダムだが、終盤直前に発動すれば強力。取得に必要なPtが低いため競技場でのスコア稼ぎにおすすめ。,140,191,1.24
90,1,通常スキル,前列狙い,ぜんれつねらい,4,5,ノーマル,狙うは最前列！,レース終盤に少し前を目指す体制をとる<ダート>,左右への移動と加速力が上がる効果。発動条件が特にないので発動しやすく、取得に必要なPtも低いためチーム競技場で特に強力。,140,174,1.24
91,1,通常スキル,ポジションセンス,ぽじしょんせんす,2,4,ノーマル,注目の踊り子,レース序盤にコース取りがうまくなる,左右に移動しやすくなる効果。序盤から前めの位置取りを目指す逃げ先行と相性が良い。取得に必要なPtが低いので競技場でおすすめ。,120,129,1.08
92,1,通常スキル,臨機応変,りんきおうへん,4,4,ノーマル,レーンの魔術師,レース終盤にコース取りが少しうまくなる,左右に移動しやすくなる効果。終盤で後ろから順位を上げていく差しや追込と特に相性が良い。取得に必要なPtが低いので競技場でおすすめ。,120,129,1.08
93,1,通常スキル,お見通し,おみとおし,2,4,ノーマル,視界良好！異常なし！,左右に移動すると状況を把握して視野がわずかに広くなる＜作戦・追込＞,序盤で発動することがほとんどなので勝敗には影響しにくいが、取得に必要なPtが低いため競技場でおすすめ。,110,94,0.77
94,1,通常スキル,策士,さくし,1,4,ノーマル,天命士,レース終盤に後ろの方にいると視野がわずかに広くなる＜作戦・追込＞,終盤発動なので他の視野スキルよりも勝敗に影響しやすいが、他のウマ娘の作戦やレース展開に発動率が左右される。取得に必要なPtが低いため競技場でおすすめ。,110,94,0.77
95,1,通常スキル,読解力,どっかいりょく,1,4,ノーマル,大局観,レース中盤に観察力が高まり視野をわずかに広く持てる＜作戦・差し＞,勝敗には影響しにくいが、取得に必要なPtが低いため競技場のスコア稼ぎ目的では非常におすすめ。,120,94,0.71
96,1,通常スキル,ホークアイ,ほーくあい,1,3,ノーマル,千里眼,レース序盤に観察力が高まり視野を少し広く持てる＜中距離＞,勝敗には影響しにくいが、取得に必要なPtが低いため競技場のスコア稼ぎ目的では非常におすすめ。,110,142,1.17
97,1,通常スキル,集中力,しゅうちゅうりょく,4,4,ノーマル,コンセントレーション,スタートが得意になり出遅れる時間がわずかに少なくなる,ゲートから出る時間を短縮することで出遅れる確率を減らせる。距離が短いレース、前に位置取る作戦と相性が良い。,140,129,0.92
98,1,通常スキル,綺羅星,きらぼし,5,4,ノーマル,一番星,レース後半にちょっと呼吸を整え前へ踏み込む育成で重ねた勝利の数だけ効果が高まる,速度&加速力UPに加えて回復する効果。発動タイミングはレース後半のランダムで、終盤に差し掛かる直前で発動できると非常に強力。育成中のレース勝利数によって効果が増える。,200,263,1.32
99,2,回復スキル,アオハル点火・体,あおはるてんかからだ,3,1,ノーマル,アオハル燃焼・体,レース中盤にアオハル魂が燃えレース中のチームメンバーのスタミナ合計が高いほど持久力がわずかに回復する,発動タイミングがレース中盤と優秀な回復スキル。長距離レースでおすすめ。取得に必要なPtが非常に高いためチーム競技場には不向き。,200,263,1.32
100,2,回復スキル,勢い任せ,いきおいまかせ,5,4,ノーマル,じゃじゃウマ娘,上り坂でわずかに疲れにくくなる＜作戦・逃げ＞,上り坂はほとんどのコースにあるので発動しやすく優秀。ただし上り坂の位置には注意が必要。,180,239,1.21
101,2,回復スキル,ウマ込み冷静,うまこみれいせい,2,2,ノーマル,どこ吹く風,レース中盤に囲まれると持久力がわずかに回復する,発動タイミングは優秀だが、発動率は同じ作戦のウマ娘の数やレース展開に左右され安定しにくいため、他の回復スキルよりも優先度は低い。,170,217,1.28
102,2,回復スキル,栄養補給,えいようほきゅう,4,4,ノーマル,食いしん坊, レース中盤に持久力がわずかに回復する＜作戦・先行＞,レース中盤での回復は無駄にならないうえに、難しい発動条件もないため非常に優秀な回復スキル。,180,239,1.21
103,2,回復スキル,隠れ蓑,かくれみの,1,1,ノーマル,鋼の意志,レース序盤または中盤に前が詰まった時に隠れて持久力がわずかに回復する,前が詰まる条件が意図的に狙いにくく、避けたい展開なので優先度は低い。,160,217,1.36
104,2,回復スキル,軽やかステップ,かろやかすてっぷ,4,4,ノーマル, なし,左右に動いてもわずかに疲れにくくなる＜中距離＞,左右に動いた時にスタミナを回復するスキル。発動しやすいがタイミングは序盤になることが多い。最序盤以外で左右に動くことが少ない逃げとは相性が悪い。,160,239,1.36
105,2,回復スキル,下校の楽しみ,げこうのたのしみ,4,4,ノーマル,下校後のスペシャリスト,下り坂でわずかに疲れにくくなる＜作戦・追込＞,下り坂さえあれば発動条件は満たせるが、下り坂が存在しないコースがある点には注意。,170,239,1.28
106,2,回復スキル,好位追走,こういついそう,1,1,ノーマル,レースプランナー,レース中盤でわずかに疲れにくくなる＜作戦・先行＞,レース中盤での回復は無駄にならないうえに、難しい発動条件もないため非常に優秀な回復スキル。,180,239,1.21
107,2,回復スキル,後方待機,こうほうたいき,4,4,ノーマル,眠れる獅子,レース中盤に脚を溜めてわずかに疲れにくくなる＜作戦・追込＞,発動タイミングが優秀な回復スキル。後方でないと発動しないため、他のウマ娘の作戦やレース展開に発動率が左右される。,180,239,1.21
108,2,回復スキル,コーナー回復◯,こーなーかいふくまる,4,3,ノーマル,円弧のマエストロ,無駄のないコーナリングで持久力がわずかに回復する,汎用性が高く、発動しやすい。コーナーでの回復は無駄にならないため非常に優秀。,170,217,1.28
109,2,回復スキル,砂塵慣れ,さじんなれ,4,4,ノーマル, なし,レース中盤に後方にいると持久力がわずかに回復する<ダート>,発動タイミングが優秀なダート用回復スキル。後方にいることが条件なので差し追込と相性が良い。,180,217,1.21
110,2,回復スキル,静かな呼吸,しずかなこきゅう,3,3,ノーマル,潜伏態勢,レース中盤が迫ったとき後方にいると持久力をわずかに回復する＜作戦・差し＞,発動タイミングと発動率ともに優秀な回復スキル。発動条件は自然に満たしやすい。,180,239,1.21
111,2,回復スキル,小休憩,しょうきゅうけい,1,2,ノーマル,リラックス,レース終盤に持久力がわずかに回復する＜作戦・差し＞,終盤での回復はラストスパートに活かせないので、優先度は低い。,180,239,1.21
112,2,回復スキル,深呼吸,しんこきゅう,2,3,ノーマル,クールダウン,直線に入ると息を入れてわずかに疲れにくくなる＜長距離＞,汎用性が高く、発動しやすい回復スキル。発動タイミングがランダムなのでラストスパートに活かせないことも。,160,239,1.36
113,2,回復スキル,スタミナキープ,すたみなきーぷ,4,3,ノーマル,余裕綽々,レース中盤が迫ったときわずかに疲れにくくなる＜作戦・先行＞,レース序盤での回復は無駄になりにくく、発動率も高い優秀な回復スキル。,180,239,1.21
114,2,回復スキル,スリーセブン,すりーせぶん,4,4,ノーマル,なし,残り距離が777mの時にわずかに元気が出る,発動地点が決まっているので扱いやすい。発動タイミングが中盤になる2400m以下のレースで優秀な回復スキル。,160,217,1.36
115,2,回復スキル,前途洋々,ぜんとようよう,4,4,ノーマル,切り開く者,レース中盤に前の方にいるとわずかに疲れにくくなる＜中距離＞,発動条件は逃げと最も相性が良く、先行でも発動を狙える。発動タイミングが優秀な回復スキル。,160,239,1.36
116,2,回復スキル,直線回復,ちょくせんかいふく,2,4,ノーマル,好転一息,直線で持久力がわずかに回復する,汎用性が高く、発動しやすい回復スキル。発動タイミングがランダムなので効果を活かせないことも。,170,217,1.28
117,2,回復スキル,展開窺い,てんかいうかがい,4,3,ノーマル,慧眼,レース中盤が迫ったとき後ろの方だとわずかに疲れにくくなり前の速度をちょっと下げる＜マイル＞,自身の回復と前方の速度を下げる効果。発動条件は差しや追込と相性が良い。,160,239,1.36
118,2,回復スキル,パス上手,ぱすじょうず,4,4,ノーマル,VIP顔パス,追い抜く気持ちが湧きわずかに疲れにくくなる＜長距離＞,レース全体が対象なので非常に発動しやすく、汎用性も高い。ただし序盤から先頭を走る可能性がある逃げとは相性が悪い。,160,239,1.36
119,2,回復スキル,ふり絞り,ふりしぼり,1,2,ノーマル,なし,レース終盤にスキルを多く発動すると持久力がわずかに回復する,他のスキルを3つ以上発動することで発動条件を満たせる。取得に必要なPtは低いが、他のスキルの発動率にも影響されるため発動が安定しにくい。終盤での回復はラストスパートに活かせないので優先度は低い。,100,217,2.17
120,2,回復スキル,別腹タンク,べつばらたんく,1,2,ノーマル,火事場のバ鹿力,力尽きそうになったとき走る気力がわずかに復活する＜長距離＞,スタミナが一定以下になった時に発動する回復スキル。発動タイミングが終盤になるので優先度は低い。,160,239,1.36
121,2,回復スキル,ペースキープ,ぺーすきーぷ,3,2,ノーマル,不屈の心,レース中盤に追い抜かれると持久力がわずかに回復する,比較的発動しやすいが、レース展開に左右され安定はしにくい。他の優秀な回復スキルに比べると優先度はやや低め。,170,217,1.28
122,2,回復スキル,マイペース,まいぺーす,4,4,ノーマル, 泰然自若,レース中盤初めの方に中団にいると速度をわずかに落として持久力を少し回復する＜長距離＞,発動条件は差しと非常に相性が良いが、先行や追込でも発動を狙える。速度をわずかに落とす効果がある代わりに回復効果が高い。,170,239,1.28
123,2,回復スキル,様子見,ようすみ,3,2,ノーマル,なし,レース中盤に後ろの方だとわずかに疲れにくくなり加速力がちょっと上がる＜短距離＞,発動条件は差しや追込と相性が良い。短距離では必要スタミナが少ないので優先度は低め。,160,239,1.36
124,2,回復スキル,冷静,れいせい,1,1,ノーマル,冷静沈着,前が詰まった時に落ち着いて態勢をわずかに立て直す＜作戦・追込＞,発動率はそれほど低くないが、レース展開に左右される。前を塞がれる状況は避けたいので他の回復スキルよりも優先度は低め。,180,239,1.21
125,3,妨害スキル,追込ためらい,おいこみためらい,5,4,ノーマル,なし,レース終盤に作戦・追込のウマ娘をためらわせて速度をわずかに下げる,追込ウマ娘が対象の速度減少デバフ。どの作戦でも使うことができ、汎用性が高い。発動しやすいので競技場でもおすすめ。,130,217,1.67
126,3,妨害スキル,後方釘付,こうほうくぎづけ,3,3,ノーマル,悩殺術,レース序盤に前の方にいると後方のウマ娘が少し萎縮する＜短距離＞,速度を減少させる効果。発動条件は逃げや先行と相性が良く、発動率も高め。,170,288,1.54
127,3,妨害スキル,差しためらい,さしためらい,5,4,ノーマル,なし,レース終盤に作戦・差しのウマ娘をためらわせて速度をわずかに下げる,差しウマ娘が対象の速度減少デバフ。どの作戦でも使うことができ、汎用性が高い。発動しやすいので競技場でもおすすめ。,130,217,1.67
128,3,妨害スキル,スピードイーター,すぴーどいーたー,4,4,ノーマル,なし,レース中盤に前の方にいると後ろの速度をわずかに奪う＜マイル＞,自身の速度上昇と後方に対する速度減少効果。発動しやすく先頭争いにも活かしやすい逃げと非常に相性が良い。,160,239,1.36
129,3,妨害スキル,先行ためらい,せんこうためらい,5,4,ノーマル,なし,レース終盤に作戦・先行のウマ娘をためらわせて速度をわずかに下げる,どの作戦でも使える上に発動しやすいので汎用性が高い。競技場でもおすすめ。,130,217,1.67
130,3,妨害スキル,束縛,そくばく,4,1,ノーマル,独占力,レース終盤に後ろの方にいると前の速度をわずかに下げる＜中距離＞,相手の作戦に関係なく複数を対象にできる点が優秀な速度デバフ。発動条件は差しや追込と相性が良い。,160,239,1.36
131,3,妨害スキル,逃げためらい,にげためらい,5,4,ノーマル,なし,レース終盤に作戦・逃げのウマ娘をためらわせて速度をわずかに下げる,逃げウマ娘が対象の速度減少デバフ。どの作戦でも使うことができ、汎用性が高い。発動しやすいので競技場でもおすすめ。,130,217,1.67
132,3,妨害スキル,まなざし,まなざし,2,1,ノーマル,なし,レース終盤に目を付けたウマ娘の緊張感がわずかに増す＜作戦・追込＞,視野内のウマ娘の速度を下げるデバフスキル。発動しやすく速度減少効果も汎用的。取得に必要なPtは高いため競技場では優先度が落ちる。,180,239,1.21
133,3,妨害スキル,追込焦り,おいこみあせり,5,4,ノーマル,なし,レース中盤に作戦・追込のウマ娘を焦らせてわずかに疲れやすくする,追込ウマ娘が対象のスタミナ減少デバフ。相手のラストスパート開始を遅らせることを期待できる。発動しやすいので競技場でもおすすめ。,130,217,1.67
134,3,妨害スキル,追込けん制,おいこみけんせい,5,4,ノーマル,なし,レース序盤に作戦・追込のウマ娘をけん制してわずかに疲れやすくする,追込ウマ娘が対象のスタミナ減少デバフ。相手のラストスパート開始を遅らせることを期待できる。発動しやすいので競技場でもおすすめ。,130,217,1.67
135,3,妨害スキル,ささやき,ささやき,2,1,ノーマル,魅惑のささやき,レース中盤にすぐ前のウマ娘をわずかに戸惑わせる＜中距離＞,スタミナを下げるデバフスキル。どの作戦でも使うことができ、汎用性は高い。,160,239,1.36
136,3,妨害スキル,差し焦り,さしあせり,4,4,ノーマル,なし,レース中盤に作戦・差しのウマ娘を焦らせてわずかに疲れやすくする,差しウマ娘が対象のスタミナ減少デバフ。相手のラストスパート開始を遅らせることを期待できる。発動しやすいので競技場でもおすすめ。,130,217,1.67
137,3,妨害スキル,差しけん制,さしけんせい,5,4,ノーマル,なし,レース序盤に作戦・差しのウマ娘をけん制してわずかに疲れやすくする,差しウマ娘が対象のスタミナ減少デバフ。相手のラストスパート開始を遅らせることを期待できる。発動しやすいので競技場でもおすすめ。,130,217,1.67
138,3,妨害スキル,スタミナイーター,すたみないーたー,5,4,ノーマル,なし,レース中盤で後ろの方にいると前方の持久力をちょっと奪う＜長距離＞,デバフ効果と回復効果を持つスキル。発動条件は差しや追込と相性が良い。長距離で重要なスタミナに差をつけられるので強力。,160,239,1.36
139,3,妨害スキル,鋭い眼光,するどいがんこう,4,1,ノーマル,八方にらみ,レース終盤に他のウマ娘がわずかに動揺する＜作戦・差し＞,スタミナを下げるデバフスキル。スタミナ切れによる失速を狙える。相手の作戦に関係なく複数を対象にできる点が優秀。表記されていないが、順位が後ろの方でないと発動しない。,180,239,1.21
140,3,妨害スキル,先行焦り,せんこうあせり,4,4,ノーマル,なし,レース中盤に作戦・先行のウマ娘を焦らせてわずかに疲れやすくする,先行ウマ娘が対象のスタミナ減少デバフ。相手のラストスパート開始を遅らせることを期待できる。発動しやすいので競技場でもおすすめ。,130,217,1.67
141,3,妨害スキル,先行けん制,せんこうけんせい,4,4,ノーマル,なし,レース序盤に作戦・先行のウマ娘をけん制してわずかに疲れやすくする,先行ウマ娘が対象のスタミナ減少デバフ。相手のラストスパート開始を遅らせることを期待できる。発動しやすいので競技場でもおすすめ。,130,217,1.67
142,3,妨害スキル,トリック（後）,とりっくあと,2,1,ノーマル,なし, レース中盤に後ろの方にいると前の掛かったウマ娘がわずかに疲れる,前にいる掛かり状態のウマ娘が対象のスタミナ減少デバフ。発動条件は差しや追込と相性が良い。駆け引きスキルとは違い、掛かり時間を延長することはないので相手の有利に働く心配はない。,140,217,1.55
143,3,妨害スキル,トリック（前）,とりっくまえ,3,1,ノーマル,トリック（前）,レース中盤に前の方にいると後ろの掛かったウマ娘がわずかに疲れる,掛かり状態のウマ娘が対象のスタミナ減少デバフ。発動条件は逃げか先行と相性が良い。,140,217,1.55
144,3,妨害スキル,逃げ焦り,にげあせり,4,4,ノーマル,なし,レース中盤に作戦・逃げのウマ娘を焦らせてわずかに疲れやすくする,逃げウマ娘が対象のスタミナ減少デバフ。相手のラストスパート開始を遅らせることを期待できる。発動しやすいので競技場でもおすすめ。,130,217,1.67
145,3,妨害スキル,逃げけん制,にげけんせい,5,4,ノーマル,なし,レース序盤に作戦・逃げのウマ娘をけん制してわずかに疲れやすくする,逃げウマ娘が対象のスタミナ減少デバフ。相手のラストスパート開始を遅らせることを期待できる。発動しやすいので競技場でもおすすめ。,130,217,1.67
146,3,妨害スキル,抜け駆け禁止,ぬけがけきんし,2,1,ノーマル,なし,レース序盤に後ろの方にいると前方のウマ娘をわずかに焦らせ動きをちょっと鈍くする＜短距離＞,スタミナを減少させる効果。発動条件は差しや追込と相性が良いが、発動率はそこそこ。短距離は必要スタミナが少ないので優先度は低い。,170,288,1.54
147,3,妨害スキル,追込駆け引き,おいこみかけひき,4,1,ノーマル,なし,作戦が追込のウマ娘が掛かると落ち着くまで時間がかかる,掛かり時間を延長する効果。発動には相手が掛かり状態になる必要がある。スタミナ浪費や本来の位置取りから外れることによるスキル不発を期待できる。,130,174,1.34
148,3,妨害スキル,差し駆け引き,さしかけひき,4,1,ノーマル,なし,作戦が差しのウマ娘が掛かると落ち着くまで時間がかかる,掛かり時間を延長する効果。発動条件は厳しいが、スタミナ浪費や本来の位置取りから外れることによるスキル不発を期待できる。,130,174,1.34
149,3,妨害スキル,先行駆け引き,せんこうかけひき,2,1,ノーマル,なし,作戦が先行のウマ娘が掛かると落ち着くまで時間がかかる,掛かり時間を延長する効果。発動には相手が掛かり状態になる必要がある。スタミナ浪費や本来の位置取りから外れることによるスキル不発を期待できるが、スタミナが十分な相手には有利に働いてしまう可能性がある。,130,174,1.34
150,3,妨害スキル,逃げ駆け引き,にげかけひき,2,1,ノーマル,なし,作戦が逃げのウマ娘が掛かると落ち着くまで時間がかかる,掛かり時間を延長する効果。発動には相手が掛かり状態になる必要がある。スタミナ浪費や本来の位置取りから外れることによるスキル不発を期待できるが、スタミナが十分な相手には有利に働いてしまう可能性がある。,130,174,1.34
151,3,妨害スキル,かく乱,かくらん,3,4,ノーマル,幻惑のかく乱,レース終盤に前の方にいると後方の視野がわずかに狭くなる＜作戦・先行＞,主に差しや追込に対して、視野を狭くすることで終盤のコース取りへの影響を期待できる。取得に必要なPtが低く、発動しやすいので競技場でおすすめ。,110,94,0.77
152,3,妨害スキル,目くらまし,めくらまし,3,4,ノーマル,幻惑のかく乱,レース終盤で前方のウマ娘の視野が少し狭くなる＜長距離＞,前のウマ娘の視野を狭くすることで、主にコース取りへの影響を期待できる。取得に必要なPtが低いため競技場でおすすめ。,110,142,1.17
153,3,妨害スキル,布石,ふせき,4,2,ノーマル,布陣,レース序盤に後ろにいると前の動きをわずかに鈍くする＜マイル＞,加速力を下げる効果。発動条件は差しや追込と相性が良い。逃げウマ娘への対策として有効で、チームレースで味方の逃げウマ娘を有利にできる。,160,239,1.36
154,3,妨害スキル,リスタート,りすたーと,1,1,ノーマル,布陣,レース序盤にハナを取れていないと前のウマ娘の動きをわずかに鈍くする＜作戦・逃げ＞,発動条件が非常に厳しいので、評価点を上げる目的以外で取得はおすすめしない。,130,239,1.67
155,4,緑スキル,秋ウマ娘◯,あきうまむすめまる,5,2,ノーマル,秋ウマ娘◎,秋のレースが少し得意になる,スピードを上げる効果。あらかじめレース条件が定められているチャンピオンズミーティングやレジェンドレースで強力。,90,129,1.43
156,4,緑スキル,秋ウマ娘◎,あきうまむすめにじゅうまる,5,1,ノーマル,初嵐,秋のレースが少し得意になる,スピードを上げる効果。あらかじめレース条件が定められているチャンピオンズミーティングやレジェンドレースで強力。,200,174,1.58
157,4,緑スキル,一匹狼,いっぴきおおかみ,4,1,ノーマル,初嵐,自分だけが一匹狼の心を持つレースで少し能力が上がる,スピードを上げる効果。同じスキルを所持しているウマ娘がいなければ発動条件を満たせる。育成中は発動しやすいが、チーム競技場ではモブウマ娘が所持していることも多いためおすすめしない。,70,129,1.84
158,4,緑スキル,おひとり様◎,おひとりさまにじゅうまる,1,1,ノーマル,おひとり様◯,自分と同じ作戦のウマ娘がいないと能力を少し発揮しやすい,スピードを上げる効果。発動条件を満たすことが難しいため優先度は低い。,200,174,1.58
159,4,緑スキル,おひとり様◯,おひとりさままる,1,1,ノーマル,おひとり様◎,自分と同じ作戦のウマ娘がいないと能力を発揮しやすい,スピードを上げる効果。発動条件を満たすことが難しいため優先度は低い。,90,129,1.43
160,4,緑スキル,シンパシー,しんぱしー,3,3,ノーマル,なし,シンパシーの心を持つウマ娘が多いレースだと少し能力が上がる,スピードを上げる効果。同じスキルを持つウマ娘が5人以上いれば発動条件を満たせる。チーム競技場ではモブウマ娘が所持していることもあり、3人全員が習得していれば発動を狙える。,70,129,1.84
161,4,緑スキル,外枠得意◎,そとわくとくいにじゅうまる,2,1,ノーマル,外枠得意◯,枠番が6〜8のレースが少し得意になる,スピードを上げる効果。アイテム「外枠抽選ボール」で発動条件を満たせるが、競技場では◎にしてもスコア加算は変わらないので◯で止めよう。,200,174,1.58
162,4,緑スキル,外枠得意◯,そとわくとくいまる,2,4,ノーマル,外枠得意◎,枠番が6〜8のレースが少し得意になる,スピードを上げる効果。アイテム「外枠抽選ボール」で発動条件を満たせるが、アイテム無しだと発動率は低め。,90,129,1.43
163,4,緑スキル,夏ウマ娘◯,なつうまむすめまる,5,1,ノーマル,夏ウマ娘◎,夏のレースが少し得意になる,スピードを上げる効果。あらかじめレース条件が定められているチャンピオンズミーティングやレジェンドレースで強力。,90,129,1.43
164,4,緑スキル,夏ウマ娘◎,なつうまむすめにじゅうまる,5,1,ノーマル,夏ウマ娘◯,夏のレースが少し得意になる,スピードを上げる効果。あらかじめレース条件が定められているチャンピオンズミーティングやレジェンドレースで強力。,200,174,1.58
165,4,緑スキル,春ウマ娘◯,はるうまむすめまる,5,1,ノーマル,春ウマ娘◎,春のレースが少し得意になる,スピードを上げる効果。あらかじめレース条件が定められているチャンピオンズミーティングやレジェンドレースで強力。,90,129,1.43
166,4,緑スキル,春ウマ娘◎,はるうまむすめにじゅうまる,5,1,ノーマル,春ウマ娘◯,春のレースが少し得意になる,スピードを上げる効果。あらかじめレース条件が定められているチャンピオンズミーティングやレジェンドレースで強力。,200,174,1.58
167,4,緑スキル,左回り◯,ひだりまわりまる,5,1,ノーマル,左回り◎,左回りコースが少し得意になる,スピードを上げる効果。あらかじめレース条件が定められているチャンピオンズミーティングやレジェンドレースで強力。,90,129,1.43
168,4,緑スキル,左回り◎,ひだりまわりにじゅうまる,5,1,ノーマル,左回り◯,左回りコースが少し得意になる,スピードを上げる効果。あらかじめレース条件が定められているチャンピオンズミーティングやレジェンドレースで強力。,200,174,1.58
169,4,緑スキル,伏兵◎,ふくへいにじゅうまる,1,1,ノーマル,伏兵◯,4番人気以下のレースで能力を少し発揮しやすい,スピードを上げる効果。意図的に発動条件を満たすことが難しいので取得優先度は低め。,200,174,1.58
170,4,緑スキル,伏兵◯,ふくへいまる,1,1,ノーマル,伏兵◎,4番人気以下のレースで能力を少し発揮しやすい,スピードを上げる効果。意図的に発動条件を満たすことが難しいので取得優先度は低め。,90,129,1.43
171,4,緑スキル,冬ウマ娘◎,ふゆうまむすめにじゅうまる,5,1,ノーマル,冬ウマ娘◯,冬のレースが少し得意になる,スピードを上げる効果。あらかじめレース条件が定められているチャンピオンズミーティングやレジェンドレースで強力。,200,174,1.58
172,4,緑スキル,冬ウマ娘◯,ふゆうまむすめまる,5,1,ノーマル,冬ウマ娘◎,冬のレースが少し得意になる,スピードを上げる効果。あらかじめレース条件が定められているチャンピオンズミーティングやレジェンドレースで強力。,90,129,1.43
173,4,緑スキル,右回り◎,みぎまわりにじゅうまる,5,1,ノーマル,右回りの鬼,右回りコースが少し得意になる,スピードを上げる効果。あらかじめレース条件が定められているチャンピオンズミーティングやレジェンドレースで強力。,200,174,1.58
174,4,緑スキル,右回り◯,みぎまわりまる,5,3,ノーマル,右回り◎,右回りコースが少し得意になる,スピードを上げる効果。あらかじめレース条件が定められているチャンピオンズミーティングやレジェンドレースで強力。,90,129,1.43
175,4,緑スキル,大井レース場◯,おおいれーすじょうまる,5,1,ノーマル,大井レース場◎,大井レース場が少し得意になる,スタミナを上げる効果。あらかじめレース条件が定められているチャンピオンズミーティングやレジェンドレースで有効。大井レース場は「ダート」のレースしか存在しない点に注意。,90,129,1.43
176,4,緑スキル,大井レース場◎,おおいれーすじょうにじゅうまる,5,1,ノーマル,大井レース場◯,大井レース場が少し得意になる,スタミナを上げる効果。あらかじめレース条件が定められているチャンピオンズミーティングやレジェンドレースで有効。大井レース場は「ダート」のレースしか存在しない点に注意。,200,174,1.58
177,4,緑スキル,京都レース場◯,きょうとれーすじょうまる,5,1,ノーマル,京都レース場◎,京都レース場が少し得意になる,スタミナを上げる効果。あらかじめレース条件が定められているチャンピオンズミーティングやレジェンドレースで有効。,90,129,1.43
178,4,緑スキル,京都レース場◎,きょうとれーすじょうにじゅうまる,5,1,ノーマル,淀の申し子,京都レース場が少し得意になる,スタミナを上げる効果。あらかじめレース条件が定められているチャンピオンズミーティングやレジェンドレースで有効。,200,174,1.58
179,4,緑スキル,小倉レース場◎,おぐられーすじょうにじゅうまる,5,1,ノーマル,小倉レース場◯,小倉レース場が少し得意になる,スタミナを上げる効果。小倉レース場はG1レースが存在しないため優先度は低め。あらかじめレース条件が定められているチャンピオンズミーティングやレジェンドレースで有効。,160,174,1.93
180,4,緑スキル,小倉レース場◯,おぐられーすじょうまる,5,1,ノーマル,小倉レース場◎,小倉レース場が少し得意になる,スタミナを上げる効果。小倉レース場はG1レースが存在しないため優先度は低め。あらかじめレース条件が定められているチャンピオンズミーティングやレジェンドレースで有効。,70,129,1.84
181,4,緑スキル,根幹距離◎,こんかんきょりにじゅうまる,5,1,ノーマル,根幹距離◯,根幹距離（400mの倍数）が少し得意になる,スタミナを上げる効果。あらかじめレース条件が定められているチャンピオンズミーティングやレジェンドレースで有効。競技場では◎にしてもスコア加算は変わらないので◯で止めよう。,200,174,1.58
182,4,緑スキル,根幹距離◯,こんかんきょりまる,5,3,ノーマル,根幹距離◎,根幹距離（400mの倍数）が少し得意になる,スタミナを上げる効果。あらかじめレース条件が定められているチャンピオンズミーティングやレジェンドレースで有効。チーム競技場では短距離/中距離が根幹距離になりやすい。,90,129,1.43
183,4,緑スキル,札幌レース場◯,さっぽろれーすじょうまる,5,1,ノーマル,札幌レース場◎,札幌レース場が少し得意になる,スタミナを上げる効果。札幌レース場はG1レースが存在しないので優先度は低め。もしチャンピオンズミーティングやレジェンドレースで対象になった場合は有効。,70,129,1.84
184,4,緑スキル,札幌レース場◎,さっぽろれーすじょうにじゅうまる,5,1,ノーマル,札幌レース場◯,札幌レース場が少し得意になる,スタミナを上げる効果。札幌レース場はG1レースが存在しないので優先度は低め。もしチャンピオンズミーティングやレジェンドレースで対象になった場合は有効。,160,174,1.93
185,4,緑スキル,中京レース場◎,ちゅうきょうれーすじょうにじゅうまる,5,1,ノーマル,中京レース場◯,中京レース場が少し得意になる,スタミナを上げる効果。あらかじめ条件が定められているチャンピオンズミーティングやレジェンドレースで有効。,200,174,1.58
186,4,緑スキル,中京レース場◯,ちゅうきょうれーすじょうまる,5,1,ノーマル,中京レース場◎,中京レース場が少し得意になる,スタミナを上げる効果。あらかじめ条件が定められているチャンピオンズミーティングやレジェンドレースで有効。,90,129,1.43
187,4,緑スキル,東京レース場◎,とうきょうれーすじょうにじゅうまる,5,1,ノーマル,東京レース場◯,東京レース場が少し得意になる,スタミナを上げる効果。あらかじめレース条件が定められているチャンピオンズミーティングやレジェンドレースで有効。,200,174,1.58
188,4,緑スキル,東京レース場◯,とうきょうれーすじょうまる,5,1,ノーマル,東京レース場◎,東京レース場が少し得意になる,スタミナを上げる効果。あらかじめレース条件が定められているチャンピオンズミーティングやレジェンドレースで有効。,90,129,1.43
189,4,緑スキル,中山レース場◎,なかやまれーすじょうにじゅうまる,5,1,ノーマル,中山レース場◯,中山レース場が少し得意になる,スタミナを上げる効果。あらかじめレース条件が定められているチャンピオンズミーティングやレジェンドレースで有効。,200,174,1.58
190,4,緑スキル,中山レース場◯,なかやまれーすじょうまる,5,1,ノーマル,中山レース場◎,中山レース場が少し得意になる,スタミナを上げる効果。あらかじめレース条件が定められているチャンピオンズミーティングやレジェンドレースで有効。,90,129,1.43
191,4,緑スキル,新潟レース場◎,にいがたれーすじょうにじゅうまる,5,1,ノーマル,新潟レース場◯,新潟レース場が少し得意になる,スタミナを上げる効果。新潟レース場はG1レースが存在しないので優先度は低め。チャンピオンズミーティングやレジェンドレースで対象になった場合は有効。,200,174,1.58
192,4,緑スキル,新潟レース場◯,にいがたれーすじょうまる,5,1,ノーマル,新潟レース場◎,新潟レース場が少し得意になる,スタミナを上げる効果。新潟レース場はG1レースが存在しないので優先度は低め。チャンピオンズミーティングやレジェンドレースで対象になった場合は有効。,90,129,1.43
193,4,緑スキル,函館レース場◎,はこだてれーすじょうにじゅうまる,5,1,ノーマル,函館レース場◯,函館レース場が少し得意になる,スタミナを上げる効果。函館レース場はG1レースが存在しないため優先度は低め。あらかじめレース条件が定められているチャンピオンズミーティングやレジェンドレースで有効。,160,174,1.93
194,4,緑スキル,函館レース場◯,はこだてれーすじょうまる,5,1,ノーマル,函館レース場◎,函館レース場が少し得意になる,スタミナを上げる効果。函館レース場はG1レースが存在しないため優先度は低め。あらかじめレース条件が定められているチャンピオンズミーティングやレジェンドレースで有効。,70,129,1.84
195,4,緑スキル,阪神レース場◯,はんしんれーすじょうまる,5,1,ノーマル,阪神レース場◎,阪神レース場が少し得意になる,スタミナを上げる効果。あらかじめレース条件が定められているチャンピオンズミーティングやレジェンドレースで有効。,90,129,1.43
196,4,緑スキル,阪神レース場◎,はんしんれーすじょうにじゅうまる,5,1,ノーマル, 阪神レース場◯,阪神レース場が少し得意になる,スタミナを上げる効果。あらかじめレース条件が定められているチャンピオンズミーティングやレジェンドレースで有効。,200,174,1.58
197,4,緑スキル,非根幹距離◯,ひこんかんきょりまる,5,3,ノーマル,非根幹距離◎,非根幹距離（400mの倍数以外）が少し得意になる,スタミナを上げる効果。あらかじめレース条件が定められているチャンピオンズミーティングやレジェンドレースで有効。チーム競技場のマイル/ダート/長距離は非根幹距離が選ばれやすい。,90,129,1.43
198,4,緑スキル,非根幹距離◎,ひこんかんきょりにじゅうまる,5,1,ノーマル,非根幹距離◯,非根幹距離（400mの倍数以外）が少し得意になる,スタミナを上げる効果。あらかじめレース条件が定められているチャンピオンズミーティングやレジェンドレースで有効。競技場では◎にしてもスコア加算は変わらないので◯で止めよう。,200,174,1.58
199,4,緑スキル,福島レース場◯,ふくしまれーすじょうまる,5,1,ノーマル,福島レース場◎,福島レース場が少し得意になる,スタミナを上げる効果。福島レース場はG1レースが存在しないので優先度は低め。チャンピオンズミーティングやレジェンドレースで対象になった場合は有効。,90,129,1.43
200,4,緑スキル,福島レース場◎,ふくしまれーすじょうにじゅうまる,5,1,ノーマル,福島レース場◯,福島レース場が少し得意になる,スタミナを上げる効果。福島レース場はG1レースが存在しないので優先度は低め。チャンピオンズミーティングやレジェンドレースで対象になった場合は有効。,200,174,1.58
201,4,緑スキル,対抗意識◯,たいこういしきまる,1,1,ノーマル,対抗意識◎,自分と同じ作戦のウマ娘が多いと能力を発揮しやすい,自分と同じ作戦のウマ娘が多いと能力を少し発揮しやすい,90,129,1.43
202,4,緑スキル,対抗意識◎,たいこういしきにじゅうまる,1,1,ノーマル,対抗意識◯,自分と同じ作戦のウマ娘が多いと能力を発揮しやすい,パワーを上げる効果。意図して発動条件を満たすのが難しいため優先度は低い。,200,174,1.58
203,4,緑スキル,道悪◎,みちわるにじゅうまる,5,3,ノーマル,道悪◯,「稍重」「重」「不良」のバ場状態が 少し得意になる,パワーを上げる効果。レース条件が定められているチャンピオンズミーティングやレジェンドレースで有効。競技場では◎にしてもスコア加算は変わらないので◯で止めよう。,200,174,1.58
204,4,緑スキル,道悪◯,みちわるまる,5,3,ノーマル,道悪◎,「稍重」「重」「不良」のバ場状態が 少し得意になる,パワーを上げる効果。レース条件が定められているチャンピオンズミーティングやレジェンドレースで有効。「逆さてるてる坊主」発動条件を満たしやすくできる。,90,129,1.43
205,4,緑スキル,良バ場◯,りょうばじょうまる,5,4,ノーマル, 良バ場◎,「良」のバ場状態が少し得意になる,パワーを上げる効果。バ場状態は「良」が選ばれる確率が高いため発動しやすい。アイテム「てるてる坊主」でも発動条件を満たしやすくできる。,90,129,1.43
206,4,緑スキル,良バ場◎,りょうばじょうにじゅうまる,5,1,ノーマル,良バ場◯,「良」のバ場状態が少し得意になる,パワーを上げる効果。バ場状態は「良」が選ばれる確率が高いため発動しやすい。競技場では◎にしてもスコア加算は変わらないので◯で止めよう。,200,174,1.58
207,4,緑スキル,雨の日◯,あめのひまる,5,3,ノーマル,雨の日◎,雨の日のレースが少し得意になる,根性を上げる効果。あらかじめレース条件が定められているチャンピオンズミーティングやレジェンドレースで有効。「逆さてるてる坊主」で発動条件を満たせる。,90,129,1.43
208,4,緑スキル,雨の日◎,あめのひにじゅうまる,4,1,ノーマル,雨の日◯,雨の日のレースが少し得意になる,根性を上げる効果。あらかじめレース条件が定められているチャンピオンズミーティングやレジェンドレースで有効。競技場では◎にしてもスコア加算は変わらないので◯で止めよう。,200,174,1.58
209,4,緑スキル,曇りの日◯,くもりのひまる,4,1,ノーマル,曇りの日◎,曇りの日のレースが少し得意になる,根性を上げる効果。狙って発動条件を満たすことが難しいので優先度は低い。あらかじめレース条件が定められているチャンピオンズミーティングやレジェンドレースでは有効。,90,129,1.43
210,4,緑スキル,曇りの日◎,くもりのひにじゅうまる,4,1,ノーマル,曇りの日◯,曇りの日のレースが少し得意になる,根性を上げる効果。狙って発動条件を満たすことが難しいので優先度は低い。あらかじめレース条件が定められているチャンピオンズミーティングやレジェンドレースでは有効。,200,174,1.58
211,4,緑スキル,徹底マーク◯,てっていまーくまる,3,3,ノーマル,徹底マーク◎,1番人気のウマ娘と作戦が同じだと能力を少し発揮しやすい,根性を上げる効果。自身が1番人気の場合も発動条件を満たせる。,90,129,1.43
212,4,緑スキル,徹底マーク◎,てっていまーくにじゅうまる,3,1,ノーマル,徹底マーク◯,1番人気のウマ娘と作戦が同じだと能力を少し発揮しやすい,根性を上げる効果。自身が1番人気の場合も発動条件を満たせる。,200,174,1.58
213,4,緑スキル,晴れの日◎,はれのひにじゅうまる,4,1,ノーマル,晴れの日◯,晴れの日のレースが少し得意になる,根性を上げる効果。「晴れ」は選ばれる確率が最も高く、発動条件を満たしやすい。競技場では◎にしてもスコア加算は変わらないので◯で止めよう。,200,174,1.58
214,4,緑スキル,晴れの日◯,はれのひまる,4,4,ノーマル, 晴れの日◎,晴れの日のレースが少し得意になる,根性を上げる効果。「晴れ」は選ばれる確率が最も高く、発動条件を満たしやすい。アイテム「てるてる坊主」で発動条件を満たすことも可能。,90,129,1.43
215,4,緑スキル,雪の日◯,ゆきのひまる,4,1,ノーマル,雪の日◎,雪の日のレースが少し得意になる,根性を上げる効果。「雪」が選ばれる確率は低いので優先度は低い。あらかじめレース条件が定められているチャンピオンズミーティングやレジェンドレースで有効。,90,129,1.43
216,4,緑スキル,雪の日◎,ゆきのひにじゅうまる,4,1,ノーマル,雪の日◯,雪の日のレースが少し得意になる,根性を上げる効果。「雪」が選ばれる確率は低いので優先度は低い。あらかじめレース条件が定められているチャンピオンズミーティングやレジェンドレースで有効。,200,174,1.58
217,4,緑スキル,内枠得意◯,うちわくとくいまる,3,4,ノーマル,内枠得意◎,枠番が1〜3のレースが少し得意になる,賢さを上げる効果。アイテム「内枠抽選ボール」で発動条件を満たせるが、アイテム無しだと発動率は低め。,90,129,1.43
218,4,緑スキル,内枠得意◎,うちわくとくいにじゅうまる,3,1,ノーマル,内枠得意◯,枠番が1〜3のレースが少し得意になる,賢さを上げる効果。アイテム「内枠抽選ボール」で発動条件を満たせるが、競技場では◎にしてもスコア加算は変わらないので◯で止めよう。,200,174,1.58
219,4,緑スキル,追込のコツ◯,おいこみのこつまる,2,3,ノーマル,追込のコツ◎,良い位置に少しつきやすくなる＜作戦・追込＞,賢さを上げる効果。取得に必要なPtが低いのでチーム競技場向きだが、内側に入りバ群に埋もれやすくなる可能性に注意。,110,191,1.58
220,4,緑スキル,追込のコツ◎,おいこみのこつにじゅうまる,2,2,ノーマル,追込のコツ◯,良い位置に少しつきやすくなる＜作戦・追込＞,賢さを上げる効果。競技場では◎にしてもスコア加算は変わらないので◯で止めよう。内側に入りバ群に埋もれやすくなる可能性に注意。,240,239,1.67
221,4,緑スキル,差しのコツ◎,さしのこつにじゅうまる,3,2,ノーマル,差しのコツ◯,良い位置に少しつきやすくなる＜作戦・差し＞,賢さを上げる効果。競技場では◎にしてもスコア加算は変わらないので◯で止めよう。内側に入りバ群に埋もれやすくなる可能性に注意。,240,239,1.67
222,4,緑スキル,差しのコツ◯,さしのこつまる,3,4,ノーマル,差しのコツ◎,良い位置に少しつきやすくなる＜作戦・差し＞,賢さを上げる効果。取得に必要なPtが低いのでチーム競技場向きだが、内側に入りバ群に埋もれやすくなる可能性に注意。,110,191,1.58
223,4,緑スキル,先行のコツ◯,せんこうのこつまる,4,4,ノーマル,先行のコツ◎,良い位置に少しつきやすくなる＜作戦・先行＞,賢さを上げる効果。取得に必要なPtが低く、レース全体に影響するので先行なら優先して取得したい。,110,191,1.58
224,4,緑スキル,先行のコツ◎,せんこうのこつにじゅうまる,5,5,ノーマル,先行のコツ◯,良い位置に少しつきやすくなる＜作戦・先行＞,賢さを上げる効果。取得に必要なPtが低く、レース全体に影響するので先行なら優先して取得したい。,240,239,1.67
225,4,緑スキル,逃げのコツ◎,にげのこつにじゅうまる,5,2,ノーマル,逃げのコツ◯,良い位置に少しつきやすくなる＜作戦・逃げ＞,賢さを上げる効果。競技場では◎にしてもスコア加算は変わらないので◯で止めよう。前に行きやすくなるため先頭争いに役立つ優秀なスキル。,240,239,1.67
226,4,緑スキル,逃げのコツ◯,にげのこつまる,5,5,ノーマル,逃げのコツ◎,良い位置に少しつきやすくなる＜作戦・逃げ＞,賢さを上げる効果。前に行きやすくなるため先頭争いに役立つ優秀なスキル。,110,191,1.58
227,4,緑スキル,ラッキーセブン,らっきーせぶん,2,1,ノーマル,スーパーラッキーセブン,枠番が7の時に少し良いことが起きる場合がある,スピード/スタミナ/パワーを上げる効果。発動できれば強力だが、発動率が非常に低い一か八かのスキル。,110,174,1.58
228,5,金スキル,アオハル燃焼・根,あおはるねんしょうね,3,2,ノーマル, アオハル点火・根,レース終盤にアオハル魂が燃えレース中チームメンバーの根性合計が高いほど脚に力強さが宿る,終盤で速度を上げるスキル。根性は合計値を上げにくいため効果量を増やしづらいのが難点。取得に必要なPtが非常に高いためチーム競技場には不向き。,400,370,1.85
229,5,金スキル,アオハル燃焼・速,あおはるねんしょうはやさ,5,3,ノーマル,アオハル点火・速,レース中盤にアオハル魂が燃えレース中のチームメンバーのスピード合計が高いほど速度が上がる,中盤から前に出たい逃げ/先行と特に相性が良く、スピードは高くなりやすいので効果量も増やしやすい。取得に必要なPtが非常に高いためチーム競技場には不向き。,400,370,1.85
230,5,金スキル,アガッてきた！,あがってきた,5,5,ノーマル,ペースアップ,レース中盤に追い抜くと速度が上がる,汎用性は高いが、発動率はそこそこ。先頭を走る可能性がある逃げとはやや相性が悪い。,340,291,1.71
231,5,金スキル,圧倒的リード,あっとうてきりーど,1,1,ノーマル,大きなリード,レース中盤に大きく差をつけ先頭だとリードを保ちやすい＜短距離＞,速度を上げる効果。発動条件が厳しく、逃げでも発動しづらいので評価点を上げる目的以外での取得優先度は低め。,340,271,1.45
232,5,金スキル,姉御肌,あねごはだ,5,5,ノーマル,負けん気,追い抜きが成功しやすくなる＜マイル＞,速度を上げる効果。レース全体が対象なので発動しやすく、汎用性も高い。ただし逃げとは相性が悪い。取得に必要なPtが低いので競技場のスコア稼ぎにも優秀。,240,129,0.98
233,5,金スキル,意気衝天,いきしょうてん,5,5,ノーマル,軽い足取り,レース終盤が迫ったとき前方にいると速度が上がる＜短距離＞,発動タイミングが非常に優秀な短距離用速度スキル。中盤の後半で発動するため速度アップ効果が無駄になりにくい。発動条件は逃げ先行向き。,320,320,1.82
234,5,金スキル,ウママニア,うままにあ,4,4,ノーマル,ウマ好み,近くにウマ娘がたくさんいると速度が上がる,発動率は同じ作戦のウマ娘の人数に左右される。速度スキルの中では必要Ptが低めな点が優秀。,320,291,1.82
235,5,金スキル,強攻策,きょうこうさく,5,4,ノーマル,早仕掛け, レース中盤に後方にいるとしばらくの間速度が少し上がる＜作戦・追込＞,他の速度スキルよりも効果が低い代わりに持続時間が長い。発動条件は易しく、追込で自然に満たしやすい。,360,320,1.62
236,5,金スキル,キラーチューン,きらーちゅーん,4,5,ノーマル,テンポアップ,レース中盤に前の方だと好位置を取りやすくなる＜中距離＞,速度を上げる効果。発動条件は逃げ先行と相性が良く、発動率が高い。,320,320,1.82
237,5,金スキル,ギアチェンジ,ぎあちぇんじ,5,5,ノーマル,ギアシフト,レース中盤に前の方にいると抜かしやすくなる＜マイル＞,速度を上げる効果。発動条件は逃げ先行と相性が良い。抜かしやすくなると表現されているが先頭でも発動する。,320,320,1.82
238,5,金スキル,決死の覚悟,けっしのかくご,5,4,ノーマル,ありったけ,ラストスパートの直線で好位置にいると速度が上がる＜中距離＞,発動条件は逃げ以外と相性が良い。発動タイミングがラストスパートの直線に限定されているため、速度上昇効果が無駄になりにくい点が優秀。,320,320,1.82
239,5,金スキル,光芒一閃,こうぼういっせん,5,5,ノーマル,中距離直線◎,直線で速度が上がる＜中距離＞,『中距離直線◎』の上位スキル。発動率が高く競技場に向いているが、スキルを3段階習得する必要があり、取得に必要な合計Ptは360と高め。下位スキルのヒントLvを上げてから習得したい。,360,271,1.64
240,5,金スキル,弧線のプロフェッサー,こせんのぷろふぇっさー,5,5,ノーマル,コーナー巧者◯,コーナーが得意になり速度が上がる,汎用性が高く、発動しやすい速度スキル。コーナースキルはほとんどのコースで中盤発動になる。,360,291,1.62
241,5,金スキル,疾風怒濤,しっぷうどとう,3,3,ノーマル,仕掛け抜群,レース終盤に後方にいると追い込み態勢に入り位置を上げる＜作戦・追込＞,速度を上げる効果。発動タイミングはレース終盤ランダムだが、終盤直ぐに発動してしまうとスパートの加速中なので効果を活かしづらい。,360,320,1.62
242,5,金スキル,尻尾の滝登り,しっぽのたきのぼり,5,5,ノーマル,尻尾上がり,レース中盤にスキルを多く発動すると速度が上がる,他のスキルを3つ発動することで発動条件を満たせる。中盤発動のスキルを複数確保できるならどの作戦でもおすすめ。,280,291,1.62
243,5,金スキル,勝利への執念,しょうりへのしゅうねん,2,2,ノーマル,食い下がり,最終コーナーで追い抜かれると差し返しやすくなる＜中距離＞,速度が上がり、加速力も若干上がる効果。差しや追込で先に仕掛けた相手を差し返すという運用が効果的。逃げや先行でも発動可能だが、最終コーナーで追い抜かれる展開だと勝利は難しい。,320,320,1.82
244,5,金スキル,真打,しんうち,5,5,ノーマル,影打,レース終盤が迫ったとき前方にいると速度が上がる＜長距離＞,発動地点がある程度決まっているため無駄になりづらい点が非常に優秀。発動条件も逃げ先行なら安定して満たしやすい。,320,320,1.82
245,5,金スキル,迅速果断,じんそくかだん,4,4,ノーマル,位置取り押し上げ,レース中盤で速度が上がる＜作戦・差し＞,中盤の好位置取りに役立つが、終盤で後方が発動条件となっているスキルの発動率が下がる可能性がある。,360,320,1.62
246,5,金スキル,スピードスター,すぴーどすたー,4,4,ノーマル,抜け出し準備,最終コーナーで抜け出しやすくなる＜作戦・先行＞,速度を上げる効果。取得に必要なPtは高いが、発動率しやすく発動位置が最終コーナーに限定されているため効果も活かしやすい。,360,320,1.62
247,5,金スキル,先陣の心得,せんじんのこころえ,3,3,ノーマル,リードキープ,レース中盤に差をつけ先頭だとリードを保ちやすい＜長距離＞,速度を上げる効果。発動条件がやや厳しく、安定しづらい。中盤速度スキルと賢さを増やすことで発動条件を満たしやすくなる。,320,320,1.82
248,5,金スキル,全身全霊,ぜんしんぜんれい,4,4,ノーマル,末脚,ラストスパートで速度が上がる,発動率が高く、終盤の後半に発動するので、ゴール直前に発動する可能性を除けば効果を活かしやすい。どの作戦でも使える汎用性の高さも優秀。,340,291,1.71
249,5,金スキル,脱出術,だっしゅつじゅつ,5,5,ノーマル,急ぎ足,レース中盤で前に行きやすくなる＜作戦・逃げ＞,速度を上げる効果。発動しやすく、逃げの先頭争いに役立つ優秀な速度スキル。,360,320,1.62
250,5,金スキル,チャート急上昇！,ちゃーときゅうじょうしょう,5,4,ノーマル,レコメンド,レース中盤に競り合うと速度が上がる<ダート>,どの作戦でも発動できるが、同じ作戦のウマ娘が多いと発動しやすい。レース中盤で先頭争いが発生する逃げは特に発動率が高い。,360,291,1.62
251,5,金スキル,電撃の煌めき,でんげきのきらめき,2,3,ノーマル,詰め寄り,レース終盤に後ろの方だとスパートしやすくなる＜短距離＞,速度上昇と若干の加速力上昇効果。発動条件が厳しめなので、差しや追込でも発動率はやや低め。,320,320,1.82
252,5,金スキル,怒涛の追い上げ,どとうのおいあげ,5,5,ノーマル,追い上げ,レース終盤で追い抜くと速度が上がる＜長距離＞,終盤で順位を上げていく後ろの作戦ほど相性が良い。発動率、タイミングともに優秀な速度スキル。,320,320,1.82
253,5,金スキル,内的体験,ないてきたいけん,4,4,ノーマル,内弁慶,最終コーナーで内ラチ側にいると速度が上がる＜長距離＞,長距離では最終コーナーでの速度アップはタイミングが良くなることが多い。コースの内側にいる必要があるが、どの作戦でも比較的発動しやすい。,320,320,1.82
254,5,金スキル,昇り龍,のぼりりゅう,4,4,ノーマル,外差し準備,最終コーナーで外から追い抜くと速度が上がる＜作戦・差し＞,最終コーナーの位置によって恩恵と発動率が影響される。最終コーナーが終盤に含まれる長距離ほど相性が良い。取得に必要なPtが高いためチーム競技場には不向き。,360,320,1.62
255,5,金スキル,ハヤテ一文字,はやていちもんじ,4,5,ノーマル,直線巧者,直線で速度が上がる,汎用性が高く、発動しやすい速度スキル。作戦や距離の条件がある直線スキルよりも取得に必要なPtが高いので優先度は低め。,340,291,1.71
256,5,金スキル,博打うち,ばくちうち,2,3,ノーマル,あやしげな作戦,レース後半に速度がすごく上がるがすごく疲れてしまうことがある,レース後半のランダムな地点で発動する。発動しやすく必要なPtも低いため競技場に向いているが、確率でスタミナを減少する場合がある。スタミナに余裕がない場合は非推奨。,240,205,1.71
257,5,金スキル,百万バリキ,ひゃくまんばりき,5,5,ノーマル,十万バリキ,上り坂で速度が上がる＜作戦・差し＞,発動タイミングはランダムな上り坂。必要Ptが低く、発動しやすいので競技場で特におすすめ。,240,226,1.71
258,5,金スキル,マイルの支配者,まいるのしはいしゃ,5,5,ノーマル,積極策,レース序盤に前方にいると差を広げやすくなる＜マイル＞,速度を上げる効果。発動条件は逃げ先行と相性が良く、発動率も高い。,320,320,1.82
259,5,金スキル,烈風一閃,れっぷういっせん,5,5,ノーマル,長距離直線◎,直線で速度が上がる＜長距離＞,『長距離直線◎』の上位スキル。発動率が高く競技場に向いているが、スキルを3段階習得する必要があり、取得に必要な合計Ptは360と高め。下位スキルのヒントLvを上げてから習得したい。,360,271,1.64
260,5,金スキル,アオハル燃焼・力,あおはるねんしょうちから,5,3,ノーマル,アオハル点火・力,レース終盤にアオハル魂が燃えレース中のチームメンバーのパワー合計が高いほど加速力が上がる,どの脚質でも使える終盤加速スキル。発動タイミングがスパート開始と重なれば強力。取得に必要なPtが非常に高いためチーム競技場には不向き。,400,370,1.85
261,5,金スキル,アクセル全開！,あくせるぜんかい,3,4,ノーマル,アクセラレーション,レース中盤に追い抜くと加速力が上がる＜マイル＞,中盤の加速効果は有効に活かしにくいので優先度は低い。中盤で発動する他の速度スキルとは相性が良く、終盤直前で発動した場合は強力。,320,320,1.82
262,5,金スキル,一陣の風,いちじんのかぜ,4,5,ノーマル,直線加速,直線で加速力が上がる,汎用性が高く、発動しやすい加速スキル。発動タイミングがランダムなので効果を活かせる場面は少なめ。,340,291,1.71
263,5,金スキル,曲線のソムリエ,きょくせんのそむりえ,4,5,ノーマル,コーナー加速◯,華麗なコーナーワークで加速力が上がる,汎用性が高く、発動しやすい加速スキル。発動タイミングがランダムなので効果を活かせる場面は少なめ。,360,291,1.62
264,5,金スキル,技巧派,ぎこうは,3,5,ノーマル,巧みなステップ,コース取りが少しスムーズになる＜作戦・先行＞,左右に動いた時に加速力を上げる効果。効果は活かしづらいが、発動率が非常に高く必要Ptも低いので競技場向きのスキル。,240,129,0.98
265,5,金スキル,くじけぬ精神,くじけぬせいしん,1,1,ノーマル,まき直し,レース中盤に後ろの方にいると加速力が少し上がる＜作戦・先行＞,発動条件を意図的に満たしにくく発動しづらい。中盤での加速力上昇効果も活かしにくいため、評価点を上げる目的以外で取得はおすすめしない。,240,129,0.98
266,5,金スキル,決意の直滑降,けついのちょっかっこう,5,5,ノーマル,直滑降,下り坂が少し得意になる＜作戦・先行＞,加速力を上げる効果。発動タイミングはランダムな下り坂。中盤後半~終盤前半が下り坂のコースでおすすめ。必要Ptが低く発動しやすいので競技場向き。,240,129,0.98
267,5,金スキル,豪脚,ごうきゃく,5,3,ノーマル,上昇気流,レース終盤に後ろの方だと追い抜く力が上がる＜マイル＞,加速力を上げる効果。差しや追込と相性が良いが、モブウマ娘が多いレースでは発動条件を満たしにくいことも。,320,320,1.82
268,5,金スキル,スプリントターボ,すぷりんとたーぼ,5,5,ノーマル,スプリントギア,直線で加速力が上がる＜短距離＞,汎用性が高く、発動しやすい。短距離向けに育成する場合の優先度は高い。,320,320,1.82
269,5,金スキル,迫る影,せまるかげ,5,4,ノーマル,直線一気,ラストスパートの直線で加速力が上がる＜作戦・追込＞,終盤突入地点が直線のコースと相性が良い。ラストスパートを開始するタイミングで加速力を上げられるため非常に強力。,360,320,1.62
270,5,金スキル,先手必勝,せんてひっしょう,5,5,ノーマル, 先駆け,レース序盤で前に行きやすくなる＜作戦・逃げ＞,加速力を上げる効果。スタートと同時に加速力を上げられるので、逃げの先頭争いにおいて非常に重要。必要Ptが低いのでチーム競技場でもおすすめ。,240,129,0.98
271,5,金スキル,逃亡者,とうぼうしゃ,4,3,ノーマル,押し切り準備,最終コーナーで先頭をキープしやすくなる＜作戦・逃げ＞,加速力を上げる効果。ラストスパート開始タイミングと重なれば強力。発動に条件があり、取得に必要なPtが高いためチーム競技場にはやや不向き。,360,320,1.62
272,5,金スキル,努力家,どりょくか,3,5,ノーマル,がんばり屋,追い抜こうとするときしばらくの間加速力が少し上がる＜作戦・差し＞,加速力を上げる効果。効果は活かしづらいが、非常に発動しやすく必要Ptが低いので競技場向きのスキル。,240,129,0.98
273,5,金スキル,乗り換え上手,のりかえじょうず,5,3,ノーマル,差し切り体勢,レース終盤で加速力が上がる＜作戦・差し＞,発動タイミングは終盤の中でランダムだが、ラストスパート開始と重なれば非常に強力。表記されていないが前方にいると発動しない点に注意。,360,320,1.62
274,5,金スキル,ノンストップガール,のんすとっぷがーる,5,4,ノーマル,垂れウマ回避,ラストスパートで前が塞がれた時の立ち回りがうまくなる,左右への移動と加速力が上がる効果。効果が非常に優秀で逃げ以外なら発動率も高め。取得に必要なPtも低いので様々なレースでおすすめのスキル。,300,220,1.47
275,5,金スキル,プランX,ぷらんX,4,5,ノーマル,善後策,レース終盤が迫ったとき前の方にいると抜かしやすくなる＜短距離＞,加速力を上げる効果。レース中盤の後半ランダムな地点で発動する。終盤直前に発動すれば非常に強力。発動条件は先行と相性が良く、先頭だと発動しないため逃げは要注意。,320,320,1.82
276,5,金スキル,ライトニングステップ,らいとにんぐすてっぷ,4,5,ノーマル,イナズマステップ,レース中盤に後ろの方にいるとしばらくの間囲まれにくくなる＜中距離＞,左右への移動と加速力が上がる効果。発動条件は後ろに位置取る差しや追込と相性が良い。加速力も上がるため、終盤直前に発動すると強力。,280,242,1.57
277,5,金スキル,アオハル燃焼・賢,あおはるねんしょうけん,3,2,ノーマル,アオハル点火・賢,レース序盤にアオハル魂が燃えレース中のチームメンバーの賢さ合計が高いほど先を見据えたコース取りを行う,序盤で左右に動きやすくなり、視野が広がるスキル。逃げ/先行向きで、差し/追込には非推奨。取得に必要なPtが非常に高いためチーム競技場には不向き。,400,370,1.85
278,5,金スキル,シックスセンス,しっくすせんす,2,3,ノーマル,危険回避,レース序盤に囲まれにくくなる＜作戦・逃げ＞,序盤で前か横を塞がれると左右に動きやすくなるスキル。発動しにくいので優先度は低い。,220,226,1.86
279,5,金スキル,準備万全！,じゅんびばんぜん,4,5,ノーマル, 仕掛け準備,レース中盤でしばらくの間ゴールに向けて準備を整える＜短距離＞,左右への移動と加速力が上がる効果。発動タイミングは中盤ランダムだが、終盤直前に発動すれば強力。取得に必要なPtが低いため競技場でのスコア稼ぎにおすすめ。,280,242,1.57
280,5,金スキル,注目の踊り子,ちゅうもくのおどりこ,3,5,ノーマル,ポジションセンス,レース序盤にコース取りがすごくうまくなる,左右に移動しやすくなる効果。序盤から前めの位置取りを目指す逃げ先行と相性が良い。取得に必要なPtが低いので競技場でおすすめ。,240,205,1.71
281,5,金スキル,狙うは最前列！,ねらうはさいぜんれつ,3,4,ノーマル, 前列狙い,レース終盤に前を目指す体勢をとる<ダート>,左右への移動と加速力が上がる効果。発動条件が特にないので発動しやすく、取得に必要なPtも低いためチーム競技場で特に強力。,280,220,1.57
282,5,金スキル,レーンの魔術師,れーんのまじゅつし,5,5,ノーマル,臨機応変,レース終盤にコース取りがうまくなる,左右に移動しやすくなる効果。終盤で後ろから順位を上げていく差しや追込と特に相性が良い。取得に必要なPtが低いので競技場でおすすめ。,240,205,1.71
283,5,金スキル,視界良好！異常なし！,しかいりょうこういじょうなし,3,5,ノーマル,お見通し,左右に移動すると状況を把握して視野が少し広くなる＜作戦・追込＞,序盤で発動することがほとんどなので勝敗には影響しにくいが、取得に必要なPtが低いため競技場でおすすめ。,220,274,2.26
284,5,金スキル,千里眼,せんりがん,2,5,ノーマル,ホークアイ,レース序盤に観察力が高まり視野を広く持てる＜中距離＞,勝敗には影響しにくいが、取得に必要なPtが低いため競技場のスコア稼ぎ目的では非常におすすめ。,220,226,1.86
285,5,金スキル,大局観,たいきょくかん,2,5,ノーマル,読解力,レース中盤に観察力が高まり視野を広く持てる＜作戦・差し＞,勝敗には影響しにくいが、取得に必要なPtが低いため競技場のスコア稼ぎ目的では非常におすすめ。,240,274,2.08
286,5,金スキル,天命士,てんめいし,2,5,ノーマル, 策士,レース終盤に後ろの方にいると視野が広くなる＜作戦・追込＞,終盤発動なので他の視野スキルよりも勝敗に影響しやすいが、他のウマ娘の作戦やレース展開に発動率が左右される。取得に必要なPtが低いため競技場でおすすめ。,220,274,2.26
287,5,金スキル,コンセントレーション,こんせんとれーしょん,5,5,ノーマル,集中力,スタートが得意になり出遅れる時間が少なくなる,ゲートから出る時間を短縮して出遅れる確率を減らせる。スタートダッシュが重要な短距離や作戦逃げなら優先度は高い。,280,265,1.89
288,5,金スキル,一番星,いちばんぼし,4,3,ノーマル,綺羅星,レース後半に呼吸を整え前へ踏み込む育成で重ねた勝利の数だけ効果が高まる,速度&加速力UPに加えて回復する効果。発動タイミングはレース後半のランダムで、終盤に差し掛かる直前で発動できると強力。育成中のレース勝利数によって効果が増える。,400,370,1.85
289,5,金スキル,日本一のウマ娘,にほんいちのうまむすめ,5,5,レア,なし,期待を背負った強い想いが力に変わり最終コーナーで速度が上がる＜長距離＞,長距離では最終コーナーと終盤到達地点の間に距離があるため、スパートの加速を終えた有効タイミングで発動しやすく発動率も高い。下位スキルと因子は存在しない。,360,559,1.41
290,6,金水スキル,VIP顔パス,VIPかおぱす,5,5,レア,パス上手,追い抜く気持ちが湧き疲れにくくなる＜長距離＞,レース全体が対象なので非常に発動しやすく汎用性も高い。ただし序盤から先頭を走る可能性がある逃げとは相性が悪い。,320,320,1.82
291,6,金水スキル,アオハル燃焼・体,あおはるねんしょうからだ,4,2,ノーマル,アオハル点火・体,レース中盤にアオハル魂が燃えレース中のチームメンバーのスタミナ合計が高いほど持久力が回復する,発動タイミングがレース中盤と優秀な回復スキル。長距離レースでおすすめ。取得に必要なPtが非常に高いためチーム競技場には不向き。,400,370,1.85
292,6,金水スキル,円弧のマエストロ,えんこのまえすとろ,5,5,ノーマル,コーナー回復◯,無駄のないコーナリングで持久力が回復する,汎用性が高く、発動しやすい。コーナーでの回復は無駄にならないため非常に優秀。,340,291,1.71
293,6,金水スキル,火事場のバ鹿力,かじばのばしかりょく,2,3,ノーマル,別腹タンク,力尽きそうになったとき走る気力が復活する＜長距離＞,スタミナが一定以下になった時に発動する回復スキル。発動タイミングが終盤になるので優先度は低い。,320,320,1.82
294,6,金水スキル,神業ステップ,かみわざすてっぷ,5,5,ノーマル,軽やかステップ,左右に動いても疲れにくくなる＜中距離＞,左右に動いた時にスタミナを回復するスキル。発動しやすいがタイミングは序盤になることが多い。最序盤以外で左右に動くことが少ない逃げとは相性が悪い。,320,320,1.82
295,6,金水スキル,切り開く者,きりひらくもの,5,5,ノーマル,前途洋々,レース中盤に前の方にいると疲れにくくなる＜中距離＞,発動条件は逃げと最も相性が良く、先行でも発動を狙える。発動タイミングが優秀な回復スキル。,320,320,1.82
296,6,金水スキル,食いしん坊,くいしんぼ,5,5,ノーマル,栄養補給,レース中盤に持久力が回復する＜作戦・先行＞,レース中盤での回復は無駄にならないうえに、難しい発動条件もないため非常に優秀な回復スキル。,360,320,1.62
297,6,金水スキル,クールダウン,くーるだうん,3,5,ノーマル,深呼吸,直線に入ると息を入れて疲れにくくなる＜長距離＞,汎用性が高く、発動しやすい回復スキル。発動タイミングがランダムなのでラストスパートに活かせないことも。,320,320,1.82
298,6,金水スキル,慧眼,けいがん,5,5,ノーマル, 展開窺い,レース中盤が迫ったとき後ろの方だと疲れにくくなり前の速度を少し下げる＜マイル＞,自身の回復と前方の速度を下げる効果。発動条件は差しや追込と相性が良い。,320,320,1.82
299,6,金水スキル,下校後のスペシャリスト,げこうごのすぺしゃりすと,5,4,ノーマル, 下校の楽しみ,下り坂で疲れにくくなる＜作戦・追込＞,下り坂さえあれば発動条件は満たせるが、下り坂が存在しないコースがある点には注意。,340,320,1.71
300,6,金水スキル,好転一息,こうてんひといき,3,5,ノーマル,直線回復,直線で持久力が回復する,汎用性が高く、発動しやすい回復スキル。発動タイミングがランダムなので効果を活かせないことも。,340,291,1.71
301,6,金水スキル,じゃじゃウマ娘,じゃじゃうまむすめ,5,5,ノーマル,勢い任せ,上り坂で疲れにくくなる＜作戦・逃げ＞,上り坂はほとんどのコースにあるので発動しやすく優秀。ただし上り坂の位置には注意が必要。,360,320,1.62
302,6,金水スキル,潜伏態勢,せんぷくたいせい,4,4,ノーマル,静かな呼吸, レース中盤が迫ったとき後方にいると持久力を回復する＜作戦・差し＞,発動タイミングと発動率ともに優秀な回復スキル。発動条件は自然に満たしやすい。,360,320,1.62
303,6,金水スキル,泰然自若,たいぜんじじゃく,5,5,ノーマル,マイペース,レース中盤初めの方に中団にいると速度をわずかに落として持久力をすごく回復する＜長距離＞,発動条件は差しと非常に相性が良いが、先行や追込でも発動を狙える。速度をわずかに落とす効果がある代わりに回復効果が高い。,340,320,1.71
304,6,金水スキル,どこ吹く風,どこふくかぜ,3,3,ノーマル,ウマ込み冷静,レース中盤に囲まれると持久力が回復する,発動タイミングは優秀だが、発動率は同じ作戦のウマ娘の数やレース展開に左右され安定しにくいため、他の回復スキルよりも優先度は低い。,340,291,1.71
305,6,金水スキル,眠れる獅子,ねむれるしし,4,4,ノーマル,後方待機,レース中盤に脚を溜めて疲れにくくなる＜作戦・追込＞,発動タイミングが優秀な回復スキル。後方でないと発動しないため、他のウマ娘の作戦やレース展開に発動率が左右される。,360,320,1.62
306,6,金水スキル,鋼の意志,はがねのいし,2,2,ノーマル, 隠れ蓑,レース序盤または中盤に前が詰まった時に強い意思を保ち持久力が回復する,前が詰まる条件が意図的に狙いにくく、避けたい展開なので優先度は低い。,320,291,1.82
307,6,金水スキル,不屈の心,ふくつのこころ,4,3,ノーマル,ペースキープ,レース中盤に追い抜かれると持久力が回復する,比較的発動しやすいが、レース展開に左右され安定はしにくい。他の優秀な回復スキルに比べると優先度はやや低め。,340,291,1.71
308,6,金水スキル,余裕綽々,よゆうしゃくしゃく,5,4,ノーマル,スタミナキープ,レース中盤が迫ったとき疲れにくくなる＜作戦・先行＞,レース序盤での回復は無駄になりにくく、発動率も高い優秀な回復スキル。,360,320,1.62
309,6,金水スキル,リラックス,りらっくす,1,3,ノーマル,小休憩,レース終盤に持久力が回復する＜作戦・差し＞,終盤での回復はラストスパートに活かせないので、優先度は低い。,360,320,1.62
310,6,金水スキル,冷静沈着,れいせいちんちゃく,2,1,ノーマル,冷静,前が詰まった時に落ち着いて態勢を立て直す＜作戦・追込＞,発動率はレース展開に左右され、安定しにくい。前が詰まる状況は避けたいので他の回復スキルよりも優先度は低い。,360,320,1.62
311,6,金水スキル,レースプランナー,れーすぷらんなー,5,5,ノーマル,好位追走,レース中盤で疲れにくくなる＜作戦・先行＞,レース中盤での回復は無駄にならないうえに、難しい発動条件もないため非常に優秀な回復スキル。,360,320,1.62
312,7,金赤スキル,独占力,どくせんりょく,5,3,ノーマル,束縛,レース終盤に後ろの方にいると前の速度を下げる＜中距離＞,相手の作戦に関係なく複数を対象にできる点が優秀な速度デバフ。発動条件は差しや追込と相性が良い。,320,320,1.82
313,7,金赤スキル,悩殺術,のうさつじゅつ,4,4,ノーマル,後方釘付,レース序盤に前の方にいると後方のウマ娘が萎縮する＜短距離＞,速度を減少させる効果。発動条件は逃げや先行と相性が良く、発動率も高め。,340,271,1.45
314,7,金赤スキル,スタミナグリード,すたみなぐりーど,5,5,ノーマル,スタミナイーター,レース中盤で後ろの方にいると前方の持久力をわずかに奪う＜長距離＞,デバフ効果と回復効果を持つスキル。発動条件は差しや追込と相性が良い。長距離で重要なスタミナに差をつけられるので非常に強力。,320,268,1.53
315,7,金赤スキル,八方にらみ,はっぽうにらみ,5,4,ノーマル,鋭い眼光,レース終盤に他のウマ娘が動揺する＜作戦・差し＞,スタミナを下げるデバフスキル。スタミナ切れによる失速を狙える。相手の作戦に関係なく複数を対象にできる点が優秀。表記されていないが、順位が後ろの方でないと発動しない。,360,320,1.62
316,7,金赤スキル,見惚れるトリック,みとれるとりっく,4,2,ノーマル,トリック（前）,レース中盤に前の方にいると後ろの掛かったウマ娘が疲れる,掛かり状態のウマ娘が対象のスタミナ減少デバフ。発動条件は逃げか先行と相性が良い。,280,291,2.08
317,7,金赤スキル,魅惑のささやき,みわくのささやき,3,2,ノーマル,ささやき,レース中盤にすぐ前のウマ娘を戸惑わせる＜中距離＞,スタミナを下げるデバフスキル。どの作戦でも使うことができ、汎用性は高い。,320,320,1.82
318,7,金赤スキル,奇術師,きじゅつし,4,5,ノーマル,目くらまし,レース終盤で前方のウマ娘の視野が狭くなる＜長距離＞,前のウマ娘の視野を狭くすることで、主にコース取りへの影響を期待できる。取得に必要なPtが低いため競技場でおすすめ。,220,226,1.86
319,7,金赤スキル,幻惑のかく乱,げんわくのかくらん,5,5,ノーマル,かく乱,レース終盤に前の方にいると後方の視野が少し狭くなる＜作戦・先行＞,主に差しや追込に対して、視野を狭くすることで終盤のコース取りへの影響を期待できる。取得に必要なPtが低く、発動しやすいので競技場でおすすめ。,220,274,2.26
320,7,金赤スキル,布陣,ふじん,5,3,ノーマル,布石,レース序盤に後ろにいると前の動きを鈍くする＜マイル＞,加速力を減少させる効果。発動条件は差しや追込と相性が良い。逃げウマ娘への対策として有効で、チームレースで味方の逃げウマ娘を有利にできる。,320,320,1.82
321,8,金緑スキル,初嵐,はつあらし,5,1,ノーマル, 秋ウマ娘◎,秋のレースが得意になりスピードとパワーが上昇する,『秋ウマ娘◎』の上位スキル。スピードとパワーが上昇する。あらかじめレース条件が定められているチャンピオンズミーティングやレジェンドレースで非常に強力。,330,287,2.21
322,8,金緑スキル,春一番,はるいちばん,5,1,ノーマル,春ウマ娘◎,春のレースが得意になりスピードとパワーが上昇する,『春ウマ娘◎』の上位スキル。スピードとパワーが上昇する。あらかじめレース条件が定められているチャンピオンズミーティングやレジェンドレースで非常に強力。,330,287,2.21
323,8,金緑スキル,右回りの鬼,みぎまわりのおに,5,3,ノーマル,右回り◎,右回りコースが得意になりスピードとパワーが上昇する,『右回り◎』の上位スキル。スピードとパワーが上昇する。あらかじめレース条件が定められているチャンピオンズミーティングやレジェンドレースで非常に強力。競技場でもアイテム使用で発動を狙える。,330,287,2.21
324,8,金緑スキル,淀の申し子,よどのもうしご,5,2,ノーマル, 京都レース場◎,京都レース場が得意になりスタミナと賢さが上昇する,『京都レース場◎』の上位に当たるスキルで賢さも上昇する。あらかじめレース条件が定められているチャンピオンズミーティングやレジェンドレースで非常に強力。,330,287,2.21
325,8,金緑スキル,良バ場の鬼,りょうばじょうのおに,5,4,ノーマル, 良バ場◎,「良」のバ場状態が得意になりパワーとスピードが上昇する,『良バ場◎』の上位スキル。スピードとパワーが上昇する。あらかじめレース条件が定められているチャンピオンズミーティングやレジェンドレースで非常に強力。競技場でもアイテム使用で発動を狙える。,330,287,2.21
326,8,金緑スキル,スーパーラッキーセブン,すーぱーらっきーせぶん,3,2,ノーマル,ラッキーセブン,枠番が7の時に良いことが起きる場合がある,スピード/スタミナ/パワーを上げる効果。発動できれば強力だが、発動率が非常に低い一か八かのスキル。,220,160,1.45
327,8,金緑スキル,大逃げ,だいにげ,5,5,レア,なし,通常の逃げの作戦よりさらに大きく後続を引き離して、そのまま逃げ切ろうとする＜作戦・逃げ＞,作戦が大逃げという扱いになり、通常の逃げよりも更に序盤から前を目指すようになる。大逃げが発動しても通常の逃げ用スキルは発動可能。,200,407,1.85
328,9,固有スキル,113転び114起き,113ころび114おき,5,4,固有,なし,最終コーナーで先頭から離されているとその距離が遠いほど頑張り続けて速度を少しずつ上げる,ハルウララ(新衣装)の固有スキル。先頭から離れていることが発動条件なので差し追込と相性が良く、距離が開いているほど持続時間が長くなる。短距離/マイルでは中盤の速度スキルとして機能しやすい。,200,180,0.9
329,9,固有スキル,Fairy tale,Fairy tale,3,4,固有,なし,レース後半に好位置で競り合うと走ることに心を躍らせて速度を上げる,ファインモーションの固有スキル。好位置条件は先行と相性が良い。競り合うことが条件に含まれるが、発動区間がレース後半と広く設けられているため比較的発動しやすい。,200,180,0.9
330,9,固有スキル,G00 1stF∞,G00 1stF∞,3,3,固有,なし,最終直線までみずから崩れることなく前の方にいると速度が上がる,ミホノブルボンの固有スキル。最終直線までに出遅れ・掛かり状態になっていないことが条件。賢さを上げることで発動条件を満たしやすくなる。出遅れの確率を減らせる「集中力」とも相性が良い。,200,180,0.9
331,9,固有スキル,GET DOWN,GET DOWN,3,2,固有,なし,最終コーナー走行中に中団で競り合うと抜け出しやすくなる,ゴールドシチー(新衣装)の固有スキル。差しや先行と相性は良いが、最終コーナー限定で競り合う必要があるため発動条件は厳しめ。効果は速度&加速力アップ。,200,180,0.9
332,9,固有スキル,Guten Appetit♪,Guten Appetit,4,4,固有,なし,最終コーナー以降に3回追い抜くと抱いた誇りを力に変えて最終直線で速度を上げ続ける,エイシンフラッシュ(新衣装)の固有スキル。長距離は最終コーナーが終盤の後半に位置するため、3回追い抜く条件を満たしづらい。他の速度固有スキルよりも効果時間が長く、効果量は変わらない点が特徴。,200,180,0.9
333,9,固有スキル,I Never Goof Up!,I Never Goof Up,5,3,固有,なし,レース終盤のコーナーで中団以降のポジションから追い抜くとあきらめない心を発揮して前を目指す,メイショウドトウの固有スキル。速度と加速力がアップする複合効果。先行でも発動は狙えるが、終盤で順位を上げやすい差しならより発動しやすい。,200,180,0.9
334,9,固有スキル,II'M☆FULL☆SPEED!!,II'MFULLSPEED,4,4,固有,なし,レース中間に好位置で少し疲れてくると気合を入れ直して大きく前へ踏み込む,ヒシアケボノの固有スキル。速度と加速力アップの複合効果。先頭では発動しないため逃げとは相性が悪い。スタミナが一定以下になることが条件に含まれるが、自然に満たしやすい条件となっている。,200,180,0.9
335,9,固有スキル,LookatCurren,LookatCurren,5,3,固有,なし,レース中間付近で好位置にいる時に追い抜くと勢いづき進出を開始する,カレンチャンの固有スキル。速度＆加速力アップの複合効果。発動条件は先行と相性が良い。ただし条件はやや厳しく、中盤速度スキルで補助したい。,200,180,0.9
336,9,固有スキル,Nemesis,Nemesis,3,3,固有,なし,最終コーナー以降で中団から前へ出る時、切れ味が増し速度が上がる,ナリタタイシンの固有スキル。追込と相性は良いが、最終コーナーの前に終盤の直線があるコースでは順位を上げてしまい発動しづらくなる。,200,180,0.9
337,9,固有スキル,Presents from X,Presents from X,3,2,固有,なし,スタート後からレース後半まで好位置を維持し続けるとレース中盤に勝利への道筋を見出し速度を上げる,ビワハヤヒデ(クリスマス)の固有スキル。好位置条件は先行と相性が良いが、先頭は含まれないため逃げとは相性が悪い。スタート直後は好位置に居なくても条件の成否に影響しない。,200,180,0.9
338,9,固有スキル,Pride of KING,Pride of KING,4,3,固有,なし,レースを冷静に運ぶことができると残り200mで実力発揮、速度がすごく上がる,キングヘイローの固有スキル。発動条件は差しや追込と相性が良い。掛かると不発するが、出遅れは問題無い。発動条件がやや厳しい代わりに効果量が高い。,200,180,0.9
339,9,固有スキル,Schwarze Schwert,Schwarze Schwert,3,3,固有,なし,最終直線まで冷静に自身の計画通り走行できれば、先頭目がけて鋭い脚で速度を上げる,エイシンフラッシュの固有スキル。1位や2位では発動しないため、差しと相性が良い。出遅れ・掛かり状態にならないことも条件に含まれる。,200,180,0.9
340,9,固有スキル,Shadow Break,Shadow Break,5,5,固有,なし,最終コーナー以降で外から追い抜くと怪物的な力で、速度を上げる中盤競り合っていた場合はすごく上がる,ナリタブライアンの固有スキル。逃げ以外の作戦と相性が良く、発動率は高め。中盤に競り合っていた場合は効果量が高くなり、追加効果の発動率も高めなので強力。,200,180,0.9
341,9,固有スキル,win Q.E.D,win QED,2,3,固有,なし,最終コーナー以降に前の方で追い抜くと勝利の方程式を導き、速度を上げる,ビワハヤヒデの固有スキル。発動条件は先行や差しと相性が良い。,200,180,0.9
342,9,固有スキル,YEAH☆VIVID TIME!,YEAHVIVID TIME,3,4,固有,なし,最終直線を走行中に好位置で追い抜くまたは詰め寄られるとテンションを上げて速度を上げる,トーセンジョーダンの固有スキル。“追い抜き”か“詰め寄られ”どちらかを満たせば発動でき、汎用性が高い。先頭は好位置に含まれないため逃げとは相性が悪い。,200,180,0.9
343,9,固有スキル,憧れは桜を越える！,あこがれはさくらをこえる,3,3,固有,なし,残り300mを切って好位置にいるとき前のウマ娘との距離が近いと強い想いが花開き速度が上がる,サクラチヨノオーの固有スキル。発動条件は先行と相性が良い。条件が残り300m以降なので、短距離以外なら終盤の加速が終わってから発動するため無駄になりにくい。,200,180,0.9
344,9,固有スキル,アナタヲ・オイカケテ,あなたをおいかけて,5,5,固有,なし,レース後半に中団から『お友達』を追って速度を少しずつ上げ前方のウマ娘をちょっと萎縮させる,マンハッタンカフェの固有スキル。差しや追込と相性が良く、非常に発動しやすい。速度上昇量が低い代わりに効果時間が長い。発動時に前方のウマ娘の速度を下げるデバフ効果付き。,200,180,0.9
345,9,固有スキル,一期の夢、刹那の飛翔,いっきのゆめせつなのひしょう,4,5,固有,なし,最終直線で後ろのウマ娘と距離が近いとこの瞬間に懸け持久力をわずかに使い少しの間速度がすごく上がる,メジロアルダンの固有スキル。順位条件が無く、どの作戦でも発動しやすい。他の固有スキルよりも効果量が高いが、効果時間が若干短い。持久力を消費するのでスタミナに多少の余裕を持っておきたい。,200,180,0.9
346,9,固有スキル,禾スナハチ登ル,いねすなはちのぼるる,3,3,固有,なし,レース後半に後方で詰め寄られるとマシマシの幸運パワーが身体に実り速度が上がる,新衣装マチカネフクキタルの固有スキル。差しと相性が良い。ただし後方詰め寄られる条件は他のウマ娘の作戦や能力に依存するので安定しにくい。,200,180,0.9
347,9,固有スキル,麗しき花信風,うるわしきかしんふう,5,4,固有,なし,レース後半に中団から残り持久力に応じたロングスパートをかけて速度をわずかに上げ続ける,メジロブライトの固有スキル。中団条件は差し追込向き。発動時点での残りスタミナに応じて持続時間が伸びるため、先に発動する回復スキルと相性が良い。,200,180,0.9
348,9,固有スキル,オペレーション・Cacao,おぺれーしょんCacao,5,5,固有,なし, 中盤のコーナーで先団を走行中後ろに他ウマ娘を検知するとわずかに息を入れ、さらに速度を上げる,ミホノブルボン(新衣装)の固有スキル。速度アップ&回復の複合効果。距離を問わず、逃げ以外に先行でも発動を狙いやすい。,200,180,0.9
349,9,固有スキル,晦冥を照らせ永遠の耀き,かいめいをてらせえいえんのかがやき,5,4,固有,なし,最終直線に入ったとき好位置につけていると強い意志で速度が上がる、先頭が近い場合はすごく上がる,サトノダイヤモンドの固有スキル。差しや追込でも発動は狙えるが、発動できるのは最終直線に入るタイミングのみなので、常に好位置につきやすい先行だと安定しやすい。先頭と距離が近い場合は効果が高くなる。,200,180,0.9
350,9,固有スキル,翳り退く、さざめきの矢,かげりしりぞくさざめきのや,4,3,固有,なし,最終コーナー以降に先団で詰め寄られると闘志を燃やして速度を上げる,シンボリルドルフ(新衣装)の固有スキル。逃げや先行と相性が良く、最終コーナー以降に前の方で追い越されそうになると発動する。条件はやや厳しいが発動範囲が広いため発動率はそこそこ。,200,180,0.9
351,9,固有スキル,勝ち鬨ワッショイ！,かちどきわっしょい,5,5,固有,なし,前方にいるとき、レース後半の第3コーナーで速度を少し上げる、または終盤の向正面で力強く前に踏み込む,キタサンブラックの固有スキル。コース条件によって効果が変わり、中距離以下では第3コーナー、長距離では向正面での発動効果となる。長距離で特に強力で、先頭以外に2位でも発動できる,200,180,0.9
352,9,固有スキル,カッティング×DRIVE！,かってぃんぐ×DRIVE,3,3,固有,なし,残り200mを切って前の方にいると競り合いに強くなり速度が上がる,ウオッカの固有スキル。残り200mを通過してから条件を満たしても発動するが、間に合わないことも。先頭だと発動しない点に注意。,200,180,0.9
353,9,固有スキル,貴顕の使命を果たすべく,きけんのしめいをはたすべく,4,5,固有,なし,最終コーナーで前の方にいると抜かさせない覚悟を決めて速度が上がる,メジロマックイーンの固有スキル。逃げ先行と相性が良く、非常に発動しやすい。,200,180,0.9
354,9,固有スキル,きっとその先へ…！,きっとそのさきへ,4,5,固有,なし,レース終盤で3番手の時に負けそうになると闘志に火が付き速度が上がる,ナイスネイチャの固有スキル。逃げ以外と相性が良い。レース終盤で一瞬でも3位になれば発動条件を満たせるので、非常に発動しやすい。,200,180,0.9
355,9,固有スキル,来ます来てます来させます！,きますきてますこさせます,3,2,固有,なし,レース終盤に前方が詰まるとお告げの力で道を切り開く,マチカネフクキタルの固有スキル。効果は速度上昇と少しの加速力上昇。差しや追込と相性は良いが、前を塞がれる条件が意図的に満たしづらく、発動率は低い,200,180,0.9
356,9,固有スキル,究極テイオーステップ,きゅうきょくていおーすてっぷ,4,3,固有,なし,最終直線で前と差が詰まると華麗な脚取りで速度がすごく上がる,トウカイテイオーの固有スキル。逃げ以外の作戦なら発動を狙えるが、特に相性が良いのは差し。他の固有スキルよりも効果量が高い。,200,180,0.9
357,9,固有スキル,キラキラ☆STARDOM,きらきらSTARDOM,4,5,固有,なし,レース中盤の直線で前の方にいるとき後ろのウマ娘と距離が近いと譲らない想いが力になる,スマートファルコンの固有スキル。速度を上げる効果。逃げと相性が良く、固有スキルの中では発動タイミングがかなり早め。,200,180,0.9
358,9,固有スキル,煌星のヴォードヴィル,きらぼしのヴぉーどヴぃる,4,4,固有,なし,最終直線で前の方で少し抜け出していると輝きを増し速度がすごく上がる,フジキセキの固有スキル。発動条件は逃げ先行と相性が良い。他の固有スキルよりも効果量が高め。,200,180,0.9
359,9,固有スキル,薫風、永遠なる瞬間を,くんぷうえいえんなるしゅんかんを,4,4,固有,なし,レース中盤で前の方から仕掛け始める時に速度が上がる,花嫁エアグルーヴの固有スキル。先行と相性が良く、発動率も高め。,200,180,0.9
360,9,固有スキル,グッときて♪Chu,ぐっとしてChu,5,5,固有,なし,スキルで持久力を回復するとレース後半で前のほうにいる時にレッツラゴー！と速度を上げる,水着マルゼンスキーの固有スキル。意図的に発動させやすく、序盤～中盤で回復した場合は後半ですぐに発動できる。,200,180,0.9
361,9,固有スキル,ぐるぐるマミートリック♡,ぐるぐるまみーとりっく,4,3,固有,なし,最終直線を好位置で走行中前のウマ娘との距離が近いと抜け出しやすくなる,ハロウィンスーパークリークの固有スキル。逃げ以外と相性が良く、発動率も高め。,200,180,0.9
362,9,固有スキル,恵福バルカローレ,えふくばるかろーれ,5,5,固有,なし, 残り400m地点で先団だと少しの間速度を上げる、それまでに7回スキルを使っている場合はすごく上げる,テイエムオペラオー(新衣装)の固有スキル。先頭でも発動可能で逃げ先行と相性が良く、発動地点が決まっているため中距離以上のレースでは無駄になりにくい。スキルを7回以上発動していると効果が高くなるが、持続時間は他の速度固有スキルよりも少し短い。,200,180,0.9
363,9,固有スキル,最強の名をかけて,さいきょうのなをかけて,3,4,固有,なし,最終コーナー以降に前めで力が尽きかけ詰め寄られると速度を上げ続ける,メジロマックイーン(新衣装)の固有スキル。発動条件は逃げ先行と相性が良い。効果の持続時間が長め。,200,180,0.9
364,9,固有スキル,シューティングスター,しゅーてぃんぐすたー,4,5,固有,なし,レース終盤に前の方で相手を抜くと勢いに乗って速度が上がりさらに加速力がちょっと上がる,スペシャルウィークの固有スキル。逃げ以外の作戦と相性が良く、発動条件が非常に易しい。若干の加速力上昇効果があるため、終盤直ぐに発動しても無駄にならない。,200,180,0.9
365,9,固有スキル,勝利の鼓動,しょうりのこどう,4,4,固有,なし,残り200m地点で前の方にいると道を開いてすごく抜け出しやすくなる,オグリキャップの固有スキル。発動条件は先行や差しと相性が良く、先頭では発動しないため逃げとは相性が悪い。発動タイミングは残り200m地点のみで、200mを切ってから条件を満たした場合は発動できない。,200,180,0.9
366,9,固有スキル,勝利のチケットを、君にッ！,しょうりのちけっとをきみにっ,3,3,固有,なし,最終コーナー以降に競り合っていると最終直線で前方にいる時強い気持ちが湧き速度が上がる,ウイニングチケットの固有スキル。先行や差しと相性は良いが、競り合い条件がやや厳しく発動率は控えめ。,200,180,0.9
367,9,固有スキル,白い稲妻、見せたるで！,しろいいなずまみせたるで,4,5,固有,なし,レース後半の直線で好位置にいるまたは中団から前を狙うと稲妻の如く駆けて行く,タマモクロスの固有スキル。効果は速度&加速力アップで無駄になりにくい。発動条件が2種類あり、逃げ以外の作戦であれば発動を狙えるが、自身が中団にいる場合は発動しない。,200,180,0.9
368,9,固有スキル,精神一到何事か成らざらん,せいしんいっとうなにごとかならざらん,3,4,固有,なし,最終直線で後ろの方から追い抜くと末脚を使って速度が上がる,グラスワンダーの固有スキル。発動条件は差し追込と相性が良い。,200,180,0.9
369,9,固有スキル,聖夜のミラクルラン！,せいやのみらくるらん,4,3,固有,なし,スキルで持久力を3回以上回復するとレース後半で勝利に向かい呼吸を整えて力強く踏み込んでいく,オグリキャップ(クリスマス)の固有スキル。速度&加速アップに加えて持久力を回復する効果。条件さえ満たせばどの作戦でも発動可能だが、回復スキルを3つ発動させる必要があるため発動条件はやや厳しい。,200,180,0.9
370,9,固有スキル,先頭の景色は譲らない…！,せんとうのけしきはゆずらない,4,4,固有,なし,レース後半に差を付けて先頭にいるとさらなる脚を使って、速度を上げる,サイレンススズカの固有スキル。普通の逃げの場合は発動条件がやや厳しいが、自身が大逃げで他に大逃げが居ないレースなら発動しやすい。,200,180,0.9
371,9,固有スキル,絶対は、ボクだ,ぜったいはぼくだ,5,4,固有,なし,最終コーナー以降に前の方で追いすがっていると最終直線を走行中不屈の闘志で速度がすごく上がる,トウカイテイオー(新衣装)の固有スキル。発動条件は先行と相性が良く、効果量が高い。,200,180,0.9
372,9,固有スキル,タイマン！デッドヒート！,たいまんでっどひーと,3,4,固有,なし,最終コーナー以降に後ろの方から外を回って追い抜いていると最終直線で速度を上げる,ヒシアマゾンの固有スキル。発動条件は追込や差しと相性が良い。コーナーでは外から追い抜くことが多いので、外を回って条件も満たしやすい。,200,180,0.9
373,9,固有スキル,ディオスクロイの流星,でぃおすくろいのりゅうせい,4,5,固有,なし,最終直線で先頭から離されていると星に導かれるように速度が上がる。最後方付近にいる場合はすごく上がる,最終直線で先頭から離されていると星に導かれるように速度が上がる。最後方付近にいる場合はすごく上がる,200,180,0.9
374,9,固有スキル,尊み☆ﾗｽﾄｽﾊﾟー(ﾟ∀ﾟ)ーﾄ!,とうとみらすとすぱーと,4,5,固有,なし,レース終盤に2回追い抜くと間近で拝むウマ娘ちゃんのあまりの尊さに思わず速度を上げてコース取りがうまくなる,アグネスデジタルの固有スキル。差しや追込なら発動条件を満たしやすく、2回の追い抜きが必要なので終盤に入ってしばらくしてから発動しやすい点が優秀。,200,180,0.9
375,9,固有スキル,汝、皇帝の神威を見よ,なんじこうていのしんいをみよ,5,5,固有,なし,レース終盤に3回追い抜くと最終直線で速度がすごく上がる,シンボリルドルフの固有スキル。差し追込と相性が良い。他の固有スキルと比べると効果量が高い。発動タイミングは最終直線だが、3回追い抜く条件はレース終盤全体が対象なので発動しやすい。,200,180,0.9
376,9,固有スキル,姫たるもの、勝利をこの手に,ひめたるものしょうりをこのてに,3,2,固有,なし,最終直線を走行中に競り合うと可憐にぶっ飛ばして速度を上げる,カワカミプリンセスの固有スキル。順位などの条件は無いが、競り合う条件が厳しく安定して発動しにくい。,200,180,0.9
377,9,固有スキル,ひらめき☆ランディング,ひらめきらんでぃんぐ,3,3,固有,なし,最終コーナー以降に前の方で競り合うと直線で抜け出しやすくなる,マヤノトップガンの固有スキル。速度&加速力アップの複合効果。発動条件は逃げや先行と相性が良いが、競り合い条件がやや安定しにくい。,200,180,0.9
378,9,固有スキル,不沈艦、抜錨ォッ！,ふちんかんばつびょうぉっ,5,5,固有,なし,レース中間からロングスパートをかけて速度が少しずつ上がる,ゴールドシップの固有スキル。追込と相性が良く、発動率は高め。表記されてないが、後ろの方にいないと発動しない点に注意。,200,180,0.9
379,9,固有スキル,フラワリー☆マニューバ,ふらわりーまにゅーば,5,5,固有,なし,最終コーナーで前の方で抜くと速度が後ろの方で抜くと加速力が上がる,花嫁マヤノトップガンの固有スキル。前か後ろかで効果が変わる。逃げ以外の作戦と相性が良く、汎用性が高い。,200,180,0.9
380,9,固有スキル,ブリリアント・レッドエース,ぶりりあんとれっどえーす,5,5,固有,なし,レース後半に前の方で1番になる力を発揮する,ダイワスカーレットの固有スキル。速度と加速力を上げる効果。逃げ先行と相性が良く、発動区間がレース後半と広いため発動しやすい。,200,180,0.9
381,9,固有スキル,ブルーローズチェイサー,ぶるーろーずちぇいさー,3,4,固有,なし,最終コーナー以降に追い抜いて先団についていると最終直線で強い意思を持って速度が上がる,ライスシャワーの固有スキル。発動条件は先行差しと相性が良く、発動率も高め。,200,180,0.9
382,9,固有スキル,ブレイズ・オブ・プライド,ぶれいずおぶぷらいど,3,3,固有,なし,最終コーナーで中団以降から追い抜くと女帝たる走りで速度が上がる,エアグルーヴの固有スキル。差しと相性が良い。先行でも発動を狙えるが、相手の能力が低いレースでは発動しにくい。,200,180,0.9
383,9,固有スキル,プランチャ☆ガナドール,ぷらんちゃがなどーる,5,4,固有,なし,最終直線で余力を持って前にいるとより優位を保ちやすくなる,エルコンドルパサーの固有スキル。逃げや先行と相性が良い。発動するためにはスタミナに余裕が必要で、回復スキルと相性が良い。速度と加速力がどちらも上昇する効果。,200,180,0.9
384,9,固有スキル,優等生×バクシン=大勝利ッ,ゆうとうなま×ばくしんだいしょうりっ,5,4,固有,なし,レース後半に前の方で競り合うとバクシン力（？）を発揮、速度が上がる,サクラバクシンオーの固有スキル。逃げや先行と相性が良い。競り合いが条件だが、発動区間がレース後半と広く設けられているため比較的発動しやすい。,200,180,0.9
385,9,固有スキル,ヴィットーリアに捧ぐ舞踏,ゔぃっとーりあにささげぐぶとう,3,4,固有,なし,最終コーナー以降に前の方で前または後ろのウマ娘と距離が近いと王たる輝きで速度が上がる,テイエムオペラオーの固有スキル。発動条件は逃げ先行と相性が良い。,200,180,0.9
386,9,固有スキル,KEEP IT REAL.,KEEP IT REAL,4,5,固有,なし,レース後半に中団から仕掛け始める時に持てるパフォーマンスを発揮して加速力を少しずつ上げる,ゴールドシチーの固有スキル。差しや追込と相性が良い。発動範囲がレース後半と広いため発動はしやすいが、狙ったタイミングで発動させるのは難しい。,200,180,0.9
387,9,固有スキル,アングリング×スキーミング,あんぐりんぐ×すきーみんぐ,5,4,固有,なし,レース終盤のコーナーで先頭にいるとこれ幸いと加速力を上げる,セイウンスカイの固有スキル。逃げと相性が良く、終盤突入地点がコーナーのコースではラストスパート開始と同時に加速力を上げられるため非常に強力。,200,180,0.9
388,9,固有スキル,彼方、その先へ…,かなたそのさきへ,5,3,固有,なし,落ち着いたまま、中盤の仕掛けどころのまたは終盤の勝負どころのコーナーを中団で進むと奮い立ち加速力が上がる,メジロドーベルの固有スキル。順位条件は差しと相性が良い。発動タイミングは中盤の最終コーナーか終盤のコーナー到達時。出遅れは問題ないが、掛かると発動しない。,200,180,0.9
389,9,固有スキル,紅焔ギア/LP1211-M,こうえんぎあ/LP1211M,5,5,固有,なし,最終コーナー以降で前の方にいるとギアを変えて加速力が上がる,マルゼンスキーの固有スキル。逃げ先行と相性が良く、非常に発動しやすい。加速効果なのでスパート開始タイミングに重なれば強力。,200,180,0.9
390,9,固有スキル,コンドル猛撃波,こんどるもうげきなみ,4,3,固有,なし,最終コーナーで中団から前を狙う時魂を燃え滾らせて加速力を上げる,新衣装エルコンドルパサーの固有スキル。差しと相性が良く、発動率も高め。終盤突入地点が最終コーナーのコースではラストスパート開始タイミングで加速力アップでき強力。,200,180,0.9
391,9,固有スキル,レッツ・アナボリック！,れっつあなぼりっく,4,2,固有,なし,レース終盤のコーナーで前の位置につこうとして加速力が上がる,メジロライアンの固有スキル。差し追込と相性は良いが、9人のレースでは6位でのみ発動と順位条件が狭く、発動は安定しにくい。マイル～中距離のレースでスパート開始タイミングに重なりやすく、発動さえできれば非常に強力。,200,180,0.9
392,9,固有スキル,ヴィクトリーショット！,ゔぃくとりーしょっと,5,3,固有,なし,最終直線が迫ったとき好位置にいると弾みを付けて加速力が上がる,タイキシャトルの固有スキル。好位置条件は先行と相性が良く、先頭は含まれないため逃げとは相性が悪い。マイルレースで相性の良いコースが多い。,200,180,0.9
393,10,固有回復スキル,Drain for rose,Drain for rose,3,3,固有,なし,レース中盤を好位置で走行中に詰め寄られると前方のウマ娘から持久力を吸い取る,ハロウィンライスシャワーの固有スキル。自身の回復と前方へのスタミナデバフ効果。発動条件は先行と相性が良い。,200,180,0.9
394,10,固有回復スキル,U=ma2,Uma2,5,5,固有,なし,レース後半のコーナーで控えていると持久力を回復しさらに少しの間速度を上げる,アグネスタキオンの固有スキル。先行や差しと相性が良い。レース後半のコーナーで発動するため、後半のコーナーが終盤に含まれるコースでは活かしにくい。,200,180,0.9
395,10,固有回復スキル,ゲインヒール・スペリアー,げいんひーるすぺりあー,5,4,固有,なし,中盤に後ろの方で順位を下げた時に優しい光で持久力をすごく回復する,新衣装グラスワンダーの固有スキル。差しや追込と相性が良い。比較的発動しやすいが、他のウマ娘の作戦に左右される。,200,180,0.9
396,10,固有回復スキル,どんっ、パッ、むんっ,どんっぱっむんっ,4,4,固有,なし,レース中間付近で中団にいるとき気合を入れ直して持久力を回復しさらに速度を少し上げる,マチカネタンホイザの固有スキル。効果は回復が主で、若干の速度増加付き。先行/差しであれば発動を狙いやすく、発動タイミングも優秀。,200,180,0.9
397,10,固有回復スキル,ピュリティオブハート,ぴゅりてぃおぶはーと,5,5,固有,なし,レース中盤で好位置にいる時に持久力がすごく回復する,スーパークリークの固有スキル。発動条件は先行と相性が良い。好位置に先頭は含まれない。発動率、タイミング、効果量どれを取っても優秀な回復スキル。,200,180,0.9
398,10,固有回復スキル,ワクワククライマックス,わくわくくらいまっくす,2,2,固有,なし,最終コーナーで後ろの方にいると近くのウマ娘を見て持久力を回復する,ハルウララの固有スキル。差しや追込と相性は良いが、相手の能力が低いレースでは発動条件を満たしにくい。,200,180,0.9
399,10,固有回復スキル,わやかわ♪マリンダイヴ,わやかわまりんだいヴ,4,5,固有,なし,中盤で2回スキルを使うとよりリラックスして持久力が回復する,水着スペシャルウィークの固有スキル。意図的に発動させやすく、発動タイミングも優秀な回復固有。,200,180,0.9
