id,carSkillMasterId,typeNo,typeName,cardId,cardName,sortNum,eventType,eventTypeName,skillName,skillContents
1,1,1,スピード,1,サイレンススズカSSR,1,1,育成イベント,逃亡者,最終コーナーで先頭をキープしやすくなる＜作戦・逃げ＞
2,2,1,スピード,1,サイレンススズカSSR,2,1,育成イベント,左回り◯,左回りコースが少し得意になる
3,3,1,スピード,1,サイレンススズカSSR,3,1,育成イベント,左回り◯のアイコンノーマル,
4,4,1,スピード,1,サイレンススズカSSR,4,2,所持スキル,急ぎ足,レース中盤でわずかに前に行きやすくなる＜作戦・逃げ＞
5,5,1,スピード,1,サイレンススズカSSR,5,2,所持スキル,逃げ直線◯,直線で速度がわずかに上がる＜作戦・逃げ＞
6,6,1,スピード,1,サイレンススズカSSR,6,2,所持スキル,逃げコーナー◯,コーナーで速度がわずかに上がる＜作戦・逃げ＞
7,7,1,スピード,1,サイレンススズカSSR,7,2,所持スキル,先頭プライド,レース序盤にわずかに追い抜かれにくくなる＜作戦・逃げ＞
8,8,1,スピード,1,サイレンススズカSSR,8,2,所持スキル,先駆け,レース序盤でわずかに前に行きやすくなる＜作戦・逃げ＞
9,9,1,スピード,1,サイレンススズカSSR,9,2,所持スキル,押し切り準備,最終コーナーで先頭をわずかにキープしやすくなる＜作戦・逃げ＞
10,10,1,スピード,1,サイレンススズカSSR,10,2,所持スキル,集中力,スタートが得意になり出遅れる時間がわずかに少なくなる
11,11,1,スピード,1,サイレンススズカSSR,11,2,所持スキル,前途洋々,レース中盤に先頭だとわずかに疲れにくくなる＜中距離＞
12,12,1,スピード,1,サイレンススズカSSR,12,2,所持スキル,逃げのコツ◯,良い位置に少しつきやすくなる＜作戦・逃げ＞
13,13,1,スピード,2,トウカイテイオー(SSRサポート),1,1,育成イベント,慧眼,レース序盤に後ろの方だと疲れにくくなる＜マイル＞
14,14,1,スピード,2,トウカイテイオー(SSRサポート),2,1,育成イベント,小休憩,レース終盤に持久力がわずかに回復する＜作戦・差し＞
15,15,1,スピード,2,トウカイテイオー(SSRサポート),3,2,所持スキル,アクセラレーション,レース中盤に追い抜くと加速力がわずかに上がる＜マイル＞
16,16,1,スピード,2,トウカイテイオー(SSRサポート),4,2,所持スキル,展開窺い,レース序盤に後ろの方だとわずかに疲れにくくなる＜マイル＞
17,17,1,スピード,2,トウカイテイオー(SSRサポート),5,2,所持スキル,札幌レース場◯,札幌レース場が少し得意になる
18,18,1,スピード,3,ゴールドシチー(SSRサポート),1,1,育成イベント,一陣の風,直線で加速力が上がる
19,19,1,スピード,3,ゴールドシチー(SSRサポート),2,1,育成イベント,先行直線◯,直線で速度がわずかに上がる＜作戦・先行＞
20,20,1,スピード,3,ゴールドシチー(SSRサポート),3,2,所持スキル,巧みなステップ,コース取りがわずかにスムーズになる＜作戦・先行＞
21,21,1,スピード,3,ゴールドシチー(SSRサポート),4,2,所持スキル,垂れウマ回避,ラストスパートで前が塞がれた時の立ち回りがわずかにうまくなる
22,22,1,スピード,3,ゴールドシチー(SSRサポート),5,2,所持スキル,ポジションセンス,レース序盤にコース取りが少しうまくなる
23,23,1,スピード,3,ゴールドシチー(SSRサポート),6,2,所持スキル,臨機応変,レース終盤にコース取りが少しうまくなる
24,24,1,スピード,3,ゴールドシチー(SSRサポート),7,2,所持スキル,イナズマステップ,レース中盤に後ろの方にいると少し囲まれにくくなる＜中距離＞
25,25,1,スピード,3,ゴールドシチー(SSRサポート),8,2,所持スキル,軽やかステップ,左右に動いてもわずかに疲れにくくなる＜中距離＞
26,26,1,スピード,4,サクラバクシンオー(SSRスピード),1,1,育成イベント,スプリントターボ,直線で加速力が上がる＜短距離＞
27,27,1,スピード,4,サクラバクシンオー(SSRスピード),2,1,育成イベント,詰め寄り,レース終盤に後ろの方だとわずかにスパートしやすくなる＜短距離＞
28,28,1,スピード,4,サクラバクシンオー(SSRスピード),3,2,所持スキル,短距離コーナー◯,コーナーで速度がわずかに上がる＜短距離＞
29,29,1,スピード,4,サクラバクシンオー(SSRスピード),4,2,所持スキル,短距離直線◯,直線で速度がわずかに上がる＜短距離＞
30,30,1,スピード,4,サクラバクシンオー(SSRスピード),5,2,所持スキル,大きなリード,レース中盤に大きく差をつけ先頭だとリードをわずかに保ちやすい＜短距離＞
31,31,1,スピード,4,サクラバクシンオー(SSRスピード),6,2,所持スキル,スプリントギア,直線で加速力がわずかに上がる＜短距離＞
32,32,1,スピード,4,サクラバクシンオー(SSRスピード),7,2,所持スキル,善後策,レース中盤に前の方にいるとわずかに抜かしやすくなる＜短距離＞
33,33,1,スピード,4,サクラバクシンオー(SSRスピード),8,2,所持スキル,後方釘付,レース序盤に前の方にいると後方のウマ娘が少し萎縮する＜短距離＞
34,34,1,スピード,4,サクラバクシンオー(SSRスピード),9,2,所持スキル,逃げ焦り,レース中盤に作戦・逃げのウマ娘を焦らせてわずかに疲れやすくする
35,35,1,スピード,4,サクラバクシンオー(SSRスピード),10,2,所持スキル,逃げ駆け引き,作戦が逃げのウマ娘が掛かると落ち着くまで時間がかかる
36,36,1,スピード,5,ニシノフラワー(SSRスピード),1,1,育成イベント,ハヤテ一文字,直線で速度が上がる
37,37,1,スピード,5,ニシノフラワー(SSRスピード),2,1,育成イベント,直線巧者,直線で速度がわずかに上がる
38,38,1,スピード,5,ニシノフラワー(SSRスピード),3,2,所持スキル,先行コーナー◯,コーナーで速度がわずかに上がる＜作戦・先行＞
39,39,1,スピード,5,ニシノフラワー(SSRスピード),4,2,所持スキル,上昇気流,レース終盤に後ろの方だと追い抜く力がわずかに上がる＜マイル＞
40,40,1,スピード,5,ニシノフラワー(SSRスピード),5,2,所持スキル,根幹距離◯,根幹距離（400mの倍数）が少し得意になる
41,41,1,スピード,5,ニシノフラワー(SSRスピード),6,2,所持スキル,阪神レース場◯,阪神レース場が少し得意になる
42,42,1,スピード,5,ニシノフラワー(SSRスピード),7,2,所持スキル,良バ場◯,「良」のバ場状態が少し得意になる
43,43,1,スピード,6,ビコーペガサス(SSR),1,1,育成イベント,プランX,レース中盤に前の方にいると抜かしやすくなる＜短距離＞
44,44,1,スピード,6,ビコーペガサス(SSR),2,1,育成イベント,短距離直線◯,直線で速度がわずかに上がる＜短距離＞
45,45,1,スピード,6,ビコーペガサス(SSR),3,2,所持スキル,詰め寄り,レース終盤に後ろの方だとわずかにスパートしやすくなる＜短距離＞
46,46,1,スピード,6,ビコーペガサス(SSR),4,2,所持スキル,積極策,レース序盤に先頭だとわずかに差を広げやすくなる＜マイル＞
47,47,1,スピード,6,ビコーペガサス(SSR),5,2,所持スキル,上昇気流,レース終盤に後ろの方だと追い抜く力がわずかに上がる＜マイル＞
48,48,1,スピード,6,ビコーペガサス(SSR),6,2,所持スキル,仕掛け準備,レース中盤でゴールに向けて準備を少し整える＜短距離＞
49,49,1,スピード,6,ビコーペガサス(SSR),7,2,所持スキル,様子見,レース中盤に後ろの方だとわずかに疲れにくくなる＜短距離＞
50,50,1,スピード,6,ビコーペガサス(SSR),8,2,所持スキル,抜け駆け禁止,レース序盤に後ろの方にいると前方のウマ娘がわずかに焦る＜短距離＞
51,51,1,スピード,6,ビコーペガサス(SSR),9,2,所持スキル,外枠得意◯,枠番が6〜8のレースが少し得意になる
52,52,1,スピード,7,スペシャルウィーク(イベント配布報酬),1,1,育成イベント,食いしん坊,レース中盤に持久力が回復する＜作戦・先行＞
53,53,1,スピード,7,スペシャルウィーク(イベント配布報酬),2,1,育成イベント,ふり絞り,レース終盤にスキルを多く発動すると持久力がわずかに回復する
54,54,1,スピード,7,スペシャルウィーク(イベント配布報酬),3,1,育成イベント,別腹タンク,力を出し切った時に走る気力がわずかに復活する＜長距離＞
55,55,1,スピード,7,スペシャルウィーク(イベント配布報酬),4,1,育成イベント,栄養補給,レース中盤に持久力がわずかに回復する＜作戦・先行＞
56,56,1,スピード,7,スペシャルウィーク(イベント配布報酬),5,2,所持スキル,末脚,ラストスパートで速度がわずかに上がる
57,57,1,スピード,7,スペシャルウィーク(イベント配布報酬),6,2,所持スキル,食い下がり,最終コーナーで追い抜かれるとわずかに差し返しやすくなる＜中距離＞
58,58,1,スピード,7,スペシャルウィーク(イベント配布報酬),7,2,所持スキル,外差し準備,最終コーナーで外から追い抜くと速度がわずかに上がる＜作戦・差し＞
59,59,1,スピード,7,スペシャルウィーク(イベント配布報酬),8,2,所持スキル,栄養補給,レース中盤に持久力がわずかに回復する＜作戦・先行＞
60,60,1,スピード,7,スペシャルウィーク(イベント配布報酬),9,2,所持スキル,道悪◯,「稍重」「重」「不良」のバ場状態が 少し得意になる
61,61,1,スピード,7,スペシャルウィーク(イベント配布報酬),10,2,所持スキル,雨の日◯,雨の日のレースが少し得意になる
62,62,1,スピード,7,スペシャルウィーク(イベント配布報酬),11,2,所持スキル,差しのコツ◯,良い位置に少しつきやすくなる＜作戦・差し＞
63,63,1,スピード,8,ツインターボ(SSRサポート),1,1,育成イベント,先手必勝,レース序盤で前に行きやすくなる＜作戦・逃げ＞
64,64,1,スピード,8,ツインターボ(SSRサポート),2,1,育成イベント,先頭プライド,レース序盤にわずかに追い抜かれにくくなる＜作戦・逃げ＞
65,65,1,スピード,8,ツインターボ(SSRサポート),3,1,育成イベント,先駆け,レース序盤でわずかに前に行きやすくなる＜作戦・逃げ＞
66,66,1,スピード,8,ツインターボ(SSRサポート),4,1,育成イベント,展開窺い,レース序盤に後ろの方だとわずかに疲れにくくなる＜マイル＞
67,67,1,スピード,8,ツインターボ(SSRサポート),5,2,所持スキル,先駆け,レース序盤でわずかに前に行きやすくなる＜作戦・逃げ＞
68,68,1,スピード,8,ツインターボ(SSRサポート),6,2,所持スキル,勢い任せ,上り坂でわずかに疲れにくくなる＜作戦・逃げ＞
69,69,1,スピード,8,ツインターボ(SSRサポート),7,2,所持スキル,対抗意識◯,自分と同じ作戦のウマ娘が6人以上だと能力を少し発揮しやすい
70,70,1,スピード,8,ツインターボ(SSRサポート),8,2,所持スキル,徹底マーク◯,1番人気のウマ娘と作戦が同じだと能力を少し発揮しやすい
71,71,1,スピード,9,キタサンブラック(SSRサポート),1,1,育成イベント,弧線のプロフェッサー,コーナーが得意になり速度が上がる
72,72,1,スピード,9,キタサンブラック(SSRサポート),2,1,育成イベント,直線巧者,直線で速度がわずかに上がる
73,73,1,スピード,9,キタサンブラック(SSRサポート),3,2,所持スキル,コーナー巧者◯,コーナーが得意になり速度がわずかに上がる
74,74,1,スピード,9,キタサンブラック(SSRサポート),4,2,所持スキル,長距離コーナー◯,コーナーで速度がわずかに上がる＜長距離＞
75,75,1,スピード,9,キタサンブラック(SSRサポート),5,2,所持スキル,逃げ直線◯,直線で速度がわずかに上がる＜作戦・逃げ＞
76,76,1,スピード,9,キタサンブラック(SSRサポート),6,2,所持スキル,危険回避,レース序盤に少し囲まれにくくなる＜作戦・逃げ＞
77,77,1,スピード,9,キタサンブラック(SSRサポート),7,2,所持スキル,集中力,スタートが得意になり出遅れる時間がわずかに少なくなる
78,78,1,スピード,9,キタサンブラック(SSRサポート),8,2,所持スキル,直線回復,直線で持久力がわずかに回復する
79,79,1,スピード,9,キタサンブラック(SSRサポート),9,2,所持スキル,コーナー回復◯,無駄のないコーナリングで持久力がわずかに回復する
80,80,1,スピード,9,キタサンブラック(SSRサポート),10,2,所持スキル,別腹タンク,力を出し切った時に走る気力がわずかに復活する＜長距離＞
81,81,1,スピード,10,カワカミプリンセス(SSRサポート),1,1,育成イベント,注目の踊り子,レース序盤にコース取りが上手くなる
82,82,1,スピード,10,カワカミプリンセス(SSRサポート),2,1,育成イベント,食い下がり,最終コーナーで追い抜かれるとわずかに差し返しやすくなる＜中距離＞
83,83,1,スピード,10,カワカミプリンセス(SSRサポート),3,1,育成イベント,束縛,レース終盤に後ろの方にいると前の速度をわずかに下げる＜中距離＞
84,84,1,スピード,10,カワカミプリンセス(SSRサポート),4,2,所持スキル,まき直し,レース中盤に後ろの方にいると加速力がわずかに上がる＜作戦・先行＞
85,85,1,スピード,10,カワカミプリンセス(SSRサポート),5,2,所持スキル,軽やかステップ,左右に動いてもわずかに疲れにくくなる＜中距離＞
86,86,1,スピード,10,カワカミプリンセス(SSRサポート),6,2,所持スキル,好位追走,レース中盤でわずかに疲れにくくなる＜作戦・先行＞
87,87,1,スピード,10,カワカミプリンセス(SSRサポート),7,2,所持スキル,根幹距離◯,根幹距離（400mの倍数）が少し得意になる
88,88,1,スピード,11,ゴールドシップ(イベント配布報酬),1,1,育成イベント,内的体験,最終コーナーで内ラチ側にいると速度が上がる＜長距離＞
89,89,1,スピード,11,ゴールドシップ(イベント配布報酬),2,1,育成イベント,内弁慶,最終コーナーで内ラチ側にいると速度がわずかに上がる＜長距離＞
90,90,1,スピード,11,ゴールドシップ(イベント配布報酬),3,1,育成イベント,長距離直線◯,直線で速度がわずかに上がる＜長距離＞
91,91,1,スピード,11,ゴールドシップ(イベント配布報酬),4,1,育成イベント,おひとり様◯,自分と同じ作戦のウマ娘がいないと能力を少し発揮しやすい
92,92,1,スピード,11,ゴールドシップ(イベント配布報酬),5,1,育成イベント,阪神レース場◯,阪神レース場が少し得意になる
93,93,1,スピード,11,ゴールドシップ(イベント配布報酬),6,2,所持スキル,ウマ好み,近くにウマ娘がたくさんいると速度がわずかに上がる
94,94,1,スピード,11,ゴールドシップ(イベント配布報酬),7,2,所持スキル,内弁慶,最終コーナーで内ラチ側にいると速度がわずかに上がる＜長距離＞
95,95,1,スピード,11,ゴールドシップ(イベント配布報酬),8,2,所持スキル,追い上げ,レース終盤で追い抜くと速度がわずかに上がる＜長距離＞
96,96,1,スピード,11,ゴールドシップ(イベント配布報酬),9,2,所持スキル,登山家,上り坂がわずかに上手くなる
97,97,1,スピード,11,ゴールドシップ(イベント配布報酬),10,2,所持スキル,地固め,レース序盤にスキルを多く発動すると加速力がわずかに上がる
98,98,1,スピード,11,ゴールドシップ(イベント配布報酬),11,2,所持スキル,直線一気,ラストスパートの直線で加速力がわずかに上がる＜作戦・追込＞
99,99,1,スピード,11,ゴールドシップ(イベント配布報酬),12,2,所持スキル,お見通し,左右に移動すると状況を把握して視野がわずかに広くなる＜作戦・追込＞
100,100,1,スピード,11,ゴールドシップ(イベント配布報酬),13,2,所持スキル,策士,レース終盤に後ろの方にいると視野がわずかに広くなる＜作戦・追込＞
101,101,1,スピード,11,ゴールドシップ(イベント配布報酬),14,2,所持スキル,後方待機,レース中盤に脚を溜めてわずかに疲れにくくなる＜作戦・追込＞
102,102,1,スピード,11,ゴールドシップ(イベント配布報酬),15,2,所持スキル,下校の楽しみ,下り坂でわずかに疲れにくくなる＜作戦・追込＞
103,103,1,スピード,11,ゴールドシップ(イベント配布報酬),16,2,所持スキル,まなざし,レース終盤に目を付けたウマ娘の緊張感がわずかに増す＜作戦・追込＞
104,104,1,スピード,11,ゴールドシップ(イベント配布報酬),17,2,所持スキル,目くらまし,レース終盤で前方のウマ娘の視野が少し狭くなる＜長距離＞
105,105,1,スピード,11,ゴールドシップ(イベント配布報酬),18,2,所持スキル,シンパシー,シンパシーの心を持つウマ娘が多いレースだと少し能力が上がる
106,106,1,スピード,11,ゴールドシップ(イベント配布報酬),19,2,所持スキル,追込のコツ◯,良い位置に少しつきやすくなる＜作戦・追込＞
107,107,1,スピード,12,ナリタブライアン(ストーリー報酬),1,1,育成イベント,くじけぬ精神,レース中盤に後ろの方にいると加速力が少し上がる＜作戦・先行＞
108,108,1,スピード,12,ナリタブライアン(ストーリー報酬),2,1,育成イベント,一匹狼,自分だけが一匹狼の心を持つレースで少し能力が上がる
109,109,1,スピード,12,ナリタブライアン(ストーリー報酬),3,2,所持スキル,中距離直線◯,直線で速度がわずかに上がる＜中距離＞
110,110,1,スピード,12,ナリタブライアン(ストーリー報酬),4,2,所持スキル,中距離コーナー◯,コーナーで速度がわずかに上がる＜中距離＞
111,111,1,スピード,12,ナリタブライアン(ストーリー報酬),5,2,所持スキル,内弁慶,最終コーナーで内ラチ側にいると速度がわずかに上がる＜長距離＞
112,112,1,スピード,12,ナリタブライアン(ストーリー報酬),6,2,所持スキル,長距離直線◯,直線で速度がわずかに上がる＜長距離＞
113,113,1,スピード,12,ナリタブライアン(ストーリー報酬),7,2,所持スキル,外差し準備,最終コーナーで外から追い抜くと速度がわずかに上がる＜作戦・差し＞
114,114,1,スピード,12,ナリタブライアン(ストーリー報酬),8,2,所持スキル,栄養補給,レース中盤に持久力がわずかに回復する＜作戦・先行＞
115,115,1,スピード,12,ナリタブライアン(ストーリー報酬),9,2,所持スキル,好位追走,レース中盤でわずかに疲れにくくなる＜作戦・先行＞
116,116,1,スピード,12,ナリタブライアン(ストーリー報酬),10,2,所持スキル,右回り◯,右回りコースが少し得意になる
117,117,1,スピード,13,スイープトウショウ(SSRスピード),1,1,育成イベント,天命士,レース終盤に後ろの方にいると視野が広くなる＜作戦・追込＞
118,118,1,スピード,13,スイープトウショウ(SSRスピード),2,1,育成イベント,直線一気,ラストスパートの直線で加速力がわずかに上がる＜作戦・追込＞
119,119,1,スピード,13,スイープトウショウ(SSRスピード),3,2,所持スキル,スリップストリーム,前のウマ娘のすぐ後ろに付けると風の抵抗をわずかに受けにくくなる
120,120,1,スピード,13,スイープトウショウ(SSRスピード),4,2,所持スキル,ポジションセンス,レース序盤にコース取りが少しうまくなる
121,121,1,スピード,13,スイープトウショウ(SSRスピード),5,2,所持スキル,お見通し,左右に移動すると状況を把握して視野がわずかに広くなる＜作戦・追込＞
122,122,1,スピード,13,スイープトウショウ(SSRスピード),6,2,所持スキル,下校の楽しみ,下り坂でわずかに疲れにくくなる＜作戦・追込＞
123,123,1,スピード,13,スイープトウショウ(SSRスピード),7,2,所持スキル,ささやき,レース中盤にすぐ前のウマ娘をわずかに戸惑わせる＜中距離＞
124,124,1,スピード,13,スイープトウショウ(SSRスピード),8,2,所持スキル,トリック（前）,レース中盤に前の方にいると後ろの掛かったウマ娘がわずかに疲れる
125,125,1,スピード,13,スイープトウショウ(SSRスピード),9,2,所持スキル,トリック（後）,レース中盤に後ろの方にいると前の掛かったウマ娘がわずかに疲れる
126,126,1,スピード,14,ゼンノロブロイ(SSRハロウィン),1,1,育成イベント,潜伏態勢,レース中盤が迫ったとき後方にいると持久力を回復する＜作戦・差し＞
127,127,1,スピード,14,ゼンノロブロイ(SSRハロウィン),2,1,育成イベント,中距離直線◯,直線で速度がわずかに上がる＜中距離＞
128,128,1,スピード,14,ゼンノロブロイ(SSRハロウィン),3,1,育成イベント,右回り◯,右回りコースが少し得意になる
129,129,1,スピード,14,ゼンノロブロイ(SSRハロウィン),4,1,育成イベント,左回り◯,左回りコースが少し得意になる
130,130,1,スピード,14,ゼンノロブロイ(SSRハロウィン),5,2,所持スキル,直線巧者,直線で速度がわずかに上がる
131,131,1,スピード,14,ゼンノロブロイ(SSRハロウィン),6,2,所持スキル,巧みなステップ,コース取りがわずかにスムーズになる＜作戦・先行＞
132,132,1,スピード,14,ゼンノロブロイ(SSRハロウィン),7,2,所持スキル,垂れウマ回避,ラストスパートで前が塞がれた時の立ち回りがわずかにうまくなる
133,133,1,スピード,14,ゼンノロブロイ(SSRハロウィン),8,2,所持スキル,ポジションセンス,レース序盤にコース取りが少しうまくなる
134,134,1,スピード,14,ゼンノロブロイ(SSRハロウィン),9,2,所持スキル,臨機応変,レース終盤にコース取りが少しうまくなる
135,135,1,スピード,14,ゼンノロブロイ(SSRハロウィン),10,2,所持スキル,読解力,レース中盤に観察力が高まり視野をわずかに広く持てる＜作戦・差し＞
136,136,1,スピード,14,ゼンノロブロイ(SSRハロウィン),11,2,所持スキル,差しのコツ◯,良い位置に少しつきやすくなる＜作戦・差し＞
137,137,1,スピード,14,ゼンノロブロイ(SSRハロウィン),12,2,所持スキル,先行のコツ◯,良い位置に少しつきやすくなる＜作戦・先行＞
138,138,1,スピード,15,マヤノトップガン(SSRサポート),1,1,育成イベント,じゃじゃウマ娘,上り坂で疲れにくくなる＜作戦・逃げ＞
139,139,1,スピード,15,マヤノトップガン(SSRサポート),2,1,育成イベント,直線巧者,直線で速度がわずかに上がる
140,140,1,スピード,15,マヤノトップガン(SSRサポート),3,1,育成イベント,真っ向勝負,レース終盤に前方にいると加速力がわずかに上がる＜作戦・先行＞
141,141,1,スピード,15,マヤノトップガン(SSRサポート),4,1,育成イベント,対抗意識◯,自分と同じ作戦のウマ娘が6人以上だと能力を少し発揮しやすい
142,142,1,スピード,15,マヤノトップガン(SSRサポート),5,2,所持スキル,所持スキル,
143,143,1,スピード,15,マヤノトップガン(SSRサポート),6,2,所持スキル,直線巧者,直線で速度がわずかに上がる
144,144,1,スピード,15,マヤノトップガン(SSRサポート),7,2,所持スキル,コーナー巧者◯,コーナーが得意になり速度がわずかに上がる
145,145,1,スピード,15,マヤノトップガン(SSRサポート),8,2,所持スキル,垂れウマ回避,ラストスパートで前が塞がれた時の立ち回りがわずかにうまくなる
146,146,1,スピード,15,マヤノトップガン(SSRサポート),9,2,所持スキル,臨機応変,レース終盤にコース取りが少しうまくなる
147,147,1,スピード,15,マヤノトップガン(SSRサポート),10,2,所持スキル,直線回復,直線で持久力がわずかに回復する
148,148,1,スピード,15,マヤノトップガン(SSRサポート),11,2,所持スキル,非根幹距離◯,非根幹距離（400mの倍数以外）が少し得意になる
149,149,1,スピード,16,サイレンススズカ(ストーリー報酬),1,1,育成イベント,切り開く者,レース中盤に先頭だと疲れにくくなる＜中距離＞
150,150,1,スピード,16,サイレンススズカ(ストーリー報酬),2,1,育成イベント,左回り◯,左回りコースが少し得意になる
151,151,1,スピード,16,サイレンススズカ(ストーリー報酬),3,2,所持スキル,急ぎ足,レース中盤でわずかに前に行きやすくなる＜作戦・逃げ＞
152,152,1,スピード,16,サイレンススズカ(ストーリー報酬),4,2,所持スキル,逃げ直線◯,直線で速度がわずかに上がる＜作戦・逃げ＞
153,153,1,スピード,16,サイレンススズカ(ストーリー報酬),5,2,所持スキル,逃げコーナー◯,コーナーで速度がわずかに上がる＜作戦・逃げ＞
154,154,1,スピード,16,サイレンススズカ(ストーリー報酬),6,2,所持スキル,先頭プライド,レース序盤にわずかに追い抜かれにくくなる＜作戦・逃げ＞
155,155,1,スピード,16,サイレンススズカ(ストーリー報酬),7,2,所持スキル,先駆け,レース序盤でわずかに前に行きやすくなる＜作戦・逃げ＞
156,156,1,スピード,16,サイレンススズカ(ストーリー報酬),8,2,所持スキル,押し切り準備,最終コーナーで先頭をわずかにキープしやすくなる＜作戦・逃げ＞
157,157,1,スピード,16,サイレンススズカ(ストーリー報酬),9,2,所持スキル,集中力,スタートが得意になり出遅れる時間がわずかに少なくなる
158,158,1,スピード,16,サイレンススズカ(ストーリー報酬),10,2,所持スキル,前途洋々,レース中盤に先頭だとわずかに疲れにくくなる＜中距離＞
159,159,1,スピード,16,サイレンススズカ(ストーリー報酬),11,2,所持スキル,逃げのコツ◯,良い位置に少しつきやすくなる＜作戦・逃げ＞
160,160,1,スピード,17,マチカネフクキタル(SSRサポート),1,1,育成イベント,スーパーラッキーセブン,枠番が7の時に良いことが起きる場合がある
161,161,1,スピード,17,マチカネフクキタル(SSRサポート),2,1,育成イベント,ラッキーセブン,枠番が7の時に少し良いことが起きる場合がある
162,162,1,スピード,17,マチカネフクキタル(SSRサポート),3,2,所持スキル,差しコーナー◯,コーナーで速度がわずかに上がる＜作戦・差し＞
163,163,1,スピード,17,マチカネフクキタル(SSRサポート),4,2,所持スキル,ウマ込み冷静,レース中盤に囲まれると持久力がわずかに回復する
164,164,1,スピード,17,マチカネフクキタル(SSRサポート),5,2,所持スキル,スリーセブン,残り距離が777mの時にわずかに元気が出る
165,165,1,スピード,17,マチカネフクキタル(SSRサポート),6,2,所持スキル,小休憩,レース終盤に持久力がわずかに回復する＜作戦・差し＞
166,166,1,スピード,17,マチカネフクキタル(SSRサポート),7,2,所持スキル,トリック（後）,レース中盤に後ろの方にいると前の掛かったウマ娘がわずかに疲れる
167,167,1,スピード,17,マチカネフクキタル(SSRサポート),8,2,所持スキル,函館レース場◯,函館レース場が少し得意になる
168,168,1,スピード,17,マチカネフクキタル(SSRサポート),9,2,所持スキル,ラッキーセブン,枠番が7の時に少し良いことが起きる場合がある
169,169,1,スピード,18,トーセンジョーダン(ストーリー報酬),1,1,育成イベント,好転一息,直線で持久力が回復する
170,170,1,スピード,18,トーセンジョーダン(ストーリー報酬),2,1,育成イベント,直線回復,直線で持久力がわずかに回復する
171,171,1,スピード,18,トーセンジョーダン(ストーリー報酬),3,1,育成イベント,ラッキーセブン,枠番が7の時に少し良いことが起きる場合がある
172,172,1,スピード,18,トーセンジョーダン(ストーリー報酬),4,2,所持スキル,中距離直線◯,直線で速度がわずかに上がる＜中距離＞
173,173,1,スピード,18,トーセンジョーダン(ストーリー報酬),5,2,所持スキル,中距離コーナー◯,コーナーで速度がわずかに上がる＜中距離＞
174,174,1,スピード,18,トーセンジョーダン(ストーリー報酬),6,2,所持スキル,先行直線◯,直線で速度がわずかに上がる＜作戦・先行＞
175,175,1,スピード,18,トーセンジョーダン(ストーリー報酬),7,2,所持スキル,位置取り押し上げ,レース中盤で速度がわずかに上がる＜作戦・差し＞
176,176,1,スピード,18,トーセンジョーダン(ストーリー報酬),8,2,所持スキル,スタミナキープ,レース序盤でわずかに疲れにくくなる＜作戦・先行＞
177,177,1,スピード,18,トーセンジョーダン(ストーリー報酬),9,2,所持スキル,伏兵◯,4番人気以下のレースで能力を少し発揮しやすい
178,178,1,スピード,19,エイシンフラッシュ(SRサポート),1,1,育成イベント,末脚,ラストスパートで速度がわずかに上がる
179,179,1,スピード,19,エイシンフラッシュ(SRサポート),2,1,育成イベント,徹底マーク◯,1番人気のウマ娘と作戦が同じだと能力を少し発揮しやすい
180,180,1,スピード,19,エイシンフラッシュ(SRサポート),3,2,所持スキル,差し直線◯,直線で速度がわずかに上がる＜作戦・差し＞
181,181,1,スピード,19,エイシンフラッシュ(SRサポート),4,2,所持スキル,差しコーナー◯,コーナーで速度がわずかに上がる＜作戦・差し＞
182,182,1,スピード,19,エイシンフラッシュ(SRサポート),5,2,所持スキル,直線加速,直線で加速力がわずかに上がる
183,183,1,スピード,19,エイシンフラッシュ(SRサポート),6,2,所持スキル,がんばり屋,追い抜きがわずかに成功しやすくなる＜作戦・差し＞
184,184,1,スピード,19,エイシンフラッシュ(SRサポート),7,2,所持スキル,根幹距離◯,根幹距離（400mの倍数）が少し得意になる
185,185,1,スピード,20,ナリタタイシン(SRサポート),1,1,育成イベント,追い上げ,レース終盤で追い抜くと速度がわずかに上がる＜長距離＞
186,186,1,スピード,20,ナリタタイシン(SRサポート),2,1,育成イベント,お見通し,左右に移動すると状況を把握して視野がわずかに広くなる＜作戦・追込＞
187,187,1,スピード,20,ナリタタイシン(SRサポート),3,2,所持スキル,仕掛け抜群,レース終盤に追込態勢に入り位置をわずかに上げる＜作戦・追込＞
188,188,1,スピード,20,ナリタタイシン(SRサポート),4,2,所持スキル,追込コーナー◯,コーナーで速度がわずかに上がる＜作戦・追込＞
189,189,1,スピード,20,ナリタタイシン(SRサポート),5,2,所持スキル,隠れ蓑,レース序盤に前が詰まった時に隠れて持久力がわずかに回復する
190,190,1,スピード,20,ナリタタイシン(SRサポート),6,2,所持スキル,ウマ込み冷静,レース中盤に囲まれると持久力がわずかに回復する
191,191,1,スピード,20,ナリタタイシン(SRサポート),7,2,所持スキル,後方待機,レース中盤に脚を溜めてわずかに疲れにくくなる＜作戦・追込＞
192,192,1,スピード,20,ナリタタイシン(SRサポート),8,2,所持スキル,まなざし,レース終盤に目を付けたウマ娘の緊張感がわずかに増す＜作戦・追込＞
193,193,1,スピード,20,ナリタタイシン(SRサポート),9,2,所持スキル,一匹狼,自分だけが一匹狼の心を持つレースで少し能力が上がる
194,194,1,スピード,21,キングヘイロー(SRサポート),1,1,育成イベント,末脚,ラストスパートで速度がわずかに上がる
195,195,1,スピード,21,キングヘイロー(SRサポート),2,2,所持スキル,詰め寄り,レース終盤に後ろの方だとわずかにスパートしやすくなる＜短距離＞
196,196,1,スピード,21,キングヘイロー(SRサポート),3,2,所持スキル,コーナー回復◯,無駄のないコーナリングで持久力がわずかに回復する
197,197,1,スピード,21,キングヘイロー(SRサポート),4,2,所持スキル,様子見,レース中盤に後ろの方だとわずかに疲れにくくなる＜短距離＞
198,198,1,スピード,21,キングヘイロー(SRサポート),5,2,所持スキル,外枠得意◯,枠番が6〜8のレースが少し得意になる
199,199,1,スピード,21,キングヘイロー(SRサポート),6,2,所持スキル,良バ場◯,「良」のバ場状態が少し得意になる
200,200,1,スピード,21,キングヘイロー(SRサポート),7,2,所持スキル,曇りの日◯,曇りの日のレースが少し得意になる
201,201,1,スピード,22,スイープトウショウ(SRサポート),1,1,育成イベント,ギアシフト,レース中盤に前の方にいるとわずかに抜かしやすくなる＜マイル＞
202,202,1,スピード,22,スイープトウショウ(SRサポート),2,1,育成イベント,負けん気,追い抜きがわずかに成功しやすくなる＜マイル＞
203,203,1,スピード,22,スイープトウショウ(SRサポート),3,2,所持スキル,抜け出し準備,最終コーナーでわずかに抜け出しやすくなる＜作戦・先行＞
204,204,1,スピード,22,スイープトウショウ(SRサポート),4,2,所持スキル,逃げためらい,レース終盤に作戦・逃げのウマ娘をためらわせて速度をわずかに下げる
205,205,1,スピード,22,スイープトウショウ(SRサポート),5,2,所持スキル,道悪◯,「稍重」「重」「不良」のバ場状態が 少し得意になる
206,206,1,スピード,22,スイープトウショウ(SRサポート),6,2,所持スキル,対抗意識◯,自分と同じ作戦のウマ娘が6人以上だと能力を少し発揮しやすい
207,207,1,スピード,23,シンコウウインディ(SRサポート),1,1,育成イベント,ギアシフト,レース中盤に前の方にいるとわずかに抜かしやすくなる＜マイル＞
208,208,1,スピード,23,シンコウウインディ(SRサポート),2,1,育成イベント,負けん気,追い抜きがわずかに成功しやすくなる＜マイル＞
209,209,1,スピード,23,シンコウウインディ(SRサポート),3,2,所持スキル,抜け出し準備,最終コーナーでわずかに抜け出しやすくなる＜作戦・先行＞
210,210,1,スピード,23,シンコウウインディ(SRサポート),4,2,所持スキル,逃げためらい,レース終盤に作戦・逃げのウマ娘をためらわせて速度をわずかに下げる
211,211,1,スピード,23,シンコウウインディ(SRサポート),5,2,所持スキル,道悪◯,「稍重」「重」「不良」のバ場状態が 少し得意になる
212,212,1,スピード,23,シンコウウインディ(SRサポート),6,2,所持スキル,対抗意識◯,自分と同じ作戦のウマ娘が6人以上だと能力を少し発揮しやすい
213,213,1,スピード,24,ウオッカ(SRサポート),1,1,育成イベント,マイルコーナー◯,コーナーで速度がわずかに上がる＜マイル＞
214,214,1,スピード,24,ウオッカ(SRサポート),2,1,育成イベント,垂れウマ回避,ラストスパートで前が塞がれた時の立ち回りがわずかにうまくなる
215,215,1,スピード,24,ウオッカ(SRサポート),3,2,所持スキル,末脚,ラストスパートで速度がわずかに上がる
216,216,1,スピード,24,ウオッカ(SRサポート),4,2,所持スキル,直線巧者,直線で速度がわずかに上がる
217,217,1,スピード,24,ウオッカ(SRサポート),5,2,所持スキル,マイル直線◯,直線で速度がわずかに上がる＜マイル＞
218,218,1,スピード,24,ウオッカ(SRサポート),6,2,所持スキル,中距離直線◯,直線で速度がわずかに上がる＜中距離＞
219,219,1,スピード,24,ウオッカ(SRサポート),7,2,所持スキル,直線加速,直線で加速力がわずかに上がる
220,220,1,スピード,24,ウオッカ(SRサポート),8,2,所持スキル,上昇気流,レース終盤に後ろの方だと追い抜く力がわずかに上がる＜マイル＞
221,221,1,スピード,24,ウオッカ(SRサポート),9,2,所持スキル,差し切り体勢,レース終盤で加速力がわずかに上がる＜作戦・差し＞
222,222,1,スピード,24,ウオッカ(SRサポート),10,2,所持スキル,直線回復,直線で持久力がわずかに回復する
223,223,1,スピード,24,ウオッカ(SRサポート),11,2,所持スキル,東京レース場◯,東京レース場が少し得意になる
234,234,2,スタミナ,25,ゴールドシップ(SSRサポート),1,1,育成イベント,曲線のソムリエ,華麗なコーナーワークで加速力が上がる
235,235,2,スタミナ,25,ゴールドシップ(SSRサポート),2,1,育成イベント,阪神レース場◯,阪神レース場が少し得意になる
236,236,2,スタミナ,25,ゴールドシップ(SSRサポート),3,2,所持スキル,ウマ好み,近くにウマ娘がたくさんいると速度がわずかに上がる
237,237,2,スタミナ,25,ゴールドシップ(SSRサポート),4,2,所持スキル,内弁慶,最終コーナーで内ラチ側にいると速度がわずかに上がる＜長距離＞
238,238,2,スタミナ,25,ゴールドシップ(SSRサポート),5,2,所持スキル,追い上げ,レース終盤で追い抜くと速度がわずかに上がる＜長距離＞
239,239,2,スタミナ,25,ゴールドシップ(SSRサポート),6,2,所持スキル,登山家,上り坂がわずかに上手くなる
240,240,2,スタミナ,25,ゴールドシップ(SSRサポート),7,2,所持スキル,地固め,レース序盤にスキルを多く発動すると加速力がわずかに上がる
241,241,2,スタミナ,25,ゴールドシップ(SSRサポート),8,2,所持スキル,直線一気,ラストスパートの直線で加速力がわずかに上がる＜作戦・追込＞
242,242,2,スタミナ,25,ゴールドシップ(SSRサポート),9,2,所持スキル,お見通し,左右に移動すると状況を把握して視野がわずかに広くなる＜作戦・追込＞
243,243,2,スタミナ,25,ゴールドシップ(SSRサポート),10,2,所持スキル,策士,レース終盤に後ろの方にいると視野がわずかに広くなる＜作戦・追込＞
244,244,2,スタミナ,25,ゴールドシップ(SSRサポート),11,2,所持スキル,後方待機,レース中盤に脚を溜めてわずかに疲れにくくなる＜作戦・追込＞
245,245,2,スタミナ,25,ゴールドシップ(SSRサポート),12,2,所持スキル,下校の楽しみ,下り坂でわずかに疲れにくくなる＜作戦・追込＞
246,246,2,スタミナ,25,ゴールドシップ(SSRサポート),13,2,所持スキル,まなざし,レース終盤に目を付けたウマ娘の緊張感がわずかに増す＜作戦・追込＞
247,247,2,スタミナ,25,ゴールドシップ(SSRサポート),14,2,所持スキル,目くらまし,レース終盤で前方のウマ娘の視野が少し狭くなる＜長距離＞
248,248,2,スタミナ,25,ゴールドシップ(SSRサポート),15,2,所持スキル,シンパシー,シンパシーの心を持つウマ娘が多いレースだと少し能力が上がる
249,249,2,スタミナ,25,ゴールドシップ(SSRサポート),16,2,所持スキル,追込のコツ◯,良い位置に少しつきやすくなる＜作戦・追込＞
250,250,2,スタミナ,26,セイウンスカイ(SSRスタミナ),1,1,育成イベント,脱出術,レース中盤で前に行きやすくなる＜作戦・逃げ＞
251,251,2,スタミナ,26,セイウンスカイ(SSRスタミナ),2,1,育成イベント,リードキープ,レース中盤に大きく差をつけ先頭だとリードをわずかに保ちやすい＜長距離＞
252,252,2,スタミナ,26,セイウンスカイ(SSRスタミナ),3,1,育成イベント,急ぎ足,レース中盤でわずかに前に行きやすくなる＜作戦・逃げ＞
253,253,2,スタミナ,26,セイウンスカイ(SSRスタミナ),4,1,育成イベント,二の矢,レース中盤に後ろにいると加速力がわずかに上がる＜作戦・逃げ＞
254,254,2,スタミナ,26,セイウンスカイ(SSRスタミナ),5,2,所持スキル,尻尾上がり,レース中盤にスキルを多く発動すると速度がわずかに上がる
255,255,2,スタミナ,26,セイウンスカイ(SSRスタミナ),6,2,所持スキル,先行ためらい,レース終盤に作戦・先行のウマ娘をためらわせて速度をわずかに下げる
256,256,2,スタミナ,26,セイウンスカイ(SSRスタミナ),7,2,所持スキル,トリック（前）,レース中盤に前の方にいると後ろの掛かったウマ娘がわずかに疲れる
257,257,2,スタミナ,26,セイウンスカイ(SSRスタミナ),8,2,所持スキル,差し駆け引き,作戦が差しのウマ娘が掛かると落ち着くまで時間がかかる
258,258,2,スタミナ,26,セイウンスカイ(SSRスタミナ),9,2,所持スキル,伏兵◯,4番人気以下のレースで能力を少し発揮しやすい
259,259,2,スタミナ,26,セイウンスカイ(SSRスタミナ),10,2,所持スキル,内枠得意◯,枠番が1〜3のレースが少し得意になる
260,260,2,スタミナ,27,タマモクロス(SSRサポート),1,1,育成イベント,迅速果断,レース中盤で速度が上がる＜作戦・差し＞
261,261,2,スタミナ,27,タマモクロス(SSRサポート),2,1,育成イベント,ウマ込み冷静,レース中盤に囲まれると持久力がわずかに回復する
262,262,2,スタミナ,27,タマモクロス(SSRサポート),3,2,所持スキル,中距離コーナー◯,コーナーで速度がわずかに上がる＜中距離＞
263,263,2,スタミナ,27,タマモクロス(SSRサポート),4,2,所持スキル,十万バリキ,上り坂で速度がわずかに上がる＜作戦・差し＞
264,264,2,スタミナ,27,タマモクロス(SSRサポート),5,2,所持スキル,イナズマステップ,レース中盤に後ろの方にいると少し囲まれにくくなる＜中距離＞
265,265,2,スタミナ,27,タマモクロス(SSRサポート),6,2,所持スキル,前途洋々,レース中盤に先頭だとわずかに疲れにくくなる＜中距離＞
266,266,2,スタミナ,27,タマモクロス(SSRサポート),7,2,所持スキル,軽やかステップ,左右に動いてもわずかに疲れにくくなる＜中距離＞
267,267,2,スタミナ,27,タマモクロス(SSRサポート),8,2,所持スキル,差し焦り,レース中盤に作戦・差しのウマ娘を焦らせてわずかに疲れやすくする
268,268,2,スタミナ,27,タマモクロス(SSRサポート),9,2,所持スキル,差し駆け引き,作戦が差しのウマ娘が掛かると落ち着くまで時間がかかる
269,269,2,スタミナ,28,スーパークリーク(SSRサポート),1,1,育成イベント,円弧のマエストロ,無駄のないコーナリングで持久力が回復する
270,270,2,スタミナ,28,スーパークリーク(SSRサポート),2,1,育成イベント,深呼吸,直線に入ると息を入れてわずかに疲れにくくなる＜長距離＞
271,271,2,スタミナ,28,スーパークリーク(SSRサポート),3,2,所持スキル,末脚,ラストスパートで速度がわずかに上がる
272,272,2,スタミナ,28,スーパークリーク(SSRサポート),4,2,所持スキル,ペースアップ,レース中盤に追い抜くと速度がわずかに上がる
273,273,2,スタミナ,28,スーパークリーク(SSRサポート),5,2,所持スキル,コーナー回復◯,無駄のないコーナリングで持久力がわずかに回復する
274,274,2,スタミナ,28,スーパークリーク(SSRサポート),6,2,所持スキル,先行ためらい,レース終盤に作戦・先行のウマ娘をためらわせて速度をわずかに下げる
275,275,2,スタミナ,28,スーパークリーク(SSRサポート),7,2,所持スキル,良バ場◯,「良」のバ場状態が少し得意になる
276,276,2,スタミナ,29,ライスシャワー(SSRサポート),1,1,育成イベント,火事場のバ鹿力,力を出し切った時に走る気力が復活する＜長距離＞
277,277,2,スタミナ,29,ライスシャワー(SSRサポート),2,1,育成イベント,別腹タンク,力を出し切った時に走る気力がわずかに復活する＜長距離＞
278,278,2,スタミナ,29,ライスシャワー(SSRサポート),3,1,育成イベント,良バ場◯,「良」のバ場状態が少し得意になる
279,279,2,スタミナ,29,ライスシャワー(SSRサポート),4,2,所持スキル,登山家,上り坂がわずかに上手くなる
280,280,2,スタミナ,29,ライスシャワー(SSRサポート),5,2,所持スキル,直滑降,下り坂がわずかに得意になる＜作戦・先行＞
281,281,2,スタミナ,29,ライスシャワー(SSRサポート),6,2,所持スキル,深呼吸,直線に入ると息を入れてわずかに疲れにくくなる＜長距離＞
282,282,2,スタミナ,29,ライスシャワー(SSRサポート),7,2,所持スキル,先行けん制,レース序盤に作戦・先行のウマ娘をけん制してわずかに疲れやすくする
283,283,2,スタミナ,29,ライスシャワー(SSRサポート),8,2,所持スキル,先行焦り,レース中盤に作戦・先行のウマ娘を焦らせてわずかに疲れやすくする
284,284,2,スタミナ,29,ライスシャワー(SSRサポート),9,2,所持スキル,先行駆け引き,作戦が先行のウマ娘が掛かると落ち着くまで時間がかかる
285,285,2,スタミナ,29,ライスシャワー(SSRサポート),10,2,所持スキル,かく乱,レース終盤に前の方にいると後方の視野がわずかに狭くなる＜作戦・先行＞
286,286,2,スタミナ,29,ライスシャワー(SSRサポート),11,2,所持スキル,おひとり様◯,自分と同じ作戦のウマ娘がいないと能力を少し発揮しやすい
287,287,2,スタミナ,29,ライスシャワー(SSRサポート),12,2,所持スキル,京都レース場◯,京都レース場が少し得意になる
288,288,2,スタミナ,30,サトノダイヤモンド(SSRサポート),1,1,育成イベント,鋼の意志,レース序盤に前が詰まった時に強い意志を保ち持久力が回復する
289,289,2,スタミナ,30,サトノダイヤモンド(SSRサポート),2,1,育成イベント,逃げためらい,レース終盤に作戦・逃げのウマ娘をためらわせて速度をわずかに下げる
290,290,2,スタミナ,30,サトノダイヤモンド(SSRサポート),3,2,所持スキル,中距離コーナー◯,コーナーで速度がわずかに上がる＜中距離＞
291,291,2,スタミナ,30,サトノダイヤモンド(SSRサポート),4,2,所持スキル,読解力,レース中盤に観察力が高まり視野をわずかに広く持てる＜作戦・差し＞
292,292,2,スタミナ,30,サトノダイヤモンド(SSRサポート),5,2,所持スキル,小休憩,レース終盤に持久力がわずかに回復する＜作戦・差し＞
293,293,2,スタミナ,30,サトノダイヤモンド(SSRサポート),6,2,所持スキル,束縛,レース終盤に後ろの方にいると前の速度をわずかに下げる＜中距離＞
294,294,2,スタミナ,30,サトノダイヤモンド(SSRサポート),7,2,所持スキル,逃げ焦り,レース中盤に作戦・逃げのウマ娘を焦らせてわずかに疲れやすくする
295,295,2,スタミナ,30,サトノダイヤモンド(SSRサポート),8,2,所持スキル,良バ場◯,「良」のバ場状態が少し得意になる
296,296,2,スタミナ,30,サトノダイヤモンド(SSRサポート),9,2,所持スキル,晴れの日◯,晴れの日のレースが少し得意になる
297,297,2,スタミナ,31,サクラチヨノオー(SSRサポート),1,1,育成イベント,スピードスター,最終コーナーで抜け出しやすくなる＜作戦・先行＞
298,298,2,スタミナ,31,サクラチヨノオー(SSRサポート),2,1,育成イベント,抜け出し準備,最終コーナーでわずかに抜け出しやすくなる＜作戦・先行＞
299,299,2,スタミナ,31,サクラチヨノオー(SSRサポート),3,1,育成イベント,春ウマ娘◯,春のレースが少し得意になる
300,300,2,スタミナ,31,サクラチヨノオー(SSRサポート),4,2,所持スキル,ギアシフト,レース中盤に前の方にいるとわずかに抜かしやすくなる＜マイル＞
301,301,2,スタミナ,31,サクラチヨノオー(SSRサポート),5,2,所持スキル,食い下がり,最終コーナーで追い抜かれるとわずかに差し返しやすくなる＜中距離＞
302,302,2,スタミナ,31,サクラチヨノオー(SSRサポート),6,2,所持スキル,中距離コーナー◯,コーナーで速度がわずかに上がる＜中距離＞
303,303,2,スタミナ,31,サクラチヨノオー(SSRサポート),7,2,所持スキル,先行のコツ◯,良い位置に少しつきやすくなる＜作戦・先行＞
304,304,2,スタミナ,32,ミホノブルボン(BD特典),1,1,育成イベント,スピードスター,最終コーナーで抜け出しやすくなる＜作戦・先行＞
305,305,2,スタミナ,32,ミホノブルボン(BD特典),2,1,育成イベント,抜け出し準備,最終コーナーでわずかに抜け出しやすくなる＜作戦・先行＞
306,306,2,スタミナ,32,ミホノブルボン(BD特典),3,1,育成イベント,春ウマ娘◯,春のレースが少し得意になる
307,307,2,スタミナ,32,ミホノブルボン(BD特典),4,2,所持スキル,ギアシフト,レース中盤に前の方にいるとわずかに抜かしやすくなる＜マイル＞
308,308,2,スタミナ,32,ミホノブルボン(BD特典),5,2,所持スキル,食い下がり,最終コーナーで追い抜かれるとわずかに差し返しやすくなる＜中距離＞
309,309,2,スタミナ,32,ミホノブルボン(BD特典),6,2,所持スキル,中距離コーナー◯,コーナーで速度がわずかに上がる＜中距離＞
310,310,2,スタミナ,32,ミホノブルボン(BD特典),7,2,所持スキル,先行のコツ◯,良い位置に少しつきやすくなる＜作戦・先行＞
311,311,2,スタミナ,33,ウイニングチケット(SSRスタミナ),1,1,育成イベント,努力家,追い抜きが少し成功しやすくなる＜作戦・差し＞
312,312,2,スタミナ,33,ウイニングチケット(SSRスタミナ),2,1,育成イベント,十万バリキ,上り坂で速度がわずかに上がる＜作戦・差し＞
313,313,2,スタミナ,33,ウイニングチケット(SSRスタミナ),3,1,育成イベント,差しコーナー◯,コーナーで速度がわずかに上がる＜作戦・差し＞
314,314,2,スタミナ,33,ウイニングチケット(SSRスタミナ),4,1,育成イベント,おひとり様◯,自分と同じ作戦のウマ娘がいないと能力を少し発揮しやすい
315,315,2,スタミナ,33,ウイニングチケット(SSRスタミナ),5,2,所持スキル,外差し準備,最終コーナーで外から追い抜くと速度がわずかに上がる＜作戦・差し＞
316,316,2,スタミナ,33,ウイニングチケット(SSRスタミナ),6,2,所持スキル,位置取り押し上げ,レース中盤で速度がわずかに上がる＜作戦・差し＞
317,317,2,スタミナ,33,ウイニングチケット(SSRスタミナ),7,2,所持スキル,差し切り体勢,レース終盤で加速力がわずかに上がる＜作戦・差し＞
318,318,2,スタミナ,33,ウイニングチケット(SSRスタミナ),8,2,所持スキル,良バ場◯,「良」のバ場状態が少し得意になる
319,319,2,スタミナ,33,ウイニングチケット(SSRスタミナ),9,2,所持スキル,曇りの日◯,曇りの日のレースが少し得意になる
320,320,2,スタミナ,34,サイレンススズカ(SSRスタミナ),1,1,育成イベント,コンセントレーション,スタートが得意になり出遅れる時間が少なくなる
321,321,2,スタミナ,34,サイレンススズカ(SSRスタミナ),2,1,育成イベント,軽やかステップ,左右に動いてもわずかに疲れにくくなる＜中距離＞
322,322,2,スタミナ,34,サイレンススズカ(SSRスタミナ),3,1,育成イベント,栄養補給,レース中盤に持久力がわずかに回復する＜作戦・先行＞
323,323,2,スタミナ,34,サイレンススズカ(SSRスタミナ),4,1,育成イベント,左回り◯,左回りコースが少し得意になる
324,324,2,スタミナ,34,サイレンススズカ(SSRスタミナ),5,2,所持スキル,急ぎ足,レース中盤でわずかに前に行きやすくなる＜作戦・逃げ＞
325,325,2,スタミナ,34,サイレンススズカ(SSRスタミナ),6,2,所持スキル,逃げ直線◯,直線で速度がわずかに上がる＜作戦・逃げ＞
326,326,2,スタミナ,34,サイレンススズカ(SSRスタミナ),7,2,所持スキル,逃げコーナー◯,コーナーで速度がわずかに上がる＜作戦・逃げ＞
327,327,2,スタミナ,34,サイレンススズカ(SSRスタミナ),8,2,所持スキル,先頭プライド,レース序盤にわずかに追い抜かれにくくなる＜作戦・逃げ＞
328,328,2,スタミナ,34,サイレンススズカ(SSRスタミナ),9,2,所持スキル,先駆け,レース序盤でわずかに前に行きやすくなる＜作戦・逃げ＞
329,329,2,スタミナ,34,サイレンススズカ(SSRスタミナ),10,2,所持スキル,押し切り準備,最終コーナーで先頭をわずかにキープしやすくなる＜作戦・逃げ＞
330,330,2,スタミナ,34,サイレンススズカ(SSRスタミナ),11,2,所持スキル,集中力,スタートが得意になり出遅れる時間がわずかに少なくなる
331,331,2,スタミナ,34,サイレンススズカ(SSRスタミナ),12,2,所持スキル,前途洋々,レース中盤に先頭だとわずかに疲れにくくなる＜中距離＞
332,332,2,スタミナ,34,サイレンススズカ(SSRスタミナ),13,2,所持スキル,逃げのコツ◯,良い位置に少しつきやすくなる＜作戦・逃げ＞
333,333,2,スタミナ,35,ナカヤマフェスタ(SSRサポート),1,1,育成イベント,決死の覚悟,ラストスパートの直線で好位置にいると速度が上がる＜中距離＞
334,334,2,スタミナ,35,ナカヤマフェスタ(SSRサポート),2,1,育成イベント,ウマ好み,近くにウマ娘がたくさんいると速度がわずかに上がる
335,335,2,スタミナ,35,ナカヤマフェスタ(SSRサポート),3,1,育成イベント,ありったけ,ラストスパートの直線で好位置にいると速度がわずかに上がる＜中距離＞
336,336,2,スタミナ,35,ナカヤマフェスタ(SSRサポート),4,1,育成イベント,中山レース場◯,中山レース場が少し得意になる
337,337,2,スタミナ,35,ナカヤマフェスタ(SSRサポート),5,1,育成イベント,阪神レース場◯,阪神レース場が少し得意になる
339,339,2,スタミナ,35,ナカヤマフェスタ(SSRサポート),7,2,所持スキル,食い下がり,最終コーナーで追い抜かれるとわずかに差し返しやすくなる＜中距離＞
340,340,2,スタミナ,35,ナカヤマフェスタ(SSRサポート),8,2,所持スキル,ありったけ,ラストスパートの直線で好位置にいると速度がわずかに上がる＜中距離＞
341,341,2,スタミナ,35,ナカヤマフェスタ(SSRサポート),9,2,所持スキル,外差し準備,最終コーナーで外から追い抜くと速度がわずかに上がる＜作戦・差し＞
342,342,2,スタミナ,35,ナカヤマフェスタ(SSRサポート),10,2,所持スキル,差し直線◯,直線で速度がわずかに上がる＜作戦・差し＞
343,343,2,スタミナ,35,ナカヤマフェスタ(SSRサポート),11,2,所持スキル,差し切り体勢,レース終盤で加速力がわずかに上がる＜作戦・差し＞
344,344,2,スタミナ,35,ナカヤマフェスタ(SSRサポート),12,2,所持スキル,鋭い眼光,レース終盤に他のウマ娘がわずかに動揺する＜作戦・差し＞
345,345,2,スタミナ,35,ナカヤマフェスタ(SSRサポート),13,2,所持スキル,伏兵◯,4番人気以下のレースで能力を少し発揮しやすい
346,346,2,スタミナ,35,ナカヤマフェスタ(SSRサポート),14,2,所持スキル,道悪◯,「稍重」「重」「不良」のバ場状態が 少し得意になる
347,347,2,スタミナ,35,ナカヤマフェスタ(SSRサポート),15,2,所持スキル,ラッキーセブン,枠番が7の時に少し良いことが起きる場合がある
348,348,2,スタミナ,36,ナリタブライアン(SSRスタミナ),1,1,育成イベント,ハヤテ一文字,直線で速度が上がる
349,349,2,スタミナ,36,ナリタブライアン(SSRスタミナ),2,1,育成イベント,テンポアップ,レース中盤に前の方だとわずかに好位置を取りやすくなる＜中距離＞
350,350,2,スタミナ,36,ナリタブライアン(SSRスタミナ),3,1,育成イベント,一匹狼,自分だけが一匹狼の心を持つレースで少し能力が上がる
351,351,2,スタミナ,36,ナリタブライアン(SSRスタミナ),4,1,育成イベント,一匹狼,自分だけが一匹狼の心を持つレースで少し能力が上がる
352,352,2,スタミナ,36,ナリタブライアン(SSRスタミナ),5,2,所持スキル,中距離直線◯,直線で速度がわずかに上がる＜中距離＞
353,353,2,スタミナ,36,ナリタブライアン(SSRスタミナ),6,2,所持スキル,中距離コーナー◯,コーナーで速度がわずかに上がる＜中距離＞
354,354,2,スタミナ,36,ナリタブライアン(SSRスタミナ),7,2,所持スキル,内弁慶,最終コーナーで内ラチ側にいると速度がわずかに上がる＜長距離＞
355,355,2,スタミナ,36,ナリタブライアン(SSRスタミナ),8,2,所持スキル,長距離直線◯,直線で速度がわずかに上がる＜長距離＞
356,356,2,スタミナ,36,ナリタブライアン(SSRスタミナ),9,2,所持スキル,外差し準備,最終コーナーで外から追い抜くと速度がわずかに上がる＜作戦・差し＞
357,357,2,スタミナ,36,ナリタブライアン(SSRスタミナ),10,2,所持スキル,栄養補給,レース中盤に持久力がわずかに回復する＜作戦・先行＞
358,358,2,スタミナ,36,ナリタブライアン(SSRスタミナ),11,2,所持スキル,好位追走,レース中盤でわずかに疲れにくくなる＜作戦・先行＞
359,359,2,スタミナ,36,ナリタブライアン(SSRスタミナ),12,2,所持スキル,右回り◯,右回りコースが少し得意になる
360,360,2,スタミナ,37,マンハッタンカフェ(SSRサポート),1,1,育成イベント,スタミナグリード,レース中盤で後ろの方にいると前方の持久力をわずかに奪う＜長距離＞
361,361,2,スタミナ,37,マンハッタンカフェ(SSRサポート),2,1,育成イベント,長距離コーナー◯,コーナーで速度がわずかに上がる＜長距離＞
362,362,2,スタミナ,37,マンハッタンカフェ(SSRサポート),3,1,育成イベント,非根幹距離◯,非根幹距離（400mの倍数以外）が少し得意になる
363,363,2,スタミナ,37,マンハッタンカフェ(SSRサポート),4,2,所持スキル,長距離直線◯,直線で速度がわずかに上がる＜長距離＞
364,364,2,スタミナ,37,マンハッタンカフェ(SSRサポート),5,2,所持スキル,登山家,上り坂がわずかに上手くなる
365,365,2,スタミナ,37,マンハッタンカフェ(SSRサポート),6,2,所持スキル,パス上手,追い抜く気持ちが湧きわずかに疲れにくくなる＜長距離＞
366,366,2,スタミナ,37,マンハッタンカフェ(SSRサポート),7,2,所持スキル,スタミナイーター,レース中盤で後ろの方にいると前方の持久力をちょっと奪う＜長距離＞
367,367,2,スタミナ,37,マンハッタンカフェ(SSRサポート),8,2,所持スキル,道悪◯,「稍重」「重」「不良」のバ場状態が 少し得意になる
368,368,2,スタミナ,37,マンハッタンカフェ(SSRサポート),9,2,所持スキル,雨の日◯,雨の日のレースが少し得意になる
369,369,2,スタミナ,38,メイショウドトウ(SSRサポート),1,1,育成イベント,スタミナグリード,レース中盤で後ろの方にいると前方の持久力をわずかに奪う＜長距離＞
370,370,2,スタミナ,38,メイショウドトウ(SSRサポート),2,1,育成イベント,長距離コーナー◯,コーナーで速度がわずかに上がる＜長距離＞
371,371,2,スタミナ,38,メイショウドトウ(SSRサポート),3,1,育成イベント,非根幹距離◯,非根幹距離（400mの倍数以外）が少し得意になる
372,372,2,スタミナ,38,メイショウドトウ(SSRサポート),4,2,所持スキル,長距離直線◯,直線で速度がわずかに上がる＜長距離＞
373,373,2,スタミナ,38,メイショウドトウ(SSRサポート),5,2,所持スキル,登山家,上り坂がわずかに上手くなる
374,374,2,スタミナ,38,メイショウドトウ(SSRサポート),6,2,所持スキル,パス上手,追い抜く気持ちが湧きわずかに疲れにくくなる＜長距離＞
375,375,2,スタミナ,38,メイショウドトウ(SSRサポート),7,2,所持スキル,スタミナイーター,レース中盤で後ろの方にいると前方の持久力をちょっと奪う＜長距離＞
376,376,2,スタミナ,38,メイショウドトウ(SSRサポート),8,2,所持スキル,道悪◯,「稍重」「重」「不良」のバ場状態が 少し得意になる
377,377,2,スタミナ,38,メイショウドトウ(SSRサポート),9,2,所持スキル,雨の日◯,雨の日のレースが少し得意になる
378,378,2,スタミナ,39,マヤノトップガン(SRサポート),1,2,育成イベント,直線巧者,直線で速度がわずかに上がる
379,379,2,スタミナ,39,マヤノトップガン(SRサポート),2,2,育成イベント,集中力,スタートが得意になり出遅れる時間がわずかに少なくなる
380,380,2,スタミナ,39,マヤノトップガン(SRサポート),3,2,所持スキル,直線巧者,直線で速度がわずかに上がる
381,381,2,スタミナ,39,マヤノトップガン(SRサポート),4,2,所持スキル,コーナー巧者◯,コーナーが得意になり速度がわずかに上がる
382,382,2,スタミナ,39,マヤノトップガン(SRサポート),5,2,所持スキル,垂れウマ回避,ラストスパートで前が塞がれた時の立ち回りがわずかにうまくなる
383,383,2,スタミナ,39,マヤノトップガン(SRサポート),6,2,所持スキル,臨機応変,レース終盤にコース取りが少しうまくなる
384,384,2,スタミナ,39,マヤノトップガン(SRサポート),7,2,所持スキル,直線回復,直線で持久力がわずかに回復する
385,385,2,スタミナ,39,マヤノトップガン(SRサポート),8,2,所持スキル,非根幹距離◯,非根幹距離（400mの倍数以外）が少し得意になる
386,386,2,スタミナ,40,マンハッタンカフェ(SRサポート),1,1,育成イベント,読解力,レース中盤に観察力が高まり視野をわずかに広く持てる＜作戦・差し＞
387,387,2,スタミナ,40,マンハッタンカフェ(SRサポート),2,1,育成イベント,非根幹距離◯,非根幹距離（400mの倍数以外）が少し得意になる
388,388,2,スタミナ,40,マンハッタンカフェ(SRサポート),3,2,所持スキル,長距離直線◯,直線で速度がわずかに上がる＜長距離＞
389,389,2,スタミナ,40,マンハッタンカフェ(SRサポート),4,2,所持スキル,登山家,上り坂がわずかに上手くなる
390,390,2,スタミナ,40,マンハッタンカフェ(SRサポート),5,2,所持スキル,パス上手,追い抜く気持ちが湧きわずかに疲れにくくなる＜長距離＞
391,391,2,スタミナ,40,マンハッタンカフェ(SRサポート),6,2,所持スキル,スタミナイーター,レース中盤で後ろの方にいると前方の持久力をちょっと奪う＜長距離＞
392,392,2,スタミナ,40,マンハッタンカフェ(SRサポート),7,2,所持スキル,道悪◯,「稍重」「重」「不良」のバ場状態が 少し得意になる
393,393,2,スタミナ,40,マンハッタンカフェ(SRサポート),8,2,所持スキル,雨の日◯,雨の日のレースが少し得意になる
394,394,2,スタミナ,41,ゼンノロブロイ(SRサポート),1,2,育成イベント,読解力,レース中盤に観察力が高まり視野をわずかに広く持てる＜作戦・差し＞
395,395,2,スタミナ,41,ゼンノロブロイ(SRサポート),2,2,育成イベント,非根幹距離◯,非根幹距離（400mの倍数以外）が少し得意になる
396,396,2,スタミナ,41,ゼンノロブロイ(SRサポート),3,2,所持スキル,長距離直線◯,直線で速度がわずかに上がる＜長距離＞
397,397,2,スタミナ,41,ゼンノロブロイ(SRサポート),4,2,所持スキル,登山家,上り坂がわずかに上手くなる
398,398,2,スタミナ,41,ゼンノロブロイ(SRサポート),5,2,所持スキル,パス上手,追い抜く気持ちが湧きわずかに疲れにくくなる＜長距離＞
399,399,2,スタミナ,41,ゼンノロブロイ(SRサポート),6,2,所持スキル,スタミナイーター,レース中盤で後ろの方にいると前方の持久力をちょっと奪う＜長距離＞
400,400,2,スタミナ,41,ゼンノロブロイ(SRサポート),7,2,所持スキル,道悪◯,「稍重」「重」「不良」のバ場状態が 少し得意になる
401,401,2,スタミナ,41,ゼンノロブロイ(SRサポート),8,2,所持スキル,雨の日◯,雨の日のレースが少し得意になる
402,402,2,スタミナ,42,トーセンジョーダン(SRサポート),1,1,育成イベント,中距離直線◯,直線で速度がわずかに上がる＜中距離＞
403,403,2,スタミナ,42,トーセンジョーダン(SRサポート),2,1,育成イベント,鋭い眼光,レース終盤に他のウマ娘がわずかに動揺する＜作戦・差し＞
404,404,2,スタミナ,42,トーセンジョーダン(SRサポート),3,2,所持スキル,直線巧者,直線で速度がわずかに上がる
405,405,2,スタミナ,42,トーセンジョーダン(SRサポート),4,2,所持スキル,巧みなステップ,コース取りがわずかにスムーズになる＜作戦・先行＞
406,406,2,スタミナ,42,トーセンジョーダン(SRサポート),5,2,所持スキル,垂れウマ回避,ラストスパートで前が塞がれた時の立ち回りがわずかにうまくなる
407,407,2,スタミナ,42,トーセンジョーダン(SRサポート),6,2,所持スキル,ポジションセンス,レース序盤にコース取りが少しうまくなる
408,408,2,スタミナ,42,トーセンジョーダン(SRサポート),7,2,所持スキル,臨機応変,レース終盤にコース取りが少しうまくなる
409,409,2,スタミナ,42,トーセンジョーダン(SRサポート),8,2,所持スキル,読解力,レース中盤に観察力が高まり視野をわずかに広く持てる＜作戦・差し＞
410,410,2,スタミナ,42,トーセンジョーダン(SRサポート),9,2,所持スキル,差しのコツ◯,良い位置に少しつきやすくなる＜作戦・差し＞
411,411,2,スタミナ,42,トーセンジョーダン(SRサポート),10,2,所持スキル,先行のコツ◯,良い位置に少しつきやすくなる＜作戦・先行＞
412,412,3,パワー,43,ウオッカ(SSRサポート),1,1,育成イベント,好転一息,直線で持久力が回復する
413,413,3,パワー,43,ウオッカ(SSRサポート),2,1,育成イベント,垂れウマ回避,ラストスパートで前が塞がれた時の立ち回りがわずかにうまくなる
414,414,3,パワー,43,ウオッカ(SSRサポート),3,2,所持スキル,末脚,ラストスパートで速度がわずかに上がる
415,415,3,パワー,43,ウオッカ(SSRサポート),4,2,所持スキル,直線巧者,直線で速度がわずかに上がる
416,416,3,パワー,43,ウオッカ(SSRサポート),5,2,所持スキル,マイル直線◯,直線で速度がわずかに上がる＜マイル＞
417,417,3,パワー,43,ウオッカ(SSRサポート),6,2,所持スキル,中距離直線◯,直線で速度がわずかに上がる＜中距離＞
418,418,3,パワー,43,ウオッカ(SSRサポート),7,2,所持スキル,直線加速,直線で加速力がわずかに上がる
419,419,3,パワー,43,ウオッカ(SSRサポート),8,2,所持スキル,上昇気流,レース終盤に後ろの方だと追い抜く力がわずかに上がる＜マイル＞
420,420,3,パワー,43,ウオッカ(SSRサポート),9,2,所持スキル,差し切り体勢,レース終盤で加速力がわずかに上がる＜作戦・差し＞
421,421,3,パワー,43,ウオッカ(SSRサポート),10,2,所持スキル,直線回復,直線で持久力がわずかに回復する
422,422,3,パワー,43,ウオッカ(SSRサポート),11,2,所持スキル,東京レース場◯,東京レース場が少し得意になる
423,423,3,パワー,44,エルコンドルパサー(SSRサポート),1,1,育成イベント,キラーチューン,レース中盤に前の方だと好位置を取りやすくなる＜中距離＞
424,424,3,パワー,44,エルコンドルパサー(SSRサポート),2,1,育成イベント,スタミナキープ,レース序盤でわずかに疲れにくくなる＜作戦・先行＞
425,425,3,パワー,44,エルコンドルパサー(SSRサポート),3,1,育成イベント,晴れの日◯,晴れの日のレースが少し得意になる
426,426,3,パワー,44,エルコンドルパサー(SSRサポート),4,2,所持スキル,中距離直線◯,直線で速度がわずかに上がる＜中距離＞
427,427,3,パワー,44,エルコンドルパサー(SSRサポート),5,2,所持スキル,テンポアップ,レース中盤に前の方だとわずかに好位置を取りやすくなる＜中距離＞
428,428,3,パワー,44,エルコンドルパサー(SSRサポート),6,2,所持スキル,抜け出し準備,最終コーナーでわずかに抜け出しやすくなる＜作戦・先行＞
429,429,3,パワー,44,エルコンドルパサー(SSRサポート),7,2,所持スキル,先行直線◯,直線で速度がわずかに上がる＜作戦・先行＞
430,430,3,パワー,44,エルコンドルパサー(SSRサポート),8,2,所持スキル,ホークアイ,レース序盤に観察力が高まり視野を少し広く持てる＜中距離＞
431,431,3,パワー,44,エルコンドルパサー(SSRサポート),9,2,所持スキル,根幹距離◯,根幹距離（400mの倍数）が少し得意になる
432,432,3,パワー,44,エルコンドルパサー(SSRサポート),10,2,所持スキル,晴れの日◯,晴れの日のレースが少し得意になる
433,433,3,パワー,45,スマートファルコン(SSRサポート),1,1,育成イベント,キラーチューン,レース中盤に前の方だと好位置を取りやすくなる＜中距離＞
434,434,3,パワー,45,スマートファルコン(SSRサポート),2,1,育成イベント,スタミナキープ,レース序盤でわずかに疲れにくくなる＜作戦・先行＞
435,435,3,パワー,45,スマートファルコン(SSRサポート),3,1,育成イベント,晴れの日◯,晴れの日のレースが少し得意になる
436,436,3,パワー,45,スマートファルコン(SSRサポート),4,2,所持スキル,中距離直線◯,直線で速度がわずかに上がる＜中距離＞
437,437,3,パワー,45,スマートファルコン(SSRサポート),5,2,所持スキル,テンポアップ,レース中盤に前の方だとわずかに好位置を取りやすくなる＜中距離＞
438,438,3,パワー,45,スマートファルコン(SSRサポート),6,2,所持スキル,抜け出し準備,最終コーナーでわずかに抜け出しやすくなる＜作戦・先行＞
439,439,3,パワー,45,スマートファルコン(SSRサポート),7,2,所持スキル,先行直線◯,直線で速度がわずかに上がる＜作戦・先行＞
440,440,3,パワー,45,スマートファルコン(SSRサポート),8,2,所持スキル,ホークアイ,レース序盤に観察力が高まり視野を少し広く持てる＜中距離＞
441,441,3,パワー,45,スマートファルコン(SSRサポート),9,2,所持スキル,根幹距離◯,根幹距離（400mの倍数）が少し得意になる
442,442,3,パワー,45,スマートファルコン(SSRサポート),10,2,所持スキル,晴れの日◯,晴れの日のレースが少し得意になる
443,443,3,パワー,46,オグリキャップ(SSRサポート),1,1,育成イベント,豪脚,レース終盤に後ろの方だと追い抜く力が上がる＜マイル＞
444,444,3,パワー,46,オグリキャップ(SSRサポート),2,1,育成イベント,外差し準備,最終コーナーで外から追い抜くと速度がわずかに上がる＜作戦・差し＞
445,445,3,パワー,46,オグリキャップ(SSRサポート),3,1,育成イベント,スタミナキープ,レース序盤でわずかに疲れにくくなる＜作戦・先行＞
446,446,3,パワー,46,オグリキャップ(SSRサポート),4,1,育成イベント,中山レース場◯,中山レース場が少し得意になる
447,447,3,パワー,46,オグリキャップ(SSRサポート),5,2,所持スキル,末脚,ラストスパートで速度がわずかに上がる
448,448,3,パワー,46,オグリキャップ(SSRサポート),6,2,所持スキル,コーナー巧者◯,コーナーが得意になり速度がわずかに上がる
449,449,3,パワー,46,オグリキャップ(SSRサポート),7,2,所持スキル,テンポアップ,レース中盤に前の方だとわずかに好位置を取りやすくなる＜中距離＞
450,450,3,パワー,46,オグリキャップ(SSRサポート),8,2,所持スキル,地固め,レース序盤にスキルを多く発動すると加速力がわずかに上がる
451,451,3,パワー,46,オグリキャップ(SSRサポート),9,2,所持スキル,コーナー加速◯,華麗なコーナーワークで加速力がわずかに上がる
452,452,3,パワー,46,オグリキャップ(SSRサポート),10,2,所持スキル,アクセラレーション,レース中盤に追い抜くと加速力がわずかに上がる＜マイル＞
453,453,3,パワー,46,オグリキャップ(SSRサポート),11,2,所持スキル,垂れウマ回避,ラストスパートで前が塞がれた時の立ち回りがわずかにうまくなる
454,454,3,パワー,46,オグリキャップ(SSRサポート),12,2,所持スキル,集中力,スタートが得意になり出遅れる時間がわずかに少なくなる
455,455,3,パワー,46,オグリキャップ(SSRサポート),13,2,所持スキル,栄養補給,レース中盤に持久力がわずかに回復する＜作戦・先行＞
456,456,3,パワー,46,オグリキャップ(SSRサポート),14,2,所持スキル,曇りの日◯,曇りの日のレースが少し得意になる
457,457,3,パワー,47,ウイニングチケット(ストーリー報酬),1,1,育成イベント,全身全霊,ラストスパートで速度が上がる
458,458,3,パワー,47,ウイニングチケット(ストーリー報酬),2,1,育成イベント,差しコーナー◯,コーナーで速度がわずかに上がる＜作戦・差し＞
459,459,3,パワー,47,ウイニングチケット(ストーリー報酬),3,2,所持スキル,外差し準備,最終コーナーで外から追い抜くと速度がわずかに上がる＜作戦・差し＞
460,460,3,パワー,47,ウイニングチケット(ストーリー報酬),4,2,所持スキル,位置取り押し上げ,レース中盤で速度がわずかに上がる＜作戦・差し＞
461,461,3,パワー,47,ウイニングチケット(ストーリー報酬),5,2,所持スキル,差し切り体勢,レース終盤で加速力がわずかに上がる＜作戦・差し＞
462,462,3,パワー,47,ウイニングチケット(ストーリー報酬),6,2,所持スキル,良バ場◯,「良」のバ場状態が少し得意になる
463,463,3,パワー,47,ウイニングチケット(ストーリー報酬),7,2,所持スキル,曇りの日◯,曇りの日のレースが少し得意になる
464,464,3,パワー,48,ヤエノムテキ(SSRサポート),1,1,育成イベント,アガッてきた！,レース中盤に追い抜くと速度が上がる
465,465,3,パワー,48,ヤエノムテキ(SSRサポート),2,1,育成イベント,遊びはおしまいっ！,すぐ後ろにウマ娘が長くいると速度がわずかに上がる
466,466,3,パワー,48,ヤエノムテキ(SSRサポート),3,1,育成イベント,中距離コーナー◯,コーナーで速度がわずかに上がる＜中距離＞
467,467,3,パワー,48,ヤエノムテキ(SSRサポート),4,2,所持スキル,末脚,ラストスパートで速度がわずかに上がる
468,468,3,パワー,48,ヤエノムテキ(SSRサポート),5,2,所持スキル,尻尾上がり,レース中盤にスキルを多く発動すると速度がわずかに上がる
469,469,3,パワー,48,ヤエノムテキ(SSRサポート),6,2,所持スキル,ペースアップ,レース中盤に追い抜くと速度がわずかに上がる
470,470,3,パワー,48,ヤエノムテキ(SSRサポート),7,2,所持スキル,テンポアップ,レース中盤に前の方だとわずかに好位置を取りやすくなる＜中距離＞
471,471,3,パワー,48,ヤエノムテキ(SSRサポート),8,2,所持スキル,抜け出し準備,最終コーナーでわずかに抜け出しやすくなる＜作戦・先行＞
472,472,3,パワー,49,トウカイテイオー(BD特典),1,1,育成イベント,火事場のバ鹿力,力を出し切った時に走る気力が復活する＜長距離＞
473,473,3,パワー,49,トウカイテイオー(BD特典),2,1,育成イベント,先行直線◯,直線で速度がわずかに上がる＜作戦・先行＞
474,474,3,パワー,49,トウカイテイオー(BD特典),3,2,所持スキル,巧みなステップ,コース取りがわずかにスムーズになる＜作戦・先行＞
475,475,3,パワー,49,トウカイテイオー(BD特典),4,2,所持スキル,垂れウマ回避,ラストスパートで前が塞がれた時の立ち回りがわずかにうまくなる
476,476,3,パワー,49,トウカイテイオー(BD特典),5,2,所持スキル,ポジションセンス,レース序盤にコース取りが少しうまくなる
477,477,3,パワー,49,トウカイテイオー(BD特典),6,2,所持スキル,臨機応変,レース終盤にコース取りが少しうまくなる
478,478,3,パワー,49,トウカイテイオー(BD特典),7,2,所持スキル,イナズマステップ,レース中盤に後ろの方にいると少し囲まれにくくなる＜中距離＞
479,479,3,パワー,49,トウカイテイオー(BD特典),8,2,所持スキル,軽やかステップ,左右に動いてもわずかに疲れにくくなる＜中距離＞
480,480,3,パワー,50,バンブーメモリー(SSRサポート),1,1,育成イベント,昇り龍,最終コーナーで外から追い抜くと速度が上がる＜作戦・差し＞
481,481,3,パワー,50,バンブーメモリー(SSRサポート),2,1,育成イベント,末脚,ラストスパートで速度がわずかに上がる
482,482,3,パワー,50,バンブーメモリー(SSRサポート),3,1,育成イベント,外差し準備,最終コーナーで外から追い抜くと速度がわずかに上がる＜作戦・差し＞
483,483,3,パワー,50,バンブーメモリー(SSRサポート),4,1,育成イベント,差しためらい,レース終盤に作戦・差しのウマ娘をためらわせて速度をわずかに下げる
484,484,3,パワー,50,バンブーメモリー(SSRサポート),5,1,育成イベント,根幹距離◯,根幹距離（400mの倍数）が少し得意になる
485,485,3,パワー,50,バンブーメモリー(SSRサポート),6,1,育成イベント,対抗意識◯,自分と同じ作戦のウマ娘が6人以上だと能力を少し発揮しやすい
486,486,3,パワー,50,バンブーメモリー(SSRサポート),7,1,育成イベント,空回り,先頭で大きくリードし過ぎると少し疲れてしまいがちになる
487,487,3,パワー,50,バンブーメモリー(SSRサポート),8,2,所持スキル,直線巧者,直線で速度がわずかに上がる
488,488,3,パワー,50,バンブーメモリー(SSRサポート),9,2,所持スキル,詰め寄り,レース終盤に後ろの方だとわずかにスパートしやすくなる＜短距離＞
489,489,3,パワー,50,バンブーメモリー(SSRサポート),10,2,所持スキル,マイル直線◯,直線で速度がわずかに上がる＜マイル＞
490,490,3,パワー,50,バンブーメモリー(SSRサポート),11,2,所持スキル,差し直線◯,直線で速度がわずかに上がる＜作戦・差し＞
491,491,3,パワー,50,バンブーメモリー(SSRサポート),12,2,所持スキル,アクセラレーション,レース中盤に追い抜くと加速力がわずかに上がる＜マイル＞
492,492,3,パワー,50,バンブーメモリー(SSRサポート),13,2,所持スキル,徹底マーク◯,1番人気のウマ娘と作戦が同じだと能力を少し発揮しやすい
493,493,3,パワー,51,キングヘイロー(SSRパワー),1,1,育成イベント,電撃の煌めき,レース終盤に後ろの方だとスパートしやすくなる＜短距離＞
494,494,3,パワー,51,キングヘイロー(SSRパワー),2,1,育成イベント,末脚,ラストスパートで速度がわずかに上がる
495,495,3,パワー,51,キングヘイロー(SSRパワー),3,1,育成イベント,詰め寄り,レース終盤に後ろの方だとわずかにスパートしやすくなる＜短距離＞
496,496,3,パワー,51,キングヘイロー(SSRパワー),4,2,所持スキル,詰め寄り,レース終盤に後ろの方だとわずかにスパートしやすくなる＜短距離＞
497,497,3,パワー,51,キングヘイロー(SSRパワー),5,2,所持スキル,コーナー回復◯,無駄のないコーナリングで持久力がわずかに回復する
498,498,3,パワー,51,キングヘイロー(SSRパワー),6,2,所持スキル,様子見,レース中盤に後ろの方だとわずかに疲れにくくなる＜短距離＞
499,499,3,パワー,51,キングヘイロー(SSRパワー),7,2,所持スキル,外枠得意◯,枠番が6〜8のレースが少し得意になる
500,500,3,パワー,51,キングヘイロー(SSRパワー),8,2,所持スキル,良バ場◯,「良」のバ場状態が少し得意になる
501,501,3,パワー,51,キングヘイロー(SSRパワー),9,2,所持スキル,曇りの日◯,曇りの日のレースが少し得意になる
502,502,3,パワー,52,ダイワスカーレット(イベント配布報酬),1,1,育成イベント,レースプランナー,レース中盤で疲れにくくなる＜作戦・先行＞
503,503,3,パワー,52,ダイワスカーレット(イベント配布報酬),2,1,育成イベント,好位追走,レース中盤でわずかに疲れにくくなる＜作戦・先行＞
504,504,3,パワー,52,ダイワスカーレット(イベント配布報酬),3,1,育成イベント,スタミナキープ,レース序盤でわずかに疲れにくくなる＜作戦・先行＞
505,505,3,パワー,52,ダイワスカーレット(イベント配布報酬),4,2,所持スキル,ギアシフト,レース中盤に前の方にいるとわずかに抜かしやすくなる＜マイル＞
506,506,3,パワー,52,ダイワスカーレット(イベント配布報酬),5,2,所持スキル,テンポアップ,レース中盤に前の方だとわずかに好位置を取りやすくなる＜中距離＞
507,507,3,パワー,52,ダイワスカーレット(イベント配布報酬),6,2,所持スキル,抜け出し準備,最終コーナーでわずかに抜け出しやすくなる＜作戦・先行＞
508,508,3,パワー,52,ダイワスカーレット(イベント配布報酬),7,2,所持スキル,前途洋々,レース中盤に先頭だとわずかに疲れにくくなる＜中距離＞
509,509,3,パワー,52,ダイワスカーレット(イベント配布報酬),8,2,所持スキル,好位追走,レース中盤でわずかに疲れにくくなる＜作戦・先行＞
510,510,3,パワー,52,ダイワスカーレット(イベント配布報酬),9,2,所持スキル,対抗意識◯,自分と同じ作戦のウマ娘が6人以上だと能力を少し発揮しやすい
511,511,3,パワー,53,ライスシャワー(SSRパワー),1,1,育成イベント,円弧のマエストロ,無駄のないコーナリングで持久力が回復する
512,512,3,パワー,53,ライスシャワー(SSRパワー),2,1,育成イベント,パス上手,追い抜く気持ちが湧きわずかに疲れにくくなる＜長距離＞
513,513,3,パワー,53,ライスシャワー(SSRパワー),3,1,育成イベント,良バ場◯,「良」のバ場状態が少し得意になる
514,514,3,パワー,53,ライスシャワー(SSRパワー),4,2,所持スキル,登山家,上り坂がわずかに上手くなる
515,515,3,パワー,53,ライスシャワー(SSRパワー),5,2,所持スキル,直滑降,下り坂がわずかに得意になる＜作戦・先行＞
516,516,3,パワー,53,ライスシャワー(SSRパワー),6,2,所持スキル,深呼吸,直線に入ると息を入れてわずかに疲れにくくなる＜長距離＞
517,517,3,パワー,53,ライスシャワー(SSRパワー),7,2,所持スキル,先行けん制,レース序盤に作戦・先行のウマ娘をけん制してわずかに疲れやすくする
518,518,3,パワー,53,ライスシャワー(SSRパワー),8,2,所持スキル,先行焦り,レース中盤に作戦・先行のウマ娘を焦らせてわずかに疲れやすくする
519,519,3,パワー,53,ライスシャワー(SSRパワー),9,2,所持スキル,先行駆け引き,作戦が先行のウマ娘が掛かると落ち着くまで時間がかかる
520,520,3,パワー,53,ライスシャワー(SSRパワー),10,2,所持スキル,かく乱,レース終盤に前の方にいると後方の視野がわずかに狭くなる＜作戦・先行＞
521,521,3,パワー,53,ライスシャワー(SSRパワー),11,2,所持スキル,おひとり様◯,自分と同じ作戦のウマ娘がいないと能力を少し発揮しやすい
522,522,3,パワー,53,ライスシャワー(SSRパワー),12,2,所持スキル,京都レース場◯,京都レース場が少し得意になる
523,523,3,パワー,54,タマモクロス(SSRハロウィン),1,1,育成イベント,百万バリキ,上り坂で速度が上がる＜作戦・差し＞
524,524,3,パワー,54,タマモクロス(SSRハロウィン),2,1,育成イベント,百万バリキ,上り坂で速度が上がる＜作戦・差し＞
525,525,3,パワー,54,タマモクロス(SSRハロウィン),3,1,育成イベント,百万バリキ,上り坂で速度が上がる＜作戦・差し＞
526,526,3,パワー,54,タマモクロス(SSRハロウィン),4,1,育成イベント,百万バリキ,上り坂で速度が上がる＜作戦・差し＞
527,527,3,パワー,54,タマモクロス(SSRハロウィン),5,1,育成イベント,百万バリキ,上り坂で速度が上がる＜作戦・差し＞
528,528,3,パワー,54,タマモクロス(SSRハロウィン),6,1,育成イベント,百万バリキ,上り坂で速度が上がる＜作戦・差し＞
529,529,3,パワー,54,タマモクロス(SSRハロウィン),7,1,育成イベント,百万バリキ,上り坂で速度が上がる＜作戦・差し＞
530,530,3,パワー,54,タマモクロス(SSRハロウィン),8,1,育成イベント,百万バリキ,上り坂で速度が上がる＜作戦・差し＞
531,531,3,パワー,54,タマモクロス(SSRハロウィン),9,1,育成イベント,百万バリキ,上り坂で速度が上がる＜作戦・差し＞
532,532,3,パワー,54,タマモクロス(SSRハロウィン),10,1,育成イベント,百万バリキ,上り坂で速度が上がる＜作戦・差し＞
533,533,3,パワー,55,ダイタクヘリオス(SSRサポート),1,1,育成イベント,脱出術,レース中盤で前に行きやすくなる＜作戦・逃げ＞
534,534,3,パワー,55,ダイタクヘリオス(SSRサポート),2,1,育成イベント,脱出術,レース中盤で前に行きやすくなる＜作戦・逃げ＞
535,535,3,パワー,55,ダイタクヘリオス(SSRサポート),3,1,育成イベント,脱出術,レース中盤で前に行きやすくなる＜作戦・逃げ＞
536,536,3,パワー,55,ダイタクヘリオス(SSRサポート),4,1,育成イベント,脱出術,レース中盤で前に行きやすくなる＜作戦・逃げ＞
537,537,3,パワー,55,ダイタクヘリオス(SSRサポート),5,1,育成イベント,脱出術,レース中盤で前に行きやすくなる＜作戦・逃げ＞
538,538,3,パワー,55,ダイタクヘリオス(SSRサポート),6,1,育成イベント,脱出術,レース中盤で前に行きやすくなる＜作戦・逃げ＞
539,539,3,パワー,55,ダイタクヘリオス(SSRサポート),7,1,育成イベント,脱出術,レース中盤で前に行きやすくなる＜作戦・逃げ＞
540,540,3,パワー,55,ダイタクヘリオス(SSRサポート),8,1,育成イベント,脱出術,レース中盤で前に行きやすくなる＜作戦・逃げ＞
541,541,3,パワー,55,ダイタクヘリオス(SSRサポート),9,1,育成イベント,脱出術,レース中盤で前に行きやすくなる＜作戦・逃げ＞
542,542,3,パワー,55,ダイタクヘリオス(SSRサポート),10,1,育成イベント,脱出術,レース中盤で前に行きやすくなる＜作戦・逃げ＞
543,543,3,パワー,55,ダイタクヘリオス(SSRサポート),11,1,育成イベント,脱出術,レース中盤で前に行きやすくなる＜作戦・逃げ＞
544,544,3,パワー,56,マーベラスサンデー(SSRサポート),1,1,育成イベント,迅速果断,レース中盤で速度が上がる＜作戦・差し＞
545,545,3,パワー,56,マーベラスサンデー(SSRサポート),2,1,育成イベント,位置取り押し上げ,レース中盤で速度がわずかに上がる＜作戦・差し＞
546,546,3,パワー,56,マーベラスサンデー(SSRサポート),3,1,育成イベント,阪神レース場◯,阪神レース場が少し得意になる
547,547,3,パワー,56,マーベラスサンデー(SSRサポート),4,1,育成イベント,曇りの日◯,曇りの日のレースが少し得意になる
548,548,3,パワー,56,マーベラスサンデー(SSRサポート),5,2,所持スキル,直線巧者,直線で速度がわずかに上がる
549,549,3,パワー,56,マーベラスサンデー(SSRサポート),6,2,所持スキル,尻尾上がり,レース中盤にスキルを多く発動すると速度がわずかに上がる
550,550,3,パワー,56,マーベラスサンデー(SSRサポート),7,2,所持スキル,ペースアップ,レース中盤に追い抜くと速度がわずかに上がる
551,551,3,パワー,56,マーベラスサンデー(SSRサポート),8,2,所持スキル,逃げためらい,レース終盤に作戦・逃げのウマ娘をためらわせて速度をわずかに下げる
552,552,3,パワー,56,マーベラスサンデー(SSRサポート),9,2,所持スキル,先行ためらい,レース終盤に作戦・先行のウマ娘をためらわせて速度をわずかに下げる
553,553,3,パワー,57,アドマイヤベガ(SSRサポート),1,1,育成イベント,強攻策,レース中盤に後方にいるとしばらくの間速度が少し上がる＜作戦・追込＞
554,554,3,パワー,57,アドマイヤベガ(SSRサポート),2,1,育成イベント,先行けん制,レース序盤に作戦・先行のウマ娘をけん制してわずかに疲れやすくする
555,555,3,パワー,57,アドマイヤベガ(SSRサポート),3,1,育成イベント,先行焦り,レース中盤に作戦・先行のウマ娘を焦らせてわずかに疲れやすくする
556,556,3,パワー,57,アドマイヤベガ(SSRサポート),4,2,所持スキル,追込直線◯,直線で速度がわずかに上がる＜作戦・追込＞
557,557,3,パワー,57,アドマイヤベガ(SSRサポート),5,2,所持スキル,仕掛け抜群,レース終盤に追込態勢に入り位置をわずかに上げる＜作戦・追込＞
558,558,3,パワー,57,アドマイヤベガ(SSRサポート),6,2,所持スキル,策士,レース終盤に後ろの方にいると視野がわずかに広くなる＜作戦・追込＞
559,559,3,パワー,57,アドマイヤベガ(SSRサポート),7,2,所持スキル,冷静,前が詰まった時に落ち着いて態勢をわずかに立て直す＜作戦・追込＞
560,560,3,パワー,57,アドマイヤベガ(SSRサポート),8,2,所持スキル,束縛,レース終盤に後ろの方にいると前の速度をわずかに下げる＜中距離＞
561,561,3,パワー,58,ヒシアマゾン(SRサポート),1,1,育成イベント,仕掛け抜群,レース終盤に追込態勢に入り位置をわずかに上げる＜作戦・追込＞
562,562,3,パワー,58,ヒシアマゾン(SRサポート),2,1,育成イベント,追込ためらい,レース終盤に作戦・追込のウマ娘をためらわせて速度をわずかに下げる
563,563,3,パワー,58,ヒシアマゾン(SRサポート),3,2,所持スキル,追込直線◯,直線で速度がわずかに上がる＜作戦・追込＞
564,564,3,パワー,58,ヒシアマゾン(SRサポート),4,2,所持スキル,直線一気,ラストスパートの直線で加速力がわずかに上がる＜作戦・追込＞
565,565,3,パワー,58,ヒシアマゾン(SRサポート),5,2,所持スキル,スタミナキープ,レース序盤でわずかに疲れにくくなる＜作戦・先行＞
566,566,3,パワー,58,ヒシアマゾン(SRサポート),6,2,所持スキル,追込のコツ◯,良い位置に少しつきやすくなる＜作戦・追込＞
567,567,3,パワー,58,ヒシアマゾン(SRサポート),7,2,所持スキル,先行のコツ◯,良い位置に少しつきやすくなる＜作戦・先行＞
568,568,3,パワー,59,アグネスデジタル(SRサポート),1,1,育成イベント,追込駆け引き,作戦が追込のウマ娘が掛かると落ち着くまで時間がかかる
569,569,3,パワー,59,アグネスデジタル(SRサポート),2,1,育成イベント,道悪◯,「稍重」「重」「不良」のバ場状態が 少し得意になる
570,570,3,パワー,59,アグネスデジタル(SRサポート),3,1,育成イベント,雨の日◯,雨の日のレースが少し得意になる
571,571,3,パワー,59,アグネスデジタル(SRサポート),4,2,所持スキル,マイル直線◯,直線で速度がわずかに上がる＜マイル＞
572,572,3,パワー,59,アグネスデジタル(SRサポート),5,2,所持スキル,中距離直線◯,直線で速度がわずかに上がる＜中距離＞
573,573,3,パワー,59,アグネスデジタル(SRサポート),6,2,所持スキル,差し直線◯,直線で速度がわずかに上がる＜作戦・差し＞
574,574,3,パワー,59,アグネスデジタル(SRサポート),7,2,所持スキル,隠れ蓑,レース序盤に前が詰まった時に隠れて持久力がわずかに回復する
575,575,3,パワー,59,アグネスデジタル(SRサポート),8,2,所持スキル,ウマ込み冷静,レース中盤に囲まれると持久力がわずかに回復する
576,576,3,パワー,59,アグネスデジタル(SRサポート),9,2,所持スキル,布石,レース序盤に後ろにいると前の動きをわずかに鈍くする＜マイル＞
577,577,3,パワー,60,ビワハヤヒデ(SRサポート),1,1,育成イベント,内弁慶,最終コーナーで内ラチ側にいると速度がわずかに上がる＜長距離＞
578,578,3,パワー,60,ビワハヤヒデ(SRサポート),2,1,育成イベント,追い上げ,レース終盤で追い抜くと速度がわずかに上がる＜長距離＞
579,579,3,パワー,60,ビワハヤヒデ(SRサポート),3,2,所持スキル,追込駆け引き,作戦が追込のウマ娘が掛かると落ち着くまで時間がかかる
580,580,3,パワー,60,ビワハヤヒデ(SRサポート),4,2,所持スキル,外枠得意◯,枠番が6〜8のレースが少し得意になる
581,581,3,パワー,60,ビワハヤヒデ(SRサポート),5,2,所持スキル,阪神レース場◯,阪神レース場が少し得意になる
582,582,3,パワー,60,ビワハヤヒデ(SRサポート),6,2,所持スキル,道悪◯,「稍重」「重」「不良」のバ場状態が 少し得意になる
583,583,3,パワー,60,ビワハヤヒデ(SRサポート),7,2,所持スキル,曇りの日◯,曇りの日のレースが少し得意になる
584,584,3,パワー,61,ミホノブルボン(SRサポート),1,1,育成イベント,逃げ直線◯,直線で速度がわずかに上がる＜作戦・逃げ＞
585,585,3,パワー,61,ミホノブルボン(SRサポート),2,1,育成イベント,集中力,スタートが得意になり出遅れる時間がわずかに少なくなる
586,586,3,パワー,61,ミホノブルボン(SRサポート),3,1,育成イベント,コーナー回復◯,無駄のないコーナリングで持久力がわずかに回復する
587,587,3,パワー,61,ミホノブルボン(SRサポート),4,2,所持スキル,逃げ直線◯,直線で速度がわずかに上がる＜作戦・逃げ＞
588,588,3,パワー,61,ミホノブルボン(SRサポート),5,2,所持スキル,逃げコーナー◯,コーナーで速度がわずかに上がる＜作戦・逃げ＞
589,589,3,パワー,61,ミホノブルボン(SRサポート),6,2,所持スキル,先駆け,レース序盤でわずかに前に行きやすくなる＜作戦・逃げ＞
590,590,3,パワー,61,ミホノブルボン(SRサポート),7,2,所持スキル,雪の日◯,雪の日のレースが少し得意になる
591,591,3,パワー,62,メジロライアン(SRサポート),1,1,育成イベント,垂れウマ回避,ラストスパートで前が塞がれた時の立ち回りがわずかにうまくなる
592,592,3,パワー,62,メジロライアン(SRサポート),2,1,育成イベント,ペースキープ,レース中盤に追い抜かれると持久力がわずかに回復する
593,593,3,パワー,62,メジロライアン(SRサポート),3,2,所持スキル,中距離直線◯,直線で速度がわずかに上がる＜中距離＞
594,594,3,パワー,62,メジロライアン(SRサポート),4,2,所持スキル,テンポアップ,レース中盤に前の方だとわずかに好位置を取りやすくなる＜中距離＞
595,595,3,パワー,62,メジロライアン(SRサポート),5,2,所持スキル,道悪◯,「稍重」「重」「不良」のバ場状態が 少し得意になる
596,596,3,パワー,62,メジロライアン(SRサポート),6,2,所持スキル,雨の日◯,雨の日のレースが少し得意になる
597,597,3,パワー,63,ダイタクヘリオス(SRサポート),1,1,育成イベント,追込駆け引き,作戦が追込のウマ娘が掛かると落ち着くまで時間がかかる
598,598,3,パワー,63,ダイタクヘリオス(SRサポート),2,1,育成イベント,道悪◯,「稍重」「重」「不良」のバ場状態が 少し得意になる
599,599,3,パワー,63,ダイタクヘリオス(SRサポート),3,1,育成イベント,雨の日◯,雨の日のレースが少し得意になる
600,600,3,パワー,63,ダイタクヘリオス(SRサポート),4,2,所持スキル,マイル直線◯,直線で速度がわずかに上がる＜マイル＞
601,601,3,パワー,63,ダイタクヘリオス(SRサポート),5,2,所持スキル,中距離直線◯,直線で速度がわずかに上がる＜中距離＞
602,602,3,パワー,63,ダイタクヘリオス(SRサポート),6,2,所持スキル,差し直線◯,直線で速度がわずかに上がる＜作戦・差し＞
603,603,3,パワー,63,ダイタクヘリオス(SRサポート),7,2,所持スキル,隠れ蓑,レース序盤に前が詰まった時に隠れて持久力がわずかに回復する
604,604,3,パワー,63,ダイタクヘリオス(SRサポート),8,2,所持スキル,ウマ込み冷静,レース中盤に囲まれると持久力がわずかに回復する
605,605,3,パワー,63,ダイタクヘリオス(SRサポート),9,2,所持スキル,布石,レース序盤に後ろにいると前の動きをわずかに鈍くする＜マイル＞
606,606,3,パワー,64,ニシノフラワー(SRサポート),1,1,育成イベント,直線巧者,直線で速度がわずかに上がる
607,607,3,パワー,64,ニシノフラワー(SRサポート),2,1,育成イベント,直線加速,直線で加速力がわずかに上がる
608,608,3,パワー,64,ニシノフラワー(SRサポート),3,2,所持スキル,先行コーナー◯,コーナーで速度がわずかに上がる＜作戦・先行＞
609,609,3,パワー,64,ニシノフラワー(SRサポート),4,2,所持スキル,上昇気流,レース終盤に後ろの方だと追い抜く力がわずかに上がる＜マイル＞
610,610,3,パワー,64,ニシノフラワー(SRサポート),5,2,所持スキル,根幹距離◯,根幹距離（400mの倍数）が少し得意になる
611,611,3,パワー,64,ニシノフラワー(SRサポート),6,2,所持スキル,阪神レース場◯,阪神レース場が少し得意になる
612,612,3,パワー,64,ニシノフラワー(SRサポート),7,2,所持スキル,良バ場◯,「良」のバ場状態が少し得意になる
613,613,3,パワー,65,ファインモーション(SRサポート),1,1,育成イベント,コーナー巧者◯,コーナーが得意になり速度がわずかに上がる
614,614,3,パワー,65,ファインモーション(SRサポート),2,1,育成イベント,食い下がり,最終コーナーで追い抜かれるとわずかに差し返しやすくなる＜中距離＞
615,615,3,パワー,65,ファインモーション(SRサポート),3,2,所持スキル,直線加速,直線で加速力がわずかに上がる
616,616,3,パワー,65,ファインモーション(SRサポート),4,2,所持スキル,垂れウマ回避,ラストスパートで前が塞がれた時の立ち回りがわずかにうまくなる
617,617,3,パワー,65,ファインモーション(SRサポート),5,2,所持スキル,右回り◯,右回りコースが少し得意になる
618,618,3,パワー,65,ファインモーション(SRサポート),6,2,所持スキル,秋ウマ娘◯,秋のレースが少し得意になる
619,619,3,パワー,65,ファインモーション(SRサポート),7,2,所持スキル,外枠得意◯,枠番が6〜8のレースが少し得意になる
620,620,3,パワー,66,イナリワン(SRサポート),1,1,育成イベント,大井レース場◯,大井レース場が少し得意になる
621,621,3,パワー,66,イナリワン(SRサポート),2,1,育成イベント,京都レース場◯,京都レース場が少し得意になる
622,622,3,パワー,66,イナリワン(SRサポート),3,2,所持スキル,尻尾上がり,レース中盤にスキルを多く発動すると速度がわずかに上がる
623,623,3,パワー,66,イナリワン(SRサポート),4,2,所持スキル,ペースアップ,レース中盤に追い抜くと速度がわずかに上がる
624,624,3,パワー,66,イナリワン(SRサポート),5,2,所持スキル,前列狙い,レース終盤に少し前を目指す体制をとる<ダート>
625,625,3,パワー,66,イナリワン(SRサポート),6,2,所持スキル,砂塵慣れ,レース中盤に後方にいると持久力がわずかに回復する＜ダート＞
626,626,3,パワー,66,イナリワン(SRサポート),7,2,所持スキル,鋭い眼光,レース終盤に他のウマ娘がわずかに動揺する＜作戦・差し＞
627,627,3,パワー,66,イナリワン(SRサポート),8,2,所持スキル,春ウマ娘◯,春のレースが少し得意になる
628,628,3,パワー,66,イナリワン(SRサポート),9,2,所持スキル,冬ウマ娘◯,冬のレースが少し得意になる
629,629,3,パワー,66,イナリワン(SRサポート),10,2,所持スキル,徹底マーク◯,1番人気のウマ娘と作戦が同じだと能力を少し発揮しやすい
630,630,4,勝負根性,67,スペシャルウィーク(SSRサポート),1,1,育成イベント,全身全霊のアイコンレア,全身全霊
631,631,4,勝負根性,67,スペシャルウィーク(SSRサポート),2,1,育成イベント,ラストスパートで速度が上がる,
632,632,4,勝負根性,67,スペシャルウィーク(SSRサポート),3,1,育成イベント,末脚,ラストスパートで速度がわずかに上がる
633,633,4,勝負根性,67,スペシャルウィーク(SSRサポート),4,1,育成イベント,別腹タンク,力を出し切った時に走る気力がわずかに復活する＜長距離＞
634,634,4,勝負根性,67,スペシャルウィーク(SSRサポート),5,2,所持スキル,末脚,ラストスパートで速度がわずかに上がる
635,635,4,勝負根性,67,スペシャルウィーク(SSRサポート),6,2,所持スキル,食い下がり,最終コーナーで追い抜かれるとわずかに差し返しやすくなる＜中距離＞
636,636,4,勝負根性,67,スペシャルウィーク(SSRサポート),7,2,所持スキル,外差し準備,最終コーナーで外から追い抜くと速度がわずかに上がる＜作戦・差し＞
637,637,4,勝負根性,67,スペシャルウィーク(SSRサポート),8,2,所持スキル,栄養補給,レース中盤に持久力がわずかに回復する＜作戦・先行＞
638,638,4,勝負根性,67,スペシャルウィーク(SSRサポート),9,2,所持スキル,道悪◯,「稍重」「重」「不良」のバ場状態が 少し得意になる
639,639,4,勝負根性,67,スペシャルウィーク(SSRサポート),10,2,所持スキル,雨の日◯,雨の日のレースが少し得意になる
640,640,4,勝負根性,67,スペシャルウィーク(SSRサポート),11,2,所持スキル,差しのコツ◯,良い位置に少しつきやすくなる＜作戦・差し＞
641,641,4,勝負根性,68,グラスワンダー(SSRサポート),1,1,育成イベント,豪脚,レース終盤に後ろの方だと追い抜く力が上がる＜マイル＞
642,642,4,勝負根性,68,グラスワンダー(SSRサポート),2,1,育成イベント,上昇気流,レース終盤に後ろの方だと追い抜く力がわずかに上がる＜マイル＞
643,643,4,勝負根性,68,グラスワンダー(SSRサポート),3,1,育成イベント,先行駆け引き,作戦が先行のウマ娘が掛かると落ち着くまで時間がかかる
644,644,4,勝負根性,68,グラスワンダー(SSRサポート),4,1,育成イベント,徹底マーク◯,1番人気のウマ娘と作戦が同じだと能力を少し発揮しやすい
645,645,4,勝負根性,68,グラスワンダー(SSRサポート),5,2,所持スキル,末脚,ラストスパートで速度がわずかに上がる
646,646,4,勝負根性,68,グラスワンダー(SSRサポート),6,2,所持スキル,位置取り押し上げ,レース中盤で速度がわずかに上がる＜作戦・差し＞
647,647,4,勝負根性,68,グラスワンダー(SSRサポート),7,2,所持スキル,上昇気流,レース終盤に後ろの方だと追い抜く力がわずかに上がる＜マイル＞
648,648,4,勝負根性,68,グラスワンダー(SSRサポート),8,2,所持スキル,差し切り体勢,レース終盤で加速力がわずかに上がる＜作戦・差し＞
649,649,4,勝負根性,68,グラスワンダー(SSRサポート),9,2,所持スキル,束縛,レース終盤に後ろの方にいると前の速度をわずかに下げる＜中距離＞
650,650,4,勝負根性,68,グラスワンダー(SSRサポート),10,2,所持スキル,先行焦り,レース中盤に作戦・先行のウマ娘を焦らせてわずかに疲れやすくする
651,651,4,勝負根性,68,グラスワンダー(SSRサポート),11,2,所持スキル,中山レース場◯,中山レース場が少し得意になる
652,652,4,勝負根性,68,グラスワンダー(SSRサポート),12,2,所持スキル,対抗意識◯,自分と同じ作戦のウマ娘が6人以上だと能力を少し発揮しやすい
653,653,4,勝負根性,69,アイネスフウジン(SSRサポート),1,1,育成イベント,じゃじゃウマ娘,上り坂で疲れにくくなる＜作戦・逃げ＞
654,654,4,勝負根性,69,アイネスフウジン(SSRサポート),2,1,育成イベント,急ぎ足,レース中盤でわずかに前に行きやすくなる＜作戦・逃げ＞
655,655,4,勝負根性,69,アイネスフウジン(SSRサポート),3,1,育成イベント,勢い任せ,上り坂でわずかに疲れにくくなる＜作戦・逃げ＞
656,656,4,勝負根性,69,アイネスフウジン(SSRサポート),4,2,所持スキル,スリップストリーム,前のウマ娘のすぐ後ろに付けると風の抵抗をわずかに受けにくくなる
657,657,4,勝負根性,69,アイネスフウジン(SSRサポート),5,2,所持スキル,遊びはおしまいっ！,すぐ後ろにウマ娘が長くいると速度がわずかに上がる
658,658,4,勝負根性,69,アイネスフウジン(SSRサポート),6,2,所持スキル,食い下がり,最終コーナーで追い抜かれるとわずかに差し返しやすくなる＜中距離＞
659,659,4,勝負根性,69,アイネスフウジン(SSRサポート),7,2,所持スキル,勢い任せ,上り坂でわずかに疲れにくくなる＜作戦・逃げ＞
660,660,4,勝負根性,69,アイネスフウジン(SSRサポート),8,2,所持スキル,スピードイーター,レース中盤に先頭にいると後ろの速度をわずかに奪う＜マイル＞
661,661,4,勝負根性,70,ウイニングチケット(SSRサポート),1,1,育成イベント,乗り換え上手,レース終盤で加速力が上がる＜作戦・差し＞
662,662,4,勝負根性,70,ウイニングチケット(SSRサポート),2,1,育成イベント,差しコーナー◯,コーナーで速度がわずかに上がる＜作戦・差し＞
663,663,4,勝負根性,70,ウイニングチケット(SSRサポート),3,2,所持スキル,外差し準備,最終コーナーで外から追い抜くと速度がわずかに上がる＜作戦・差し＞
664,664,4,勝負根性,70,ウイニングチケット(SSRサポート),4,2,所持スキル,位置取り押し上げ,レース中盤で速度がわずかに上がる＜作戦・差し＞
665,665,4,勝負根性,70,ウイニングチケット(SSRサポート),5,2,所持スキル,差し切り体勢,レース終盤で加速力がわずかに上がる＜作戦・差し＞
666,666,4,勝負根性,70,ウイニングチケット(SSRサポート),6,2,所持スキル,良バ場◯,「良」のバ場状態が少し得意になる
667,667,4,勝負根性,70,ウイニングチケット(SSRサポート),7,2,所持スキル,曇りの日◯,曇りの日のレースが少し得意になる
668,668,4,勝負根性,71,ハルウララ(SSRサポート),1,1,育成イベント,どこ吹く風,レース中盤に囲まれると持久力が回復する
669,669,4,勝負根性,71,ハルウララ(SSRサポート),2,1,育成イベント,伏兵◯,4番人気以下のレースで能力を少し発揮しやすい
670,670,4,勝負根性,72,メジロパーマー(SSRサポート),1,1,育成イベント,先陣の心得,レース中盤に大きく差をつけ先頭だとリードを保ちやすい＜長距離＞
671,671,4,勝負根性,72,メジロパーマー(SSRサポート),2,1,育成イベント,リードキープ,レース中盤に大きく差をつけ先頭だとリードをわずかに保ちやすい＜長距離＞
672,672,4,勝負根性,72,メジロパーマー(SSRサポート),3,1,育成イベント,一匹狼,自分だけが一匹狼の心を持つレースで少し能力が上がる
673,673,4,勝負根性,72,メジロパーマー(SSRサポート),4,1,育成イベント,道悪◯,「稍重」「重」「不良」のバ場状態が 少し得意になる
674,674,4,勝負根性,72,メジロパーマー(SSRサポート),5,1,育成イベント,逃げのコツ◯,良い位置に少しつきやすくなる＜作戦・逃げ＞
675,675,4,勝負根性,72,メジロパーマー(SSRサポート),6,2,所持スキル,急ぎ足,レース中盤でわずかに前に行きやすくなる＜作戦・逃げ＞
676,676,4,勝負根性,72,メジロパーマー(SSRサポート),7,2,所持スキル,先駆け,レース序盤でわずかに前に行きやすくなる＜作戦・逃げ＞
677,677,4,勝負根性,72,メジロパーマー(SSRサポート),8,2,所持スキル,勢い任せ,上り坂でわずかに疲れにくくなる＜作戦・逃げ＞
678,678,4,勝負根性,72,メジロパーマー(SSRサポート),9,2,所持スキル,先行焦り,レース中盤に作戦・先行のウマ娘を焦らせてわずかに疲れやすくする
679,679,4,勝負根性,72,メジロパーマー(SSRサポート),10,2,所持スキル,シンパシー,シンパシーの心を持つウマ娘が多いレースだと少し能力が上がる
680,680,4,勝負根性,72,メジロパーマー(SSRサポート),11,2,所持スキル,中山レース場◯,中山レース場が少し得意になる
681,681,4,勝負根性,72,メジロパーマー(SSRサポート),12,2,所持スキル,阪神レース場◯,阪神レース場が少し得意になる
682,682,4,勝負根性,73,マチカネタンホイザ(イベント配布報酬),1,1,育成イベント,どこ吹く風,レース中盤に囲まれると持久力が回復する
683,683,4,勝負根性,73,マチカネタンホイザ(イベント配布報酬),2,1,育成イベント,ウマ込み冷静,レース中盤に囲まれると持久力がわずかに回復する
684,684,4,勝負根性,73,マチカネタンホイザ(イベント配布報酬),3,1,育成イベント,逃げけん制,レース序盤に作戦・逃げのウマ娘をけん制してわずかに疲れやすくする
685,685,4,勝負根性,73,マチカネタンホイザ(イベント配布報酬),4,2,所持スキル,食い下がり,最終コーナーで追い抜かれるとわずかに差し返しやすくなる＜中距離＞
686,686,4,勝負根性,73,マチカネタンホイザ(イベント配布報酬),5,2,所持スキル,がんばり屋,追い抜きがわずかに成功しやすくなる＜作戦・差し＞
687,687,4,勝負根性,73,マチカネタンホイザ(イベント配布報酬),6,2,所持スキル,隠れ蓑,レース序盤に前が詰まった時に隠れて持久力がわずかに回復する
688,688,4,勝負根性,73,マチカネタンホイザ(イベント配布報酬),7,2,所持スキル,ペースキープ,レース中盤に追い抜かれると持久力がわずかに回復する
689,689,4,勝負根性,73,マチカネタンホイザ(イベント配布報酬),8,2,所持スキル,深呼吸,直線に入ると息を入れてわずかに疲れにくくなる＜長距離＞
690,690,4,勝負根性,74,ヒシアケボノ(SSRサポート),1,1,育成イベント,シックスセンス,レース序盤に囲まれにくくなる＜作戦・逃げ＞
691,691,4,勝負根性,74,ヒシアケボノ(SSRサポート),2,1,育成イベント,スプリントギア,直線で加速力がわずかに上がる＜短距離＞
692,692,4,勝負根性,74,ヒシアケボノ(SSRサポート),3,1,育成イベント,危険回避,レース序盤に少し囲まれにくくなる＜作戦・逃げ＞
693,693,4,勝負根性,74,ヒシアケボノ(SSRサポート),4,2,所持スキル,短距離コーナー◯,コーナーで速度がわずかに上がる＜短距離＞
694,694,4,勝負根性,74,ヒシアケボノ(SSRサポート),5,2,所持スキル,善後策,レース中盤に前の方にいるとわずかに抜かしやすくなる＜短距離＞
695,695,4,勝負根性,74,ヒシアケボノ(SSRサポート),6,2,所持スキル,押し切り準備,最終コーナーで先頭をわずかにキープしやすくなる＜作戦・逃げ＞
696,696,4,勝負根性,74,ヒシアケボノ(SSRサポート),7,2,所持スキル,仕掛け準備,レース中盤でゴールに向けて準備を少し整える＜短距離＞
697,697,4,勝負根性,74,ヒシアケボノ(SSRサポート),8,2,所持スキル,栄養補給,レース中盤に持久力がわずかに回復する＜作戦・先行＞
698,698,4,勝負根性,74,ヒシアケボノ(SSRサポート),9,2,所持スキル,晴れの日◯,晴れの日のレースが少し得意になる
699,699,4,勝負根性,75,メジロライアン(SSRサポート),1,1,育成イベント,勝利への執念,最終コーナーで追い抜かれると差し返しやすくなる＜中距離＞
700,700,4,勝負根性,75,メジロライアン(SSRサポート),2,1,育成イベント,ペースキープ,レース中盤に追い抜かれると持久力がわずかに回復する
701,701,4,勝負根性,75,メジロライアン(SSRサポート),3,1,育成イベント,先行のコツ◯,良い位置に少しつきやすくなる＜作戦・先行＞
702,702,4,勝負根性,75,メジロライアン(SSRサポート),4,2,所持スキル,中距離直線◯,直線で速度がわずかに上がる＜中距離＞
703,703,4,勝負根性,75,メジロライアン(SSRサポート),5,2,所持スキル,テンポアップ,レース中盤に前の方だとわずかに好位置を取りやすくなる＜中距離＞
704,704,4,勝負根性,75,メジロライアン(SSRサポート),6,2,所持スキル,道悪◯,「稍重」「重」「不良」のバ場状態が 少し得意になる
705,705,4,勝負根性,75,メジロライアン(SSRサポート),7,2,所持スキル,雨の日◯,雨の日のレースが少し得意になる
706,706,4,勝負根性,76,ツインターボ(BD特典),1,1,育成イベント,キラーチューン,レース中盤に前の方だと好位置を取りやすくなる＜中距離＞
707,707,4,勝負根性,76,ツインターボ(BD特典),2,1,育成イベント,テンポアップ,レース中盤に前の方だとわずかに好位置を取りやすくなる＜中距離＞
708,708,4,勝負根性,76,ツインターボ(BD特典),3,1,育成イベント,先駆け,レース序盤でわずかに前に行きやすくなる＜作戦・逃げ＞
709,709,4,勝負根性,76,ツインターボ(BD特典),4,2,所持スキル,急ぎ足,レース中盤でわずかに前に行きやすくなる＜作戦・逃げ＞
710,710,4,勝負根性,76,ツインターボ(BD特典),5,2,所持スキル,先頭プライド,レース序盤にわずかに追い抜かれにくくなる＜作戦・逃げ＞
711,711,4,勝負根性,76,ツインターボ(BD特典),6,2,所持スキル,先駆け,レース序盤でわずかに前に行きやすくなる＜作戦・逃げ＞
712,712,4,勝負根性,76,ツインターボ(BD特典),7,2,所持スキル,勢い任せ,上り坂でわずかに疲れにくくなる＜作戦・逃げ＞
713,713,4,勝負根性,76,ツインターボ(BD特典),8,2,所持スキル,対抗意識◯,自分と同じ作戦のウマ娘が6人以上だと能力を少し発揮しやすい
714,714,4,勝負根性,76,ツインターボ(BD特典),9,2,所持スキル,徹底マーク◯,1番人気のウマ娘と作戦が同じだと能力を少し発揮しやすい
715,715,4,勝負根性,77,イクノディクタス(SSRサポート),1,1,育成イベント,大局観,レース中盤に観察力が高まり視野を広く持てる＜作戦・差し＞
716,716,4,勝負根性,77,イクノディクタス(SSRサポート),2,1,育成イベント,臨機応変,レース終盤にコース取りが少しうまくなる
717,717,4,勝負根性,77,イクノディクタス(SSRサポート),3,1,育成イベント,トリック（後）,レース中盤に後ろの方にいると前の掛かったウマ娘がわずかに疲れる
718,718,4,勝負根性,77,イクノディクタス(SSRサポート),4,2,所持スキル,ホークアイ,レース序盤に観察力が高まり視野を少し広く持てる＜中距離＞
719,719,4,勝負根性,77,イクノディクタス(SSRサポート),5,2,所持スキル,読解力,レース中盤に観察力が高まり視野をわずかに広く持てる＜作戦・差し＞
720,720,4,勝負根性,77,イクノディクタス(SSRサポート),6,2,所持スキル,隠れ蓑,レース序盤に前が詰まった時に隠れて持久力がわずかに回復する
721,721,4,勝負根性,77,イクノディクタス(SSRサポート),7,2,所持スキル,ウマ込み冷静,レース中盤に囲まれると持久力がわずかに回復する
722,722,4,勝負根性,77,イクノディクタス(SSRサポート),8,2,所持スキル,鋭い眼光,レース終盤に他のウマ娘がわずかに動揺する＜作戦・差し＞
723,723,4,勝負根性,78,ユキノビジン(イベント配布報酬),1,1,育成イベント,曲線のソムリエ,華麗なコーナーワークで加速力が上がる
724,724,4,勝負根性,78,ユキノビジン(イベント配布報酬),2,1,育成イベント,遊びはおしまいっ！,すぐ後ろにウマ娘が長くいると速度がわずかに上がる
725,725,4,勝負根性,78,ユキノビジン(イベント配布報酬),3,1,育成イベント,コーナー加速◯,華麗なコーナーワークで加速力がわずかに上がる
726,726,4,勝負根性,78,ユキノビジン(イベント配布報酬),4,1,育成イベント,雪の日◯,雪の日のレースが少し得意になる
727,727,4,勝負根性,78,ユキノビジン(イベント配布報酬),5,2,所持スキル,食い下がり,最終コーナーで追い抜かれるとわずかに差し返しやすくなる＜中距離＞
728,728,4,勝負根性,78,ユキノビジン(イベント配布報酬),6,2,所持スキル,中距離コーナー◯,コーナーで速度がわずかに上がる＜中距離＞
729,729,4,勝負根性,78,ユキノビジン(イベント配布報酬),7,2,所持スキル,冬ウマ娘◯,冬のレースが少し得意になる
730,730,4,勝負根性,78,ユキノビジン(イベント配布報酬),8,2,所持スキル,中山レース場◯,中山レース場が少し得意になる
731,731,4,勝負根性,79,サクラバクシンオー(SSR根性),1,1,育成イベント,意気衝天,レース終盤が迫ったとき前方にいると速度が上がる＜短距離＞
732,732,4,勝負根性,79,サクラバクシンオー(SSR根性),2,1,育成イベント,詰め寄り,レース終盤に後ろの方だとわずかにスパートしやすくなる＜短距離＞
733,733,4,勝負根性,79,サクラバクシンオー(SSR根性),3,1,育成イベント,軽い足取り,レース終盤が迫ったとき前方にいると速度がわずかに上がる＜短距離＞
734,734,4,勝負根性,79,サクラバクシンオー(SSR根性),4,1,育成イベント,地固め,レース序盤にスキルを多く発動すると加速力がわずかに上がる
735,735,4,勝負根性,79,サクラバクシンオー(SSR根性),5,2,所持スキル,短距離コーナー◯,コーナーで速度がわずかに上がる＜短距離＞
736,736,4,勝負根性,79,サクラバクシンオー(SSR根性),6,2,所持スキル,短距離直線◯,直線で速度がわずかに上がる＜短距離＞
737,737,4,勝負根性,79,サクラバクシンオー(SSR根性),7,2,所持スキル,大きなリード,レース中盤に大きく差をつけ先頭だとリードをわずかに保ちやすい＜短距離＞
738,738,4,勝負根性,79,サクラバクシンオー(SSR根性),8,2,所持スキル,スプリントギア,直線で加速力がわずかに上がる＜短距離＞
739,739,4,勝負根性,79,サクラバクシンオー(SSR根性),9,2,所持スキル,善後策,レース中盤に前の方にいるとわずかに抜かしやすくなる＜短距離＞
740,740,4,勝負根性,79,サクラバクシンオー(SSR根性),10,2,所持スキル,後方釘付,レース序盤に前の方にいると後方のウマ娘が少し萎縮する＜短距離＞
741,741,4,勝負根性,79,サクラバクシンオー(SSR根性),11,2,所持スキル,逃げ焦り,レース中盤に作戦・逃げのウマ娘を焦らせてわずかに疲れやすくする
742,742,4,勝負根性,79,サクラバクシンオー(SSR根性),12,2,所持スキル,逃げ駆け引き,作戦が逃げのウマ娘が掛かると落ち着くまで時間がかかる
743,743,4,勝負根性,80,エアグルーヴ(SRサポート),1,1,育成イベント,直線加速,直線で加速力がわずかに上がる
744,744,4,勝負根性,80,エアグルーヴ(SRサポート),2,1,育成イベント,臨機応変,レース終盤にコース取りが少しうまくなる
745,745,4,勝負根性,80,エアグルーヴ(SRサポート),3,2,所持スキル,中距離直線◯,直線で速度がわずかに上がる＜中距離＞
746,746,4,勝負根性,80,エアグルーヴ(SRサポート),4,2,所持スキル,テンポアップ,レース中盤に前の方だとわずかに好位置を取りやすくなる＜中距離＞
747,747,4,勝負根性,80,エアグルーヴ(SRサポート),5,2,所持スキル,地固め,レース序盤にスキルを多く発動すると加速力がわずかに上がる
748,748,4,勝負根性,80,エアグルーヴ(SRサポート),6,2,所持スキル,ペースキープ,レース中盤に追い抜かれると持久力がわずかに回復する
749,749,4,勝負根性,80,エアグルーヴ(SRサポート),7,2,所持スキル,追込ためらい,レース終盤に作戦・追込のウマ娘をためらわせて速度をわずかに下げる
750,750,4,勝負根性,80,エアグルーヴ(SRサポート),8,2,所持スキル,追込焦り,レース中盤に作戦・追込のウマ娘を焦らせてわずかに疲れやすくする
751,751,4,勝負根性,81,ユキノビジン(SRサポート),1,1,育成イベント,コーナー加速◯,華麗なコーナーワークで加速力がわずかに上がる
752,752,4,勝負根性,81,ユキノビジン(SRサポート),2,2,所持スキル,食い下がり,最終コーナーで追い抜かれるとわずかに差し返しやすくなる＜中距離＞
753,753,4,勝負根性,81,ユキノビジン(SRサポート),3,2,所持スキル,中距離コーナー◯,コーナーで速度がわずかに上がる＜中距離＞
754,754,4,勝負根性,81,ユキノビジン(SRサポート),4,2,所持スキル,冬ウマ娘◯,冬のレースが少し得意になる
755,755,4,勝負根性,81,ユキノビジン(SRサポート),5,2,所持スキル,中山レース場◯,中山レース場が少し得意になる
756,756,4,勝負根性,82,メイショウドトウ(SRサポート),1,1,育成イベント,抜け出し準備,最終コーナーでわずかに抜け出しやすくなる＜作戦・先行＞
757,757,4,勝負根性,82,メイショウドトウ(SRサポート),2,1,育成イベント,先行コーナー◯,コーナーで速度がわずかに上がる＜作戦・先行＞
758,758,4,勝負根性,82,メイショウドトウ(SRサポート),3,2,所持スキル,差し直線◯,直線で速度がわずかに上がる＜作戦・差し＞
759,759,4,勝負根性,82,メイショウドトウ(SRサポート),4,2,所持スキル,ホークアイ,レース序盤に観察力が高まり視野を少し広く持てる＜中距離＞
760,760,4,勝負根性,82,メイショウドトウ(SRサポート),5,2,所持スキル,ふり絞り,レース終盤にスキルを多く発動すると持久力がわずかに回復する
761,761,4,勝負根性,82,メイショウドトウ(SRサポート),6,2,所持スキル,伏兵◯,4番人気以下のレースで能力を少し発揮しやすい
762,762,4,勝負根性,82,メイショウドトウ(SRサポート),7,2,所持スキル,非根幹距離◯,非根幹距離（400mの倍数以外）が少し得意になる
763,763,4,勝負根性,82,メイショウドトウ(SRサポート),8,2,所持スキル,良バ場◯,「良」のバ場状態が少し得意になる
764,764,4,勝負根性,82,メイショウドトウ(SRサポート),9,2,所持スキル,内枠得意◯,枠番が1〜3のレースが少し得意になる
765,765,4,勝負根性,83,ナイスネイチャ(SRサポート),1,1,育成イベント,ペースアップ,レース中盤に追い抜くと速度がわずかに上がる
766,766,4,勝負根性,83,ナイスネイチャ(SRサポート),2,1,育成イベント,別腹タンク,力を出し切った時に走る気力がわずかに復活する＜長距離＞
767,767,4,勝負根性,83,ナイスネイチャ(SRサポート),3,2,所持スキル,コーナー加速◯,華麗なコーナーワークで加速力がわずかに上がる
768,768,4,勝負根性,83,ナイスネイチャ(SRサポート),4,2,所持スキル,臨機応変,レース終盤にコース取りが少しうまくなる
769,769,4,勝負根性,83,ナイスネイチャ(SRサポート),5,2,所持スキル,隠れ蓑,レース序盤に前が詰まった時に隠れて持久力がわずかに回復する
770,770,4,勝負根性,83,ナイスネイチャ(SRサポート),6,2,所持スキル,小休憩,レース終盤に持久力がわずかに回復する＜作戦・差し＞
771,771,4,勝負根性,83,ナイスネイチャ(SRサポート),7,2,所持スキル,差しためらい,レース終盤に作戦・差しのウマ娘をためらわせて速度をわずかに下げる
772,772,4,勝負根性,83,ナイスネイチャ(SRサポート),8,2,所持スキル,ささやき,レース中盤にすぐ前のウマ娘をわずかに戸惑わせる＜中距離＞
773,773,4,勝負根性,83,ナイスネイチャ(SRサポート),9,2,所持スキル,鋭い眼光,レース終盤に他のウマ娘がわずかに動揺する＜作戦・差し＞
774,774,4,勝負根性,83,ナイスネイチャ(SRサポート),10,2,所持スキル,小倉レース場◯,小倉レース場が少し得意になる
775,775,4,勝負根性,84,シーキングザパール(SRサポート),1,1,育成イベント,ウマ好み,近くにウマ娘がたくさんいると速度がわずかに上がる
776,776,4,勝負根性,84,シーキングザパール(SRサポート),2,1,育成イベント,ギアシフト,レース中盤に前の方にいるとわずかに抜かしやすくなる＜マイル＞
777,777,4,勝負根性,84,シーキングザパール(SRサポート),3,1,育成イベント,ラッキーセブン,枠番が7の時に少し良いことが起きる場合がある
778,778,4,勝負根性,84,シーキングザパール(SRサポート),4,2,所持スキル,短距離直線◯,直線で速度がわずかに上がる＜短距離＞
779,779,4,勝負根性,84,シーキングザパール(SRサポート),5,2,所持スキル,負けん気,追い抜きがわずかに成功しやすくなる＜マイル＞
780,780,4,勝負根性,84,シーキングザパール(SRサポート),6,2,所持スキル,スプリントギア,直線で加速力がわずかに上がる＜短距離＞
781,781,4,勝負根性,84,シーキングザパール(SRサポート),7,2,所持スキル,ペースキープ,レース中盤に追い抜かれると持久力がわずかに回復する
782,782,4,勝負根性,84,シーキングザパール(SRサポート),8,2,所持スキル,展開窺い,レース序盤に後ろの方だとわずかに疲れにくくなる＜マイル＞
783,783,4,勝負根性,84,シーキングザパール(SRサポート),9,2,所持スキル,良バ場◯,「良」のバ場状態が少し得意になる
784,784,4,勝負根性,85,シリウスシンボリ(SRサポート),1,1,育成イベント,巧みなステップ,コース取りがわずかにスムーズになる＜作戦・先行＞
785,785,4,勝負根性,85,シリウスシンボリ(SRサポート),2,1,育成イベント,かく乱,レース終盤に前の方にいると後方の視野がわずかに狭くなる＜作戦・先行＞
786,786,4,勝負根性,85,シリウスシンボリ(SRサポート),3,2,所持スキル,中距離コーナー◯,コーナーで速度がわずかに上がる＜中距離＞
787,787,4,勝負根性,85,シリウスシンボリ(SRサポート),4,2,所持スキル,抜け出し準備,最終コーナーでわずかに抜け出しやすくなる＜作戦・先行＞
788,788,4,勝負根性,85,シリウスシンボリ(SRサポート),5,2,所持スキル,一匹狼,自分だけが一匹狼の心を持つレースで少し能力が上がる
789,789,4,勝負根性,85,シリウスシンボリ(SRサポート),6,2,所持スキル,道悪◯,「稍重」「重」「不良」のバ場状態が 少し得意になる
790,790,4,勝負根性,86,タマモクロス(SRサポート),1,1,育成イベント,先行コーナー◯,コーナーで速度がわずかに上がる＜作戦・先行＞
791,791,4,勝負根性,86,タマモクロス(SRサポート),2,1,育成イベント,差しコーナー◯,コーナーで速度がわずかに上がる＜作戦・差し＞
792,792,4,勝負根性,86,タマモクロス(SRサポート),3,1,育成イベント,ウマ込み冷静,レース中盤に囲まれると持久力がわずかに回復する
794,794,4,勝負根性,86,タマモクロス(SRサポート),4,2,所持スキル,中距離コーナー◯,コーナーで速度がわずかに上がる＜中距離＞
795,795,4,勝負根性,86,タマモクロス(SRサポート),5,2,所持スキル,十万バリキ,上り坂で速度がわずかに上がる＜作戦・差し＞
796,796,4,勝負根性,86,タマモクロス(SRサポート),6,2,所持スキル,イナズマステップ,レース中盤に後ろの方にいると少し囲まれにくくなる＜中距離＞
797,797,4,勝負根性,86,タマモクロス(SRサポート),7,2,所持スキル,前途洋々,レース中盤に先頭だとわずかに疲れにくくなる＜中距離＞
798,798,4,勝負根性,86,タマモクロス(SRサポート),8,2,所持スキル,軽やかステップ,左右に動いてもわずかに疲れにくくなる＜中距離＞
799,799,4,勝負根性,86,タマモクロス(SRサポート),9,2,所持スキル,差し焦り,レース中盤に作戦・差しのウマ娘を焦らせてわずかに疲れやすくする
800,800,4,勝負根性,86,タマモクロス(SRサポート),10,2,所持スキル,差し駆け引き,作戦が差しのウマ娘が掛かると落ち着くまで時間がかかる
801,801,5,賢さ,87,ファインモーション(SSRサポート),1,1,育成イベント,スピードスター,最終コーナーで抜け出しやすくなる＜作戦・先行＞
802,802,5,賢さ,87,ファインモーション(SSRサポート),2,1,育成イベント,コーナー巧者◯,コーナーが得意になり速度がわずかに上がる
803,803,5,賢さ,87,ファインモーション(SSRサポート),3,1,育成イベント,抜け出し準備,最終コーナーでわずかに抜け出しやすくなる＜作戦・先行＞
804,804,5,賢さ,87,ファインモーション(SSRサポート),4,2,所持スキル,直線加速,直線で加速力がわずかに上がる
805,805,5,賢さ,87,ファインモーション(SSRサポート),5,2,所持スキル,垂れウマ回避,ラストスパートで前が塞がれた時の立ち回りがわずかにうまくなる
806,806,5,賢さ,87,ファインモーション(SSRサポート),6,2,所持スキル,右回り◯,右回りコースが少し得意になる
807,807,5,賢さ,87,ファインモーション(SSRサポート),7,2,所持スキル,秋ウマ娘◯,秋のレースが少し得意になる
808,808,5,賢さ,87,ファインモーション(SSRサポート),7,2,所持スキル,外枠得意◯,枠番が6〜8のレースが少し得意になる
809,809,5,賢さ,88,エアシャカール(SSRサポート),1,1,育成イベント,勝利への執念,最終コーナーで追い抜かれると差し返しやすくなる＜中距離＞
810,810,5,賢さ,88,エアシャカール(SSRサポート),2,1,育成イベント,ペースキープ,レース中盤に追い抜かれると持久力がわずかに回復する
811,811,5,賢さ,88,エアシャカール(SSRサポート),3,2,所持スキル,追い上げ,レース終盤で追い抜くと速度がわずかに上がる＜長距離＞
812,812,5,賢さ,88,エアシャカール(SSRサポート),4,2,所持スキル,策士,レース終盤に後ろの方にいると視野がわずかに広くなる＜作戦・追込＞
813,813,5,賢さ,88,エアシャカール(SSRサポート),5,2,所持スキル,冷静,前が詰まった時に落ち着いて態勢をわずかに立て直す＜作戦・追込＞
814,814,5,賢さ,90,メジロドーベル(SSRサポート),1,1,育成イベント,ノンストップガール,ラストスパートで前が塞がれた時の立ち回りがうまくなる
815,815,5,賢さ,90,メジロドーベル(SSRサポート),2,1,育成イベント,コーナー加速◯,華麗なコーナーワークで加速力がわずかに上がる
816,816,5,賢さ,90,メジロドーベル(SSRサポート),3,2,所持スキル,食い下がり,最終コーナーで追い抜かれるとわずかに差し返しやすくなる＜中距離＞
817,817,5,賢さ,90,メジロドーベル(SSRサポート),4,2,所持スキル,中距離コーナー◯,コーナーで速度がわずかに上がる＜中距離＞
818,818,5,賢さ,90,メジロドーベル(SSRサポート),5,2,所持スキル,冬ウマ娘◯,冬のレースが少し得意になる
819,819,5,賢さ,90,メジロドーベル(SSRサポート),6,2,所持スキル,中山レース場◯,中山レース場が少し得意
820,820,5,賢さ,91,セイウンスカイ(SSR賢さ),1,1,育成イベント,先陣の心得,レース中盤に大きく差をつけ先頭だとリードを保ちやすい＜長距離＞
821,821,5,賢さ,91,セイウンスカイ(SSR賢さ),2,1,育成イベント,リードキープ,レース中盤に大きく差をつけ先頭だとリードをわずかに保ちやすい＜長距離＞
822,822,5,賢さ,91,セイウンスカイ(SSR賢さ),3,1,育成イベント,先行駆け引き,作戦が先行のウマ娘が掛かると落ち着くまで時間がかかる
823,823,5,賢さ,91,セイウンスカイ(SSR賢さ),4,2,所持スキル,尻尾上がり,レース中盤にスキルを多く発動すると速度がわずかに上がる
824,824,5,賢さ,91,セイウンスカイ(SSR賢さ),5,2,所持スキル,先行ためらい,レース終盤に作戦・先行のウマ娘をためらわせて速度をわずかに下げる
825,825,5,賢さ,91,セイウンスカイ(SSR賢さ),6,2,所持スキル,トリック（前）,レース中盤に前の方にいると後ろの掛かったウマ娘がわずかに疲れる
826,826,5,賢さ,91,セイウンスカイ(SSR賢さ),7,2,所持スキル,差し駆け引き,作戦が差しのウマ娘が掛かると落ち着くまで時間がかかる
827,827,5,賢さ,91,セイウンスカイ(SSR賢さ),8,2,所持スキル,伏兵◯,4番人気以下のレースで能力を少し発揮しやすい
828,828,5,賢さ,91,セイウンスカイ(SSR賢さ),9,2,所持スキル,内枠得意◯,枠番が1〜3のレースが少し得意になる
829,829,5,賢さ,92,ビワハヤヒデ(BD特典),1,1,育成イベント,クールダウン,直線に入ると息を入れて疲れにくくなる＜長距離＞
830,830,5,賢さ,92,ビワハヤヒデ(BD特典),2,1,育成イベント,内弁慶,最終コーナーで内ラチ側にいると速度がわずかに上がる＜長距離＞
831,831,5,賢さ,92,ビワハヤヒデ(BD特典),3,1,育成イベント,コーナー回復◯,無駄のないコーナリングで持久力がわずかに回復する
832,832,5,賢さ,92,ビワハヤヒデ(BD特典),4,2,所持スキル,追込駆け引き,作戦が追込のウマ娘が掛かると落ち着くまで時間がかかる
833,833,5,賢さ,92,ビワハヤヒデ(BD特典),5,2,所持スキル,外枠得意◯,枠番が6〜8のレースが少し得意になる
834,834,5,賢さ,92,ビワハヤヒデ(BD特典),6,2,所持スキル,阪神レース場◯,阪神レース場が少し得意になる
835,835,5,賢さ,92,ビワハヤヒデ(BD特典),7,2,所持スキル,道悪◯,「稍重」「重」「不良」のバ場状態が 少し得意になる
836,836,5,賢さ,92,ビワハヤヒデ(BD特典),8,2,所持スキル,曇りの日◯,曇りの日のレースが少し得意になる
837,837,5,賢さ,93,ナイスネイチャ(SSRサポート),1,1,育成イベント,乗り換え上手,レース終盤で加速力が上がる＜作戦・差し＞
838,838,5,賢さ,93,ナイスネイチャ(SSRサポート),2,1,育成イベント,ペースアップ,レース中盤に追い抜くと速度がわずかに上がる
839,839,5,賢さ,93,ナイスネイチャ(SSRサポート),3,2,所持スキル,コーナー加速◯,華麗なコーナーワークで加速力がわずかに上がる
840,840,5,賢さ,93,ナイスネイチャ(SSRサポート),4,2,所持スキル,臨機応変,レース終盤にコース取りが少しうまくなる
841,841,5,賢さ,93,ナイスネイチャ(SSRサポート),5,2,所持スキル,隠れ蓑,レース序盤に前が詰まった時に隠れて持久力がわずかに回復する
842,842,5,賢さ,93,ナイスネイチャ(SSRサポート),6,2,所持スキル,小休憩,レース終盤に持久力がわずかに回復する＜作戦・差し＞
843,843,5,賢さ,93,ナイスネイチャ(SSRサポート),7,2,所持スキル,差しためらい,レース終盤に作戦・差しのウマ娘をためらわせて速度をわずかに下げる
844,844,5,賢さ,93,ナイスネイチャ(SSRサポート),8,2,所持スキル,ささやき,レース中盤にすぐ前のウマ娘をわずかに戸惑わせる＜中距離＞
845,845,5,賢さ,93,ナイスネイチャ(SSRサポート),9,2,所持スキル,鋭い眼光,レース終盤に他のウマ娘がわずかに動揺する＜作戦・差し＞
846,846,5,賢さ,93,ナイスネイチャ(SSRサポート),10,2,所持スキル,小倉レース場◯,小倉レース場が少し得意になる
847,847,5,賢さ,94,ミホノブルボン(イベント配布報酬),1,1,育成イベント,先手必勝,レース序盤で前に行きやすくなる＜作戦・逃げ＞
848,848,5,賢さ,94,ミホノブルボン(イベント配布報酬),2,1,育成イベント,集中力,スタートが得意になり出遅れる時間がわずかに少なくなる
849,849,5,賢さ,94,ミホノブルボン(イベント配布報酬),3,1,育成イベント,勢い任せ,上り坂でわずかに疲れにくくなる＜作戦・逃げ＞
850,850,5,賢さ,94,ミホノブルボン(イベント配布報酬),4,2,所持スキル,逃げ直線◯,直線で速度がわずかに上がる＜作戦・逃げ＞
851,851,5,賢さ,94,ミホノブルボン(イベント配布報酬),5,2,所持スキル,逃げコーナー◯,コーナーで速度がわずかに上がる＜作戦・逃げ＞
852,852,5,賢さ,94,ミホノブルボン(イベント配布報酬),6,2,所持スキル,先駆け,レース序盤でわずかに前に行きやすくなる＜作戦・逃げ＞
853,853,5,賢さ,94,ミホノブルボン(イベント配布報酬),7,2,所持スキル,雪の日◯,雪の日のレースが少し得意になる
854,854,5,賢さ,95,カレンチャン(SSRサポート),1,1,育成イベント,準備万全！,レース中盤でゴールに向けて準備を整える＜短距離＞
855,855,5,賢さ,95,カレンチャン(SSRサポート),2,1,育成イベント,遊びはおしまいっ！,すぐ後ろにウマ娘が長くいると速度がわずかに上がる
856,856,5,賢さ,95,カレンチャン(SSRサポート),3,1,育成イベント,仕掛け準備,レース中盤でゴールに向けて準備を少し整える＜短距離＞
857,857,5,賢さ,95,カレンチャン(SSRサポート),4,1,育成イベント,後方釘付,レース序盤に前の方にいると後方のウマ娘が少し萎縮する＜短距離＞
858,858,5,賢さ,95,カレンチャン(SSRサポート),5,1,育成イベント,抜け駆け禁止,レース序盤に後ろの方にいると前方のウマ娘がわずかに焦る＜短距離＞
859,859,5,賢さ,95,カレンチャン(SSRサポート),6,2,所持スキル,短距離直線◯,直線で速度がわずかに上がる＜短距離＞
860,860,5,賢さ,95,カレンチャン(SSRサポート),7,2,所持スキル,スプリントギア,直線で加速力がわずかに上がる＜短距離＞
861,861,5,賢さ,95,カレンチャン(SSRサポート),8,2,所持スキル,仕掛け準備,レース中盤でゴールに向けて準備を少し整える＜短距離＞
862,862,5,賢さ,95,カレンチャン(SSRサポート),9,2,所持スキル,差しためらい,レース終盤に作戦・差しのウマ娘をためらわせて速度をわずかに下げる
863,863,5,賢さ,95,カレンチャン(SSRサポート),10,2,所持スキル,かく乱,レース終盤に前の方にいると後方の視野がわずかに狭くなる＜作戦・先行＞
864,864,5,賢さ,96,ナリタタイシン(SSRサポート),1,1,育成イベント,眠れる獅子,レース中盤に脚を溜めて疲れにくくなる＜作戦・追込＞
865,865,5,賢さ,96,ナリタタイシン(SSRサポート),2,1,育成イベント,追い上げ,レース終盤で追い抜くと速度がわずかに上がる＜長距離＞
866,866,5,賢さ,96,ナリタタイシン(SSRサポート),3,1,育成イベント,軽やかステップ,左右に動いてもわずかに疲れにくくなる＜中距離＞
867,867,5,賢さ,96,ナリタタイシン(SSRサポート),4,1,育成イベント,パス上手,追い抜く気持ちが湧きわずかに疲れにくくなる＜長距離＞
868,868,5,賢さ,96,ナリタタイシン(SSRサポート),5,1,育成イベント,後方待機,レース中盤に脚を溜めてわずかに疲れにくくなる＜作戦・追込＞
869,869,5,賢さ,96,ナリタタイシン(SSRサポート),6,2,所持スキル,仕掛け抜群,レース終盤に追込態勢に入り位置をわずかに上げる＜作戦・追込＞
870,870,5,賢さ,96,ナリタタイシン(SSRサポート),7,2,所持スキル,追込コーナー◯,コーナーで速度がわずかに上がる＜作戦・追込＞
871,871,5,賢さ,96,ナリタタイシン(SSRサポート),8,2,所持スキル,隠れ蓑,レース序盤に前が詰まった時に隠れて持久力がわずかに回復する
872,872,5,賢さ,96,ナリタタイシン(SSRサポート),9,2,所持スキル,ウマ込み冷静,レース中盤に囲まれると持久力がわずかに回復する
873,873,5,賢さ,96,ナリタタイシン(SSRサポート),10,2,所持スキル,後方待機,レース中盤に脚を溜めてわずかに疲れにくくなる＜作戦・追込＞
874,874,5,賢さ,96,ナリタタイシン(SSRサポート),11,2,所持スキル,まなざし,レース終盤に目を付けたウマ娘の緊張感がわずかに増す＜作戦・追込＞
875,875,5,賢さ,96,ナリタタイシン(SSRサポート),12,2,所持スキル,一匹狼,自分だけが一匹狼の心を持つレースで少し能力が上がる
876,876,5,賢さ,97,ニシノフラワー(SSR賢さ),1,1,育成イベント,決意の直滑降,下り坂が少し得意になる＜作戦・先行＞
877,877,5,賢さ,97,ニシノフラワー(SSR賢さ),2,1,育成イベント,ギアシフト,レース中盤に前の方にいるとわずかに抜かしやすくなる＜マイル＞
878,878,5,賢さ,97,ニシノフラワー(SSR賢さ),3,2,所持スキル,先行コーナー◯,コーナーで速度がわずかに上がる＜作戦・先行＞
879,879,5,賢さ,97,ニシノフラワー(SSR賢さ),4,2,所持スキル,上昇気流,レース終盤に後ろの方だと追い抜く力がわずかに上がる＜マイル＞
880,880,5,賢さ,97,ニシノフラワー(SSR賢さ),5,2,所持スキル,根幹距離◯,根幹距離（400mの倍数）が少し得意になる
881,881,5,賢さ,97,ニシノフラワー(SSR賢さ),6,2,所持スキル,阪神レース場◯,阪神レース場が少し得意になる
882,882,5,賢さ,97,ニシノフラワー(SSR賢さ),7,2,所持スキル,良バ場◯,「良」のバ場状態が少し得意になる
883,883,5,賢さ,98,フジキセキ(SRサポート),1,1,育成イベント,抜け出し準備,最終コーナーでわずかに抜け出しやすくなる＜作戦・先行＞
884,884,5,賢さ,98,フジキセキ(SRサポート),2,1,育成イベント,追込焦り,レース中盤に作戦・追込のウマ娘を焦らせてわずかに疲れやすくする
885,885,5,賢さ,98,フジキセキ(SRサポート),3,2,所持スキル,マイルコーナー◯,コーナーで速度がわずかに上がる＜マイル＞
886,886,5,賢さ,98,フジキセキ(SRサポート),4,2,所持スキル,負けん気,追い抜きがわずかに成功しやすくなる＜マイル＞
887,887,5,賢さ,98,フジキセキ(SRサポート),5,2,所持スキル,トリック（前）,レース中盤に前の方にいると後ろの掛かったウマ娘がわずかに疲れる
888,888,5,賢さ,98,フジキセキ(SRサポート),6,2,所持スキル,夏ウマ娘◯,夏のレースが少し得意になる
889,889,5,賢さ,98,フジキセキ(SRサポート),7,2,所持スキル,曇りの日◯,曇りの日のレースが少し得意になる
890,890,5,賢さ,99,ダイワスカーレット(SRサポート),1,1,育成イベント,まき直し,レース中盤に後ろの方にいると加速力がわずかに上がる＜作戦・先行＞
891,891,5,賢さ,99,ダイワスカーレット(SRサポート),2,1,育成イベント,スタミナキープ,レース序盤でわずかに疲れにくくなる＜作戦・先行＞
892,892,5,賢さ,99,ダイワスカーレット(SRサポート),3,2,所持スキル,ギアシフト,レース中盤に前の方にいるとわずかに抜かしやすくなる＜マイル＞
893,893,5,賢さ,99,ダイワスカーレット(SRサポート),4,2,所持スキル,テンポアップ,レース中盤に前の方だとわずかに好位置を取りやすくなる＜中距離＞
894,894,5,賢さ,99,ダイワスカーレット(SRサポート),5,2,所持スキル,抜け出し準備,最終コーナーでわずかに抜け出しやすくなる＜作戦・先行＞
895,895,5,賢さ,99,ダイワスカーレット(SRサポート),6,2,所持スキル,前途洋々,レース中盤に先頭だとわずかに疲れにくくなる＜中距離＞
896,896,5,賢さ,99,ダイワスカーレット(SRサポート),7,2,所持スキル,好位追走,レース中盤でわずかに疲れにくくなる＜作戦・先行＞
897,897,5,賢さ,99,ダイワスカーレット(SRサポート),8,2,所持スキル,対抗意識◯,自分と同じ作戦のウマ娘が6人以上だと能力を少し発揮しやすい
898,898,5,賢さ,100,アグネスタキオン(SRサポート),1,1,育成イベント,逃げけん制,レース序盤に作戦・逃げのウマ娘をけん制してわずかに疲れやすくする
899,899,5,賢さ,100,アグネスタキオン(SRサポート),2,1,育成イベント,差しのコツ◯,良い位置に少しつきやすくなる＜作戦・差し＞
900,900,5,賢さ,100,アグネスタキオン(SRサポート),3,2,所持スキル,中距離直線◯,直線で速度がわずかに上がる＜中距離＞
901,901,5,賢さ,100,アグネスタキオン(SRサポート),4,2,所持スキル,テンポアップ,レース中盤に前の方だとわずかに好位置を取りやすくなる＜中距離＞
902,902,5,賢さ,100,アグネスタキオン(SRサポート),5,2,所持スキル,中距離コーナー◯,コーナーで速度がわずかに上がる＜中距離＞
903,903,5,賢さ,100,アグネスタキオン(SRサポート),6,2,所持スキル,束縛,レース終盤に後ろの方にいると前の速度をわずかに下げる＜中距離＞
904,904,5,賢さ,101,マーベラスサンデー(SRサポート),1,1,育成イベント,阪神レース場◯,阪神レース場が少し得意になる
905,905,5,賢さ,101,マーベラスサンデー(SRサポート),2,2,所持スキル,直線巧者,直線で速度がわずかに上がる
906,906,5,賢さ,101,マーベラスサンデー(SRサポート),3,2,所持スキル,尻尾上がり,レース中盤にスキルを多く発動すると速度がわずかに上がる
907,907,5,賢さ,101,マーベラスサンデー(SRサポート),4,2,所持スキル,ペースアップ,レース中盤に追い抜くと速度がわずかに上がる
908,908,5,賢さ,101,マーベラスサンデー(SRサポート),5,2,所持スキル,逃げためらい,レース終盤に作戦・逃げのウマ娘をためらわせて速度をわずかに下げる
909,909,5,賢さ,101,マーベラスサンデー(SRサポート),6,2,所持スキル,先行ためらい,レース終盤に作戦・先行のウマ娘をためらわせて速度をわずかに下げる
910,910,5,賢さ,102,マチカネフクキタル(SRサポート),1,1,育成イベント,右回り◯,右回りコースが少し得意になる
911,911,5,賢さ,102,マチカネフクキタル(SRサポート),2,2,所持スキル,差しコーナー◯,コーナーで速度がわずかに上がる＜作戦・差し＞
912,912,5,賢さ,102,マチカネフクキタル(SRサポート),3,2,所持スキル,ウマ込み冷静,レース中盤に囲まれると持久力がわずかに回復する
913,913,5,賢さ,102,マチカネフクキタル(SRサポート),4,2,所持スキル,スリーセブン,残り距離が777mの時にわずかに元気が出る
914,914,5,賢さ,102,マチカネフクキタル(SRサポート),5,2,所持スキル,小休憩,レース終盤に持久力がわずかに回復する＜作戦・差し＞
915,915,5,賢さ,102,マチカネフクキタル(SRサポート),6,2,所持スキル,トリック（後）,レース中盤に後ろの方にいると前の掛かったウマ娘がわずかに疲れる
916,916,5,賢さ,102,マチカネフクキタル(SRサポート),7,2,所持スキル,函館レース場◯,函館レース場が少し得意になる
917,917,5,賢さ,102,マチカネフクキタル(SRサポート),8,2,所持スキル,ラッキーセブン,枠番が7の時に少し良いことが起きる場合がある
918,918,5,賢さ,103,メジロドーベル(SRサポート),1,1,育成イベント,負けん気,追い抜きがわずかに成功しやすくなる＜マイル＞
919,919,5,賢さ,103,メジロドーベル(SRサポート),2,2,所持スキル,負けん気,追い抜きがわずかに成功しやすくなる＜マイル＞
920,920,5,賢さ,103,メジロドーベル(SRサポート),3,2,所持スキル,負けん気,追い抜きがわずかに成功しやすくなる＜マイル＞
921,921,5,賢さ,103,メジロドーベル(SRサポート),4,2,所持スキル,負けん気,追い抜きがわずかに成功しやすくなる＜マイル＞
922,922,5,賢さ,103,メジロドーベル(SRサポート),5,2,所持スキル,負けん気,追い抜きがわずかに成功しやすくなる＜マイル＞
923,923,5,賢さ,103,メジロドーベル(SRサポート),6,2,所持スキル,負けん気,追い抜きがわずかに成功しやすくなる＜マイル＞
924,924,5,賢さ,103,メジロドーベル(SRサポート),7,2,所持スキル,負けん気,追い抜きがわずかに成功しやすくなる＜マイル＞
925,925,5,賢さ,104,イクノディクタス(SRサポート),1,1,育成イベント,トリック（後）,レース中盤に後ろの方にいると前の掛かったウマ娘がわずかに疲れる
926,926,5,賢さ,104,イクノディクタス(SRサポート),2,1,育成イベント,逃げ駆け引き,作戦が逃げのウマ娘が掛かると落ち着くまで時間がかかる
927,927,5,賢さ,104,イクノディクタス(SRサポート),3,1,育成イベント,追込駆け引き,作戦が追込のウマ娘が掛かると落ち着くまで時間がかかる
928,928,5,賢さ,104,イクノディクタス(SRサポート),4,2,所持スキル,ホークアイ,レース序盤に観察力が高まり視野を少し広く持てる＜中距離＞
929,929,5,賢さ,104,イクノディクタス(SRサポート),5,2,所持スキル,読解力,レース中盤に観察力が高まり視野をわずかに広く持てる＜作戦・差し＞
930,930,5,賢さ,104,イクノディクタス(SRサポート),6,2,所持スキル,隠れ蓑,レース序盤に前が詰まった時に隠れて持久力がわずかに回復する
931,931,5,賢さ,104,イクノディクタス(SRサポート),7,2,所持スキル,ウマ込み冷静,レース中盤に囲まれると持久力がわずかに回復する
932,932,5,賢さ,104,イクノディクタス(SRサポート),8,2,所持スキル,鋭い眼光,レース終盤に他のウマ娘がわずかに動揺する＜作戦・差し＞
933,933,5,賢さ,105,ナイスネイチャ(イベント配布報酬),1,1,育成イベント,ペースアップ,レース中盤に追い抜くと速度がわずかに上がる
934,934,5,賢さ,105,ナイスネイチャ(イベント配布報酬),2,1,育成イベント,伏兵◯,4番人気以下のレースで能力を少し発揮しやすい
935,935,5,賢さ,105,ナイスネイチャ(イベント配布報酬),3,2,所持スキル,コーナー加速◯,華麗なコーナーワークで加速力がわずかに上がる
936,936,5,賢さ,105,ナイスネイチャ(イベント配布報酬),4,2,所持スキル,臨機応変,レース終盤にコース取りが少しうまくなる
937,937,5,賢さ,105,ナイスネイチャ(イベント配布報酬),5,2,所持スキル,隠れ蓑,レース序盤に前が詰まった時に隠れて持久力がわずかに回復する
938,938,5,賢さ,105,ナイスネイチャ(イベント配布報酬),6,2,所持スキル,小休憩,レース終盤に持久力がわずかに回復する＜作戦・差し＞
939,939,5,賢さ,105,ナイスネイチャ(イベント配布報酬),7,2,所持スキル,差しためらい,レース終盤に作戦・差しのウマ娘をためらわせて速度をわずかに下げる
940,940,5,賢さ,105,ナイスネイチャ(イベント配布報酬),8,2,所持スキル,ささやき,レース中盤にすぐ前のウマ娘をわずかに戸惑わせる＜中距離＞
941,941,5,賢さ,105,ナイスネイチャ(イベント配布報酬),9,2,所持スキル,鋭い眼光,レース終盤に他のウマ娘がわずかに動揺する＜作戦・差し＞
942,942,5,賢さ,105,ナイスネイチャ(イベント配布報酬),10,2,所持スキル,小倉レース場◯,小倉レース場が少し得意になる
943,943,5,賢さ,106,メジロアルダン(SRサポート),1,1,育成イベント,先行ためらい,レース終盤に作戦・先行のウマ娘をためらわせて速度をわずかに下げる
944,944,5,賢さ,106,メジロアルダン(SRサポート),2,2,所持スキル,先行コーナー◯,コーナーで速度がわずかに上がる＜作戦・先行＞
945,945,5,賢さ,106,メジロアルダン(SRサポート),3,2,所持スキル,軽やかステップ,左右に動いてもわずかに疲れにくくなる＜中距離＞
946,946,5,賢さ,106,メジロアルダン(SRサポート),4,2,所持スキル,好位追走,レース中盤でわずかに疲れにくくなる＜作戦・先行＞
947,947,5,賢さ,106,メジロアルダン(SRサポート),5,2,所持スキル,左回り◯,左回りコースが少し得意になる
948,948,5,賢さ,106,メジロアルダン(SRサポート),6,2,所持スキル,先行のコツ◯,良い位置に少しつきやすくなる＜作戦・先行＞
949,949,6,友人,107,駿川たづな(SSRサポート),1,1,育成イベント,コンセントレーション,スタートが得意になり出遅れる時間が少なくなる
950,950,6,友人,107,駿川たづな(SSRサポート),2,1,育成イベント,尻尾上がり,レース中盤にスキルを多く発動すると速度がわずかに上がる
951,951,6,友人,107,駿川たづな(SSRサポート),3,1,育成イベント,集中力,スタートが得意になり出遅れる時間がわずかに少なくなる
952,952,6,友人,107,駿川たづな(SSRサポート),4,1,育成イベント,展開窺い,レース序盤に後ろの方だとわずかに疲れにくくなる＜マイル＞
953,953,6,友人,108,樫本理子(理事長代理SSR),1,1,育成イベント,一陣の風,直線で加速力が上がる
954,954,6,友人,108,樫本理子(理事長代理SSR),2,1,育成イベント,ペースアップ,レース中盤に追い抜くと速度がわずかに上がる
955,955,6,友人,108,樫本理子(理事長代理SSR),3,1,育成イベント,シンパシー,シンパシーの心を持つウマ娘が多いレースだと少し能力が上がる
956,956,6,友人,108,樫本理子(理事長代理SSR),4,1,育成イベント,一匹狼,自分だけが一匹狼の心を持つレースで少し能力が上がる
957,957,6,友人,108,樫本理子(理事長代理SSR),5,1,育成イベント,おひとり様◯,自分と同じ作戦のウマ娘がいないと能力を少し発揮しやすい
958,958,6,友人,109,安心沢刺々美(SSRサポート)の評価,1,1,育成イベント,博打うち,レース後半に速度がすごく上がるがすごく疲れてしまうことがある
959,959,6,友人,109,安心沢刺々美(SSRサポート)の評価,2,1,育成イベント,ウマ好み,近くにウマ娘がたくさんいると速度がわずかに上がる
960,960,6,友人,109,安心沢刺々美(SSRサポート)の評価,3,1,育成イベント,あやしげな作戦,レース後半に速度が少し上がるがすごく疲れてしまうことがある
961,961,6,友人,109,安心沢刺々美(SSRサポート)の評価,4,1,育成イベント,空回り,先頭で大きくリードし過ぎると少し疲れてしまいがちになる
962,962,6,友人,109,安心沢刺々美(SSRサポート)の評価,5,1,育成イベント,コーナー回復×,無駄の多いコーナリングで持久力が少し減少する
963,963,6,友人,109,安心沢刺々美(SSRサポート)の評価,6,1,育成イベント,引っ込み思案,自分と同じ作戦のウマ娘が6人以上だと能力を少し発揮しにくい
965,965,6,友人,110,桐生院葵(SRサポート),1,1,育成イベント,ふり絞り,レース終盤にスキルを多く発動すると持久力がわずかに回復する
966,966,6,友人,110,桐生院葵(SRサポート),2,1,育成イベント,追込ためらい,レース終盤に作戦・追込のウマ娘をためらわせて速度をわずかに下げる
967,967,6,友人,110,桐生院葵(SRサポート),3,1,育成イベント,逃げけん制,レース序盤に作戦・逃げのウマ娘をけん制してわずかに疲れやすくする
968,968,6,友人,110,桐生院葵(SRサポート),4,1,育成イベント,おひとり様◯,自分と同じ作戦のウマ娘がいないと能力を少し発揮しやすい
970,970,6,友人,111,樫本理子(理事長代理R),1,1,育成イベント,ペースアップ,レース中盤に追い抜くと速度がわずかに上がる
971,971,6,友人,111,樫本理子(理事長代理R),2,1,育成イベント,シンパシー,シンパシーの心を持つウマ娘が多いレースだと少し能力が上がる
972,972,6,友人,111,樫本理子(理事長代理R),3,1,育成イベント,一匹狼,自分だけが一匹狼の心を持つレースで少し能力が上がる
973,973,6,友人,111,樫本理子(理事長代理R),4,1,育成イベント,おひとり様◯,自分と同じ作戦のウマ娘がいないと能力を少し発揮しやすい
